{"type":"FeatureCollection","name":"lisbon-freguesias","source":"CML Base_Freguesias + GreenRah NOME map (COD_SIG 101–124)","generatedAt":"2026-07-30T20:53:00.730Z","features":[{"type":"Feature","properties":{"COD_SIG":"108","NOME":"Belém"},"geometry":{"type":"Polygon","coordinates":[[[-9.19338144207394,38.7005874191021],[-9.19336614556126,38.7005702780166],[-9.19265811860713,38.6997739316086],[-9.19252878815568,38.6996253057042],[-9.19204729834992,38.699020477667],[-9.19117892840581,38.6979344447728],[-9.19033194285701,38.6980551623367],[-9.18924146625551,38.6982595050149],[-9.18898381775393,38.698318402829],[-9.18895712521358,38.698324498798],[-9.18807259637415,38.698526787924],[-9.18806116621045,38.6984921212665],[-9.18766807062865,38.6972903422983],[-9.18753100208933,38.6968333546135],[-9.18749663299573,38.6967200081556],[-9.18749695414344,38.69671994751],[-9.18762549856903,38.6966957692087],[-9.19022145187371,38.6962074486431],[-9.19022182108129,38.6962073799343],[-9.19022988346097,38.6962349742062],[-9.19022993196998,38.6962351389669],[-9.19162868971572,38.6959795406403],[-9.19222265667992,38.6958709986089],[-9.19351516528713,38.6956347911332],[-9.19351559378351,38.6956347126083],[-9.1935155048503,38.6956344153353],[-9.19350164474378,38.6955880056904],[-9.19349817095857,38.695576373477],[-9.19347843137852,38.6955102757426],[-9.19347875117875,38.6955102098377],[-9.1934789128755,38.6955101768852],[-9.19356577367527,38.6954925052397],[-9.19359415145512,38.6954867315431],[-9.19360523397077,38.6955279971629],[-9.19360531751407,38.6955283091597],[-9.19357402470115,38.695534631126],[-9.19357371208746,38.6955346942264],[-9.19358421069817,38.6955729695591],[-9.19359673411154,38.6956186304225],[-9.19359705121685,38.6956197858608],[-9.19362791822831,38.6956143353887],[-9.19490354120311,38.6953890231374],[-9.19490404964957,38.6953889326932],[-9.19490402449675,38.6953886220981],[-9.1948995311237,38.6953334328907],[-9.19489111301117,38.6952300466116],[-9.19489108336676,38.695229678524],[-9.19488498021272,38.6951547162089],[-9.19488488588962,38.6951535537518],[-9.19488513831621,38.6951535306148],[-9.19489099173859,38.6951529570986],[-9.19491497855332,38.6951506118519],[-9.1949153585407,38.6951505746926],[-9.19492338947931,38.695250944171],[-9.1949295537188,38.6953279662711],[-9.19493400487105,38.6953836070025],[-9.1949419316051,38.6953823155435],[-9.19495398160633,38.6953803517124],[-9.19495455293485,38.6953802584638],[-9.19495453137529,38.695379944363],[-9.19495050063462,38.695324151486],[-9.19494462834759,38.6952428364291],[-9.19493762687828,38.6951458764866],[-9.19493740409606,38.6951427894545],[-9.19493766101423,38.6951427817422],[-9.19495417115086,38.6951422699245],[-9.19500218610278,38.6951407828486],[-9.19500244212265,38.6951407751362],[-9.19501557998367,38.6953122990785],[-9.19501932056852,38.6953611382764],[-9.19501937895903,38.6953619003917],[-9.19501941489161,38.6953623652329],[-9.19530653801599,38.6953112516074],[-9.19537434015868,38.695299181851],[-9.1953742521238,38.6952988831745],[-9.19536206108709,38.6952570565272],[-9.19535543241861,38.6952504043093],[-9.19533069820556,38.6952255797803],[-9.1953141377633,38.6951535186958],[-9.19531079423381,38.6951389725562],[-9.19531109067785,38.695138895433],[-9.19531138263034,38.695138819712],[-9.19531973696248,38.6951366651695],[-9.19531972258942,38.6951363735035],[-9.19531963814779,38.695134638932],[-9.19531952765502,38.6951326133956],[-9.19531977738665,38.6951325671216],[-9.19545919861369,38.6951066866643],[-9.1954853063508,38.695101840519],[-9.19548789260051,38.6951013609525],[-9.19549797169798,38.6951477029045],[-9.19549804266489,38.695148032431],[-9.19550707702169,38.6951483198903],[-9.19551962289296,38.6951487174254],[-9.19552948729312,38.6951896593229],[-9.1955276358653,38.6951971739236],[-9.19552761969562,38.6951972398289],[-9.1955219297666,38.6952203368095],[-9.19552017356025,38.6952274685958],[-9.19552700884122,38.6952531814421],[-9.19553289280635,38.6952753213774],[-9.19553329614991,38.6952768378975],[-9.19603436204235,38.6951876590283],[-9.19657595363218,38.6950912655165],[-9.19657589973329,38.6950910804207],[-9.19657586649559,38.6950909668391],[-9.1965559939649,38.6950221356852],[-9.19655591401483,38.6950218552366],[-9.19653289199075,38.6949421194643],[-9.19649180304965,38.6949058679347],[-9.19647785221329,38.694860330014],[-9.19647817470845,38.6948602634074],[-9.19648032886852,38.6948598497448],[-9.19648061273613,38.694859793655],[-9.1965603903199,38.6948444481754],[-9.19658857496193,38.6948390263902],[-9.19658893608467,38.694838956979],[-9.1965971898055,38.6948692041266],[-9.19660165083922,38.6948855550109],[-9.19658947507386,38.6949349568001],[-9.19661185659914,38.69501111616],[-9.19663199143791,38.6950796381302],[-9.19663235166235,38.695080861586],[-9.19762544639546,38.6949025404073],[-9.19765368403812,38.694897469889],[-9.19765375141177,38.6948974579699],[-9.19768228729507,38.6948923334648],[-9.19768221363324,38.694892031982],[-9.19767480522708,38.6948678292247],[-9.19767033880348,38.694853237454],[-9.19766771392623,38.6948446585122],[-9.19766803552309,38.694844600319],[-9.19777759944504,38.6948248861371],[-9.19778920747513,38.6948227960885],[-9.19780159524291,38.6948205679186],[-9.19780191504314,38.6948205104265],[-9.1978022887423,38.6948204445209],[-9.19780324634641,38.6948202734468],[-9.19780446266531,38.6948200518918],[-9.19780476449923,38.6948199972042],[-9.19780621977,38.694819751811],[-9.19780897759792,38.6948293018114],[-9.19780901532717,38.6948293999687],[-9.19780903688673,38.6948294953214],[-9.19780972140298,38.6948318531989],[-9.19781376472005,38.6948458034463],[-9.1978179275131,38.6948601680547],[-9.19781950405641,38.6948656108719],[-9.19782013557207,38.6948677885595],[-9.19801703460424,38.6948312039587],[-9.19840842608194,38.6947584834205],[-9.19840833265718,38.6947581882473],[-9.19839698064692,38.6947221189168],[-9.19839344308132,38.6947108791923],[-9.19839355177747,38.6947108602619],[-9.19839376827147,38.694710820999],[-9.19847779937809,38.6946959620678],[-9.19848200349361,38.6946952188758],[-9.19850600917294,38.6946909735664],[-9.19853449205568,38.6946859373882],[-9.19853496636614,38.6946858525522],[-9.19854296766036,38.6947207895851],[-9.19854615937458,38.6947347202227],[-9.19854639742811,38.6947357599899],[-9.19854660044739,38.6947357242325],[-9.19891450187873,38.6946720256715],[-9.19914013711854,38.6946329589876],[-9.19914005627017,38.6946326673195],[-9.19912324699455,38.694572231005],[-9.19912356230323,38.6945721742137],[-9.19918451479189,38.6945612822241],[-9.19922970454224,38.6945532073569],[-9.19925834642676,38.6945480898384],[-9.19927136301524,38.6945934491709],[-9.19927172952789,38.6945947259205],[-9.19928736829866,38.6945918898676],[-9.1992919371302,38.6945910625394],[-9.19933845638719,38.6945826237914],[-9.19954166698256,38.694545772617],[-9.19971855244853,38.6945136939907],[-9.1998862948615,38.6944832742156],[-9.20041665840864,38.6943870900929],[-9.20180056430777,38.6941360880813],[-9.20204093191825,38.6940924911008],[-9.20217606548646,38.6940675357596],[-9.20264905902623,38.6939801867385],[-9.20275155141027,38.6939612596892],[-9.20353971257931,38.6938157024851],[-9.20357720107274,38.6938146381649],[-9.20357728371774,38.6938146486819],[-9.20358282003486,38.6938153841706],[-9.20358290806974,38.6938153953887],[-9.20360029316543,38.6938177056226],[-9.20361050162031,38.6938213080447],[-9.20361059504511,38.6938213409979],[-9.20362148442299,38.6938251860119],[-9.20363573709328,38.6938323908552],[-9.20363583411133,38.6938324392333],[-9.20365419028585,38.6938417215328],[-9.20366413912764,38.6938487258504],[-9.20368369545135,38.6938624932939],[-9.20370847278352,38.693883794404],[-9.203719580452,38.6939232583379],[-9.20371962716442,38.6939234259085],[-9.20371982569208,38.6939294998159],[-9.20372115070713,38.6939700357549],[-9.20372018052663,38.6939775133237],[-9.2037187450188,38.6939885736738],[-9.20371873873059,38.6939886318678],[-9.20370337214934,38.6940088805422],[-9.20369618113551,38.694018356331],[-9.20369233904102,38.6940234184981],[-9.20368729140743,38.6940277528907],[-9.20368339631238,38.6940310951826],[-9.20367352292908,38.6940395711556],[-9.20367311150068,38.6940397976209],[-9.20364973104879,38.694052715257],[-9.2036180061462,38.6940607053439],[-9.20360607921417,38.694063708287],[-9.20352573030192,38.6940839422165],[-9.20352545362081,38.6940840123295],[-9.20352551740117,38.6940844238932],[-9.20352838033199,38.6941027780863],[-9.2035284270444,38.6941030816758],[-9.20352799405644,38.6941031616046],[-9.2033388744346,38.6941381381855],[-9.20333093422582,38.6941190961927],[-9.20333074917285,38.6941191298469],[-9.20297521754298,38.6941824166361],[-9.20297514028786,38.6941824313598],[-9.20297483216573,38.6941824853468],[-9.20297855208931,38.6941970386922],[-9.20298028404118,38.6942038080967],[-9.20298036039796,38.6942041074789],[-9.20325317964809,38.694155359339],[-9.20325402316613,38.6941552071939],[-9.20330102751339,38.69414680906],[-9.20330104458137,38.6941468595413],[-9.20330179377631,38.6941493008757],[-9.20330471689423,38.694158815208],[-9.20330480762408,38.6941591138893],[-9.20330463874082,38.6941591440379],[-9.20321284798677,38.6941751676569],[-9.20308887598597,38.6941968080206],[-9.20308854899923,38.6941968655132],[-9.20309934135906,38.6942307090236],[-9.20309937729164,38.6942308162964],[-9.20309941232596,38.6942309221669],[-9.20310133382235,38.6942369455668],[-9.20310188269298,38.6942386675398],[-9.20331555057656,38.6942011087485],[-9.20331847728777,38.6942115639895],[-9.20331881864757,38.694212786759],[-9.2033189021909,38.69421308544],[-9.2030637267513,38.6942595029883],[-9.20304726512372,38.6942624982107],[-9.20304713756293,38.6942625241524],[-9.20304702976511,38.6942625402784],[-9.20299984665313,38.6942711270023],[-9.20299953583604,38.6942711985174],[-9.20300870673677,38.69430470475],[-9.20304425846244,38.6944346075967],[-9.20304442015921,38.6944345788505],[-9.20306067697089,38.6944316614605],[-9.2030890116316,38.6944265768863],[-9.20309885626879,38.6944718318279],[-9.20309891915085,38.6944721185887],[-9.20309533487287,38.6944728344391],[-9.20302502463391,38.6944866795876],[-9.20302470303702,38.6944867433901],[-9.20302481981801,38.6944871241019],[-9.20305390367367,38.6945823159973],[-9.20306113780663,38.6946059944095],[-9.203093221137,38.6947110039924],[-9.20311756009132,38.694705873865],[-9.203124676545,38.6947043727575],[-9.20316657576648,38.6946955406919],[-9.2031666539199,38.6946957755687],[-9.20317245883327,38.6947131276982],[-9.2031725540547,38.6947134116536],[-9.20313707958412,38.6947212018462],[-9.20313676517377,38.6947212712575],[-9.20317606017924,38.6948577786276],[-9.20318764844643,38.6948980300859],[-9.20321999857643,38.6950104129351],[-9.20341727220609,38.6949749866605],[-9.20401030941393,38.6948684854756],[-9.20401026000659,38.6948682541051],[-9.20401024383694,38.6948681832917],[-9.20400039830142,38.6948227722503],[-9.20400069474546,38.6948227161605],[-9.20400089237482,38.6948226811043],[-9.2040941599592,38.6948053647586],[-9.20409408270408,38.6948050674822],[-9.20409017143932,38.6947899793032],[-9.20409048135812,38.6947899267189],[-9.20409875933344,38.6947885244717],[-9.2040991330326,38.6947884613706],[-9.20416402104054,38.6947774614408],[-9.2042160586483,38.6947686406023],[-9.20421879671328,38.6947806592662],[-9.20421890001955,38.6947811086865],[-9.20432700238253,38.6947619112153],[-9.20434349634943,38.6948083466367],[-9.20434382513284,38.6948092728208],[-9.2043442689006,38.6948091907894],[-9.20548784042694,38.694600576813],[-9.20557034978748,38.6944826936827],[-9.20541433128726,38.6941458372938],[-9.20524005003731,38.6937932704265],[-9.20519300975744,38.6937764327059],[-9.20519269355046,38.6937763198234],[-9.20424577851117,38.6939497506105],[-9.20421774478608,38.6939482242464],[-9.2041765148095,38.6939411975023],[-9.20414410898394,38.6939280596906],[-9.20413258270052,38.6939233866451],[-9.20412547882327,38.6939189288469],[-9.20412540785633,38.6939188846756],[-9.20409204263007,38.6938979425557],[-9.20408555140381,38.6938883279267],[-9.20408329753076,38.6938849884327],[-9.20407234796577,38.6938436713835],[-9.20407136970044,38.6938387304997],[-9.20407135892064,38.6938386786158],[-9.20406780967697,38.6938207247019],[-9.2040678123719,38.6938108976192],[-9.20406781416852,38.6937979273544],[-9.20407198324979,38.6937875379596],[-9.2040764460801,38.6937764186832],[-9.2040766410145,38.6937761543558],[-9.20408424345677,38.6937658406802],[-9.20410708941109,38.6937348540709],[-9.20414050584132,38.6937135501119],[-9.20416089939492,38.6937053194972],[-9.20521452440849,38.6935167407745],[-9.20826515999424,38.6929706896784],[-9.20927912887961,38.6927757377295],[-9.20950902123554,38.6927339671006],[-9.21141437400432,38.6923877709096],[-9.21141488694233,38.6923877751165],[-9.21143078891948,38.6923878894035],[-9.21145872652484,38.6923922344124],[-9.21146593999657,38.6923943126125],[-9.21147502465901,38.6923969299946],[-9.21150929628545,38.6924111429458],[-9.2115351129684,38.6924281008839],[-9.21154218450631,38.6924351922822],[-9.21155645693953,38.6924495054897],[-9.21156596920006,38.692463078985],[-9.21156641745941,38.6924637247409],[-9.21156649830779,38.6924638397289],[-9.21156676241247,38.6924642246583],[-9.211567815238,38.6924657216059],[-9.21157273890406,38.6924772680841],[-9.21158027756593,38.6924949446813],[-9.21158316115798,38.6925108887425],[-9.21158380704666,38.6925219661468],[-9.21158410528736,38.6925270760977],[-9.21157939182706,38.6925457419992],[-9.21157915916338,38.6925466675114],[-9.21157908550155,38.6925469577857],[-9.21157907292512,38.6925470061647],[-9.21157905585715,38.6925470762793],[-9.21157903968746,38.6925471379801],[-9.21157645972597,38.6925564400784],[-9.21157400283367,38.6925653067641],[-9.21156955257975,38.6925736784402],[-9.21156019033787,38.6925912912094],[-9.21156004211585,38.6925915688629],[-9.21153982283541,38.6926105635845],[-9.21151383367592,38.6926272697643],[-9.21148290827398,38.6926382833465],[-9.21107164516384,38.6927181401802],[-9.21082436232234,38.6927661559035],[-9.2108098383608,38.6927881269318],[-9.21080513118871,38.6927952491447],[-9.21080489583013,38.6927956018197],[-9.21080495242398,38.69279577991],[-9.21096105356921,38.6933034842986],[-9.21096204800423,38.6933067172468],[-9.21107031386061,38.6936588342804],[-9.21107053574446,38.6936589766107],[-9.21108546843944,38.6936685127434],[-9.21111426303757,38.6936869021],[-9.21111449749785,38.693686630761],[-9.21116701570429,38.6936261950494],[-9.21118142108821,38.6936096188129],[-9.2111815791917,38.6936094358166],[-9.21124732149745,38.6936509773642],[-9.21124737539637,38.6936510117199],[-9.2112472541238,38.69365114774],[-9.21117737777111,38.6937297357927],[-9.21117709390346,38.6937300548087],[-9.21117744963631,38.6937303016079],[-9.21121977645588,38.6937596209232],[-9.2124836323988,38.6936366209267],[-9.21248358299146,38.6936363103239],[-9.21248014603717,38.6936146887213],[-9.2124774735492,38.6935978790041],[-9.2124774618711,38.6935978102928],[-9.21247745288793,38.6935977499952],[-9.21247223098121,38.6935649088093],[-9.21247251574715,38.6935648842695],[-9.21250998896921,38.6935617950658],[-9.21251624124361,38.6935612804322],[-9.21251642809317,38.6935612650072],[-9.21252180361183,38.6935938530849],[-9.21252181618826,38.6935939224974],[-9.21252182876465,38.6935939954154],[-9.21252460186396,38.6936107988234],[-9.21252784568044,38.6936304551458],[-9.21252789957937,38.6936307804724],[-9.21293085147646,38.6935932788551],[-9.21300516909993,38.6935863614533],[-9.21300556256202,38.6935863242931],[-9.21302384327806,38.6935671138808],[-9.21303945599768,38.693550705202],[-9.21304472192186,38.693545170436],[-9.21310788246952,38.69347879037],[-9.21310785641837,38.6934787048314],[-9.21279746602981,38.6924254098825],[-9.2127573688288,38.6924058647114],[-9.21275450949124,38.6924044792449],[-9.21212107594339,38.6925212790239],[-9.2120631552688,38.692427088428],[-9.21199799057979,38.6924334015534],[-9.21193497735586,38.6924395050355],[-9.21193477343829,38.6924395246676],[-9.2119331690472,38.6924257260997],[-9.21192908261097,38.6923905572684],[-9.2119322635454,38.6923705528362],[-9.21193362988291,38.6923619616773],[-9.21193675781674,38.6923537098727],[-9.21194205338536,38.6923397521278],[-9.2119422492181,38.6923394884962],[-9.21195418692989,38.692323521259],[-9.21196036284747,38.692315260335],[-9.21199498841009,38.6922866745299],[-9.21204307253229,38.6922710164872],[-9.212598308633,38.6921700475517],[-9.21386170643511,38.691940290369],[-9.21386162289181,38.6919400155176],[-9.21382852536348,38.6918296815207],[-9.21380462119375,38.6917499982824],[-9.21380494279062,38.6917499344774],[-9.21380508831771,38.691749905029],[-9.21381933829307,38.6917470695644],[-9.21385629857711,38.6917397151654],[-9.21386909238337,38.6917371699781],[-9.21386911843452,38.6917372576223],[-9.21389230664697,38.6918172949569],[-9.21392482835518,38.6919295550366],[-9.21395923562721,38.6919231906826],[-9.21415159996383,38.691887614936],[-9.21439626601292,38.6918423604629],[-9.21454849182603,38.6918142035743],[-9.2146825617889,38.6917894058989],[-9.21468252855125,38.6917891752195],[-9.21468251687315,38.6917891008973],[-9.21468175600011,38.6917838836173],[-9.21468003213308,38.6917720733936],[-9.21468001147181,38.6917719275537],[-9.21468028725462,38.691771878473],[-9.21502931328522,38.6917101236757],[-9.21505837558128,38.6917080629846],[-9.21510882137438,38.6917044870999],[-9.21514213449838,38.6917032684945],[-9.21517534431611,38.6917028169514],[-9.21517764400324,38.6917026718126],[-9.21517870491358,38.6917026066052],[-9.21518505869759,38.6917022041429],[-9.21530039609189,38.6916949731424],[-9.21530046795709,38.6916949689355],[-9.21530974485905,38.6916943876788],[-9.21543094825213,38.6916867892728],[-9.21544776651085,38.6916857347371],[-9.21555706363317,38.6916788830593],[-9.21562781135168,38.691674446857],[-9.21571260961955,38.6916867030308],[-9.21575952862685,38.6916934845925],[-9.21575933548907,38.6916943589315],[-9.21575922769122,38.6916948700728],[-9.21575915313106,38.6916952269601],[-9.21575923397944,38.6916952416843],[-9.21579495369009,38.6917019482217],[-9.2157950021991,38.691701557679],[-9.21579779775626,38.6916788178519],[-9.21579782021416,38.691678645368],[-9.21577726316718,38.6916759536373],[-9.21577638281823,38.6916763490882],[-9.21577538209499,38.6916767985281],[-9.21577385226407,38.6916774779464],[-9.21577349563289,38.6916776371084],[-9.21576816502998,38.6916785507122],[-9.21576693343973,38.6916782379975],[-9.21576618154985,38.6916780479847],[-9.21576532545539,38.6916778285235],[-9.21576420705287,38.6916775424526],[-9.21576188041625,38.6916760623162],[-9.21575924026765,38.6916743823508],[-9.21575568024419,38.6916699741944],[-9.21575442439941,38.6916644462943],[-9.21575524905284,38.6916594253285],[-9.21575531912142,38.6916589969232],[-9.21575554549689,38.6916586743922],[-9.2157582557141,38.6916548082271],[-9.21575899323095,38.6916542977868],[-9.21576021583803,38.6916534535969],[-9.21576173219423,38.691652400463],[-9.21576215260581,38.6916521080816],[-9.21576669897945,38.6916498931349],[-9.215766754675,38.6916498643875],[-9.2157668184554,38.6916495909373],[-9.21580874193137,38.6914687174103],[-9.21580838619852,38.6914684131085],[-9.21580722827013,38.6914674237771],[-9.21580714652342,38.6914673459488],[-9.21580630749697,38.6914666230567],[-9.21580574874484,38.6914661420636],[-9.21580306637541,38.6914634909919],[-9.2158013263387,38.6914617689521],[-9.21579983783027,38.6914596164024],[-9.21579747256615,38.6914561926562],[-9.21579696142473,38.6914535415842],[-9.21579643770693,38.6914508246033],[-9.21579756688924,38.6914471098768],[-9.2157983645932,38.6914444833449],[-9.21579853078153,38.6914443438148],[-9.21580206295725,38.6914413695091],[-9.21580324514016,38.6914403759704],[-9.21580333946326,38.6914403458207],[-9.21580936446386,38.6914384092265],[-9.21581208007098,38.6914382129027],[-9.21581236214197,38.6914381925692],[-9.21581536880323,38.6914379752107],[-9.21582212862575,38.6914388586679],[-9.21582346172561,38.6914398423904],[-9.21582623212996,38.6914418918707],[-9.2158266821859,38.691442785144],[-9.21582710888569,38.6914436314398],[-9.21582792545425,38.6914452511112],[-9.21582798564139,38.691445371009],[-9.21586360024915,38.6914308549662],[-9.21589361206448,38.6914186218867],[-9.21589356175881,38.6914183813899],[-9.2158929257516,38.6914153811404],[-9.21589230052415,38.6914124187533],[-9.21589336592607,38.6914061125493],[-9.21589358331837,38.6914058405005],[-9.2158965765049,38.691402091415],[-9.21589672742188,38.6914019028038],[-9.21589771646702,38.6914013692234],[-9.2158991151439,38.6914006161809],[-9.21590086865533,38.691399668918],[-9.21590150466255,38.6913993260523],[-9.21590870735451,38.6913974848143],[-9.21591194757774,38.6913975086537],[-9.21591518959759,38.6913975331942],[-9.21591555251699,38.6913976194365],[-9.21591602323417,38.6913977316215],[-9.21591719553561,38.691398010682],[-9.21592104930819,38.6913989298987],[-9.21592138437981,38.6913992159706],[-9.21592257015598,38.6914002368551],[-9.21592263752963,38.6914002915453],[-9.21592268514034,38.6914003322124],[-9.21592377659342,38.691401255636],[-9.215924111665,38.6914015396045],[-9.21592507735395,38.6914025001894],[-9.21592731146403,38.69140472496],[-9.21592736985454,38.6914047873629],[-9.2159293425549,38.6914086773808],[-9.21592938118247,38.6914087510023],[-9.21592962821917,38.6914099184283],[-9.21592969918608,38.6914102535812],[-9.21593002437619,38.6914117631717],[-9.21597759376376,38.6914182734118],[-9.21600565892988,38.691422114348],[-9.21600587632218,38.691421756057],[-9.21600684201109,38.6914201756499],[-9.21600794963384,38.6914183435275],[-9.21600798017655,38.6914182916419],[-9.2160080466519,38.6914182096066],[-9.21601094731192,38.6914146154773],[-9.2160135129004,38.6914134172005],[-9.21601616293047,38.69141218036],[-9.21601713311097,38.6914119910477],[-9.21601892704661,38.6914116411704],[-9.21602128332759,38.6914111749012],[-9.21602169834925,38.6914110928659],[-9.21602224632158,38.6914111286249],[-9.21602799014952,38.6914114939275],[-9.2160282434744,38.6914116439751],[-9.21603013083484,38.6914127567108],[-9.21603109832038,38.691413321142],[-9.21603195351655,38.6914138182621],[-9.21603227062183,38.6914140033675],[-9.21603513355264,38.6914166740734],[-9.21603518745157,38.6914167238555],[-9.21603642982162,38.6914178835687],[-9.21603646485591,38.6914179459716],[-9.21603733083184,38.6914195502181],[-9.21603892713808,38.691422508398],[-9.216039015173,38.691423009725],[-9.21603927927768,38.6914245172118],[-9.21603964309537,38.6914265358417],[-9.21603910410621,38.6914288833139],[-9.21603866213507,38.6914308065864],[-9.21607974478797,38.6914766895557],[-9.21608420851661,38.6914762253904],[-9.21608830303768,38.6914757997886],[-9.21609143456476,38.6914759161805],[-9.21609457148173,38.6914760297678],[-9.21609539883012,38.6914761854245],[-9.21610113726814,38.691477265906],[-9.21610181549619,38.6914775863344],[-9.21610537731628,38.6914792719136],[-9.21610557584397,38.6914794689385],[-9.21610676701002,38.6914806552945],[-9.21610816748356,38.6914820288592],[-9.21611016443844,38.6914856587441],[-9.216110601918,38.6914872468624],[-9.21611089207383,38.6914882978953],[-9.21611103939752,38.6914888300727],[-9.21611129901065,38.6914908010222],[-9.21611150652148,38.6914923660022],[-9.21611047435721,38.6914953536277],[-9.21611043842459,38.6914954566976],[-9.21611025965987,38.6914956866767],[-9.21610936763279,38.6914968358713],[-9.21610826270499,38.691498259919],[-9.21610807944868,38.6914983889316],[-9.21610189454793,38.6915027690524],[-9.21610063061831,38.691503095791],[-9.21610030452987,38.691503181332],[-9.21609969816706,38.6915033376898],[-9.21609887620858,38.6915035515423],[-9.21609872349498,38.6915035915082],[-9.21604998629755,38.6916988989033],[-9.21605101846182,38.6917132311894],[-9.21619697942413,38.691835273914],[-9.21624136787728,38.691872389417],[-9.21625507167693,38.691883853255],[-9.21625938628523,38.6918874613837],[-9.21626664197778,38.6918841589573],[-9.21627409170645,38.6918807681856],[-9.216390609487,38.691827730914],[-9.21645561337756,38.6917981415642],[-9.21645611014593,38.6917979746897],[-9.21652469472125,38.6917748639833],[-9.21654247417734,38.6917710146522],[-9.21661553236278,38.6917598971659],[-9.21666447617271,38.6917556061073],[-9.21669860317037,38.6917534788079],[-9.21674826742917,38.6917512070709],[-9.21676268449115,38.691750974288],[-9.21679795414583,38.6917504042503],[-9.21682179633179,38.6917510801622],[-9.21684177396541,38.6917516459929],[-9.21688424541371,38.6917542816286],[-9.21688558300515,38.6917543650658],[-9.21688704546246,38.6917544842619],[-9.21695154719478,38.6917597520271],[-9.21695929606245,38.6917606803541],[-9.21701132917866,38.6917669262277],[-9.21701697149692,38.6917676035417],[-9.21701711073581,38.6917676196682],[-9.2170797870915,38.6917783613353],[-9.21712313619386,38.6917872274164],[-9.21718780501284,38.6918004546677],[-9.21721547402191,38.6918077228187],[-9.21723268125118,38.691812243151],[-9.21729394635356,38.6918322126817],[-9.21735165861898,38.6918552399325],[-9.21738592216054,38.6918689117018],[-9.21741726168585,38.6918830202863],[-9.21746499636341,38.6919045098946],[-9.21746508888991,38.6919045505613],[-9.21745860035861,38.6919108539168],[-9.21745828145668,38.6919111624236],[-9.21761937364164,38.6919995958472],[-9.21772308773446,38.6920565299856],[-9.21772348209485,38.6920563729279],[-9.2177257063235,38.6920554866737],[-9.21772785599199,38.6920546263621],[-9.21772833030245,38.6920544363504],[-9.21795916409281,38.6921826752497],[-9.21795928446705,38.6921827432612],[-9.21811598119531,38.6922634461884],[-9.21822961179056,38.6923261793103],[-9.21830978642964,38.6923704413538],[-9.21841180540154,38.6924228738345],[-9.21849612756229,38.6924777581853],[-9.21861392993373,38.6925728658127],[-9.21867011775811,38.6926273980738],[-9.21867817115462,38.6926352151371],[-9.21867877392417,38.6926359955112],[-9.21873169547421,38.6927049972358],[-9.21875295949531,38.692739548205],[-9.21877940769388,38.6927825240959],[-9.21878846630521,38.692802191163],[-9.21880808461269,38.6928447891004],[-9.21881164283956,38.6928601946061],[-9.21881448151586,38.6928724828294],[-9.21883584165667,38.6930065088835],[-9.21883955708867,38.6930573759522],[-9.21884230503512,38.6930950222853],[-9.21884296260193,38.6931040144084],[-9.21884232389976,38.6931266324852],[-9.21884225472948,38.6931290752567],[-9.21884160075597,38.6931522275941],[-9.21883933430649,38.6931714500371],[-9.21883759786307,38.6931861879878],[-9.21883799312179,38.6931862581017],[-9.21893376071759,38.6932031836037],[-9.21905128191633,38.6932241182145],[-9.21908582842721,38.6932302728122],[-9.21914334216494,38.6932405178534],[-9.21915963850252,38.6932282535321],[-9.21916649264814,38.6932230959538],[-9.21917053686354,38.6932200516083],[-9.21919354990448,38.6932027320701],[-9.21954223816853,38.6930327014073],[-9.21977521354254,38.6929343705413],[-9.21993771877743,38.6928657834132],[-9.22017369721943,38.6927725832853],[-9.22065242111242,38.6926138947243],[-9.2207788778533,38.6925748248129],[-9.22087003619339,38.6925466612011],[-9.22113202804936,38.6924758167113],[-9.22129273216211,38.6924323603505],[-9.22156175692843,38.6923840134618],[-9.2217869834348,38.6923352360356],[-9.22181916737648,38.6923315760446],[-9.22200707157771,38.6923102085643],[-9.22210339972226,38.6922992545292],[-9.22238200771605,38.6922697326846],[-9.22245744823363,38.6922648512898],[-9.22260520133493,38.6922552932344],[-9.22278024166128,38.6922520167675],[-9.22283154624382,38.6922510568951],[-9.22292100676799,38.6922493825524],[-9.22292104270061,38.6922490305759],[-9.22292207216992,38.692239206783],[-9.22292364242504,38.6922242106144],[-9.2229236864425,38.6922237934309],[-9.22292388047861,38.6922237927298],[-9.2230624527977,38.6922235858909],[-9.22310980030138,38.692223515776],[-9.22315677949579,38.6922251291193],[-9.22330850943887,38.6922303379534],[-9.22332372959472,38.6922308603092],[-9.22342217147511,38.6922395545527],[-9.22350710538862,38.6922470561416],[-9.223704059218,38.6922695651102],[-9.22382066862673,38.6922881749869],[-9.22390225631578,38.6923011960082],[-9.22403736742609,38.6923289123843],[-9.22410154576492,38.6923420764322],[-9.22420977568868,38.6923688918182],[-9.22428268116052,38.6923869547742],[-9.22435852951321,38.6924088529999],[-9.22449601127756,38.6924485470224],[-9.22454005298099,38.6924633194782],[-9.22454040512059,38.6924634372708],[-9.22463534896128,38.6924952833349],[-9.22474485539102,38.6925356504094],[-9.22474873880801,38.6925373605038],[-9.2247515891624,38.6925386141523],[-9.22475711110645,38.6925416290788],[-9.22476218299453,38.6925443972018],[-9.22477233934715,38.6925509143503],[-9.22477845148433,38.692555513164],[-9.22478132699158,38.6925576761979],[-9.22478213996692,38.6925584116995],[-9.22478734031408,38.6925631142824],[-9.22479543952468,38.6925719115539],[-9.224796021633,38.6925726793081],[-9.22480273474311,38.692581527762],[-9.22480900228886,38.6925915576446],[-9.22481172418416,38.6925970104504],[-9.22481280755239,38.69259917769],[-9.22481413256745,38.6926027051509],[-9.22481490871184,38.6926047686209],[-9.22481716797477,38.692610783744],[-9.22481998059992,38.6926226478174],[-9.2248208950849,38.6926306114205],[-9.2248207495578,38.6926369911367],[-9.22482064265828,38.6926416523468],[-9.22482061930209,38.6926426753169],[-9.22481841124312,38.6926546669934],[-9.22481594806261,38.6926627343623],[-9.22481488625394,38.6926652900338],[-9.22481105763421,38.6926744988646],[-9.22480461671363,38.692685879839],[-9.22480454395009,38.6926860088496],[-9.22479910015945,38.6926938153893],[-9.2247897693586,38.6927045674345],[-9.22478436329723,38.6927095722007],[-9.22477833290672,38.6927143582097],[-9.22476859337242,38.6927208893655],[-9.22476464976833,38.6927231498535],[-9.22476095948912,38.6927252666068],[-9.22475522644098,38.6927280417342],[-9.22474905950657,38.6927310258024],[-9.22474316386335,38.6927333599101],[-9.22473677863832,38.6927358875334],[-9.22472399740845,38.6927397269966],[-9.22472289787054,38.6927399787072],[-9.22470958663468,38.6927430237743],[-9.22470822658534,38.6927433596222],[-9.22470762830734,38.69274350546],[-9.22470663297402,38.6927436996768],[-9.22470539419722,38.6927438462159],[-9.22470016420566,38.6927442059026],[-9.22469734349567,38.6927443994183],[-9.22469381042165,38.6927445403481],[-9.22469053336748,38.6927446700597],[-9.22468014614787,38.6927448930234],[-9.22466893966468,38.6927448537593],[-9.22466775568514,38.692744783645],[-9.22466632826215,38.6927446981055],[-9.22466486490655,38.6927444954749],[-9.22463881106836,38.6927392712531],[-9.22462091213633,38.6927356820983],[-9.2246206516249,38.6927356309148],[-9.22456691799785,38.6927161054604],[-9.22453974036727,38.6927062291459],[-9.22453959753513,38.692706175859],[-9.22456272466214,38.6926678211653],[-9.22450855804712,38.6926511079835],[-9.22450846552066,38.6926510785354],[-9.22448707573543,38.692644478661],[-9.2244869930904,38.6926444541209],[-9.22448692571675,38.6926444337877],[-9.22448678557957,38.6926443896156],[-9.22447938166503,38.6926421080908],[-9.22447930620654,38.6926420828496],[-9.22447924422277,38.6926420632176],[-9.22447914091651,38.6926420295627],[-9.22447890915119,38.6926419601493],[-9.22434454004928,38.6926005000497],[-9.2243151013591,38.6925914160133],[-9.22430136701674,38.6925877139666],[-9.22406495918004,38.6925239784355],[-9.22397779025812,38.6925054702862],[-9.22397760879844,38.692505431022],[-9.2239209825962,38.6924934091713],[-9.22382353784576,38.6924761469512],[-9.22382326385958,38.692476098572],[-9.22381038381506,38.6924901810944],[-9.22353875393439,38.6927871670667],[-9.22306202879287,38.6933083845534],[-9.22306187338434,38.6933085535277],[-9.22306173504379,38.6933087056746],[-9.22310930443135,38.693335137877],[-9.2231095263152,38.6933352619784],[-9.22311375827853,38.6933376135949],[-9.22310867740728,38.6933453955236],[-9.22310844564193,38.6933457510005],[-9.22320407310054,38.6933986167703],[-9.22320863833883,38.6933938911049],[-9.22321233490622,38.6933900635962],[-9.22340242201359,38.6934976039628],[-9.22340420606776,38.6934986143003],[-9.22383940119537,38.693744817184],[-9.22383972638548,38.6937450029845],[-9.22383992042159,38.6937451151659],[-9.22384003540595,38.6937451803714],[-9.22386388567672,38.6937585594067],[-9.22386980557446,38.6937618785738],[-9.2239833966438,38.6938255688306],[-9.22399476931533,38.6938319449346],[-9.2239978415536,38.6938336669173],[-9.2240003047341,38.6938350495515],[-9.22400276791461,38.6938364314847],[-9.22400389709693,38.6938370646078],[-9.2240083212997,38.6938395501241],[-9.22401060122387,38.6938408268871],[-9.22401088329489,38.6938409853432],[-9.22401344529008,38.6938424212635],[-9.22401629025459,38.6938440135363],[-9.22401947388393,38.6938457965173],[-9.22402145736409,38.6938469106174],[-9.224024713757,38.6938487370685],[-9.22402488713185,38.6938488359283],[-9.22402725868418,38.693850164575],[-9.2240298027131,38.6938515913803],[-9.22403008837734,38.6938517519397],[-9.22403504258613,38.6938545326325],[-9.22403758751334,38.6938559594378],[-9.22403795582258,38.6938561662719],[-9.22404013244052,38.6938573855418],[-9.22404255519686,38.6938587401303],[-9.22404400956929,38.6938595527432],[-9.22404561575703,38.6938604515954],[-9.22404877333527,38.6938622268635],[-9.22404930783284,38.6938625269483],[-9.22405174855549,38.6938638976627],[-9.22405263698928,38.693864395467],[-9.22405709263309,38.6938668929016],[-9.22405970403561,38.6938683568666],[-9.22406240167643,38.6938698685087],[-9.22406653662167,38.6938721878554],[-9.2240680125537,38.6938730151919],[-9.22407027630822,38.693874284242],[-9.22407313834071,38.6938758877322],[-9.2240734904803,38.6938760847505],[-9.22407383812831,38.6938762824699],[-9.22407482986837,38.6938768426748],[-9.22407640192013,38.6938777197916],[-9.22407651241291,38.6938777807902],[-9.2240769876217,38.6938780486228],[-9.22407711338583,38.6938781194372],[-9.22407798295502,38.6938786060232],[-9.22407846535033,38.6938788759593],[-9.22407962866864,38.6938795273114],[-9.22408115939789,38.6938803868999],[-9.22408209005252,38.6938809085425],[-9.22408285182386,38.6938813355323],[-9.22408370702003,38.6938818151069],[-9.22408458916564,38.6938823101065],[-9.22408621781125,38.693883222981],[-9.2240864684412,38.6938833639086],[-9.22408785993157,38.693884143568],[-9.2240893888642,38.6938850052598],[-9.22409018027994,38.6938854469733],[-9.22409112890091,38.6938859777306],[-9.22409187719753,38.6938863963068],[-9.22409211614939,38.693886530223],[-9.22409277551282,38.6938868990188],[-9.22409314921198,38.6938871093585],[-9.2240936495736,38.6938873905126],[-9.22409431702184,38.6938877670208],[-9.22409453441414,38.6938878890178],[-9.22409516952306,38.693888244492],[-9.22409600944784,38.6938887149518],[-9.22409682960969,38.6938891748947],[-9.22409757521138,38.6938895927697],[-9.22409887866687,38.6938903233497],[-9.22409926763738,38.6938905407008],[-9.22410076333231,38.6938913820597],[-9.22410135711873,38.6938917122931],[-9.22410180627638,38.6938919625974],[-9.22410195809165,38.6938920474344],[-9.22410246653811,38.6938923299908],[-9.22410298576433,38.693892622363],[-9.22410322022461,38.6938927555781],[-9.22410372058622,38.6938930381345],[-9.2241041939984,38.6938933045648],[-9.22410426855856,38.6938933466328],[-9.22410571304952,38.6938941557396],[-9.22410613076614,38.6938943878144],[-9.22410669670478,38.693894703324],[-9.22410687996108,38.6938948056894],[-9.22410742883175,38.6938951120842],[-9.22410797680404,38.6938954198813],[-9.22410910508806,38.6938960558084],[-9.22411081368371,38.6938970170609],[-9.2241120120363,38.6938976873435],[-9.22411254114403,38.6938979832213],[-9.22411368739432,38.693898627562],[-9.22411425692622,38.6938989486806],[-9.22411503486723,38.6938993840838],[-9.22411526303933,38.6938995116899],[-9.22411633203451,38.6939001097558],[-9.22411683329442,38.693900391611],[-9.22411792025595,38.6939010044007],[-9.22411858141598,38.6939013710929],[-9.22411917340576,38.6939017006251],[-9.22411940247616,38.6939018296335],[-9.22411961447857,38.6939019467226],[-9.22412004297495,38.6939021907166],[-9.22412066101586,38.6939025405816],[-9.22412079576315,38.693902617005],[-9.22412212976134,38.6939033602054],[-9.22412241812055,38.6939035207647],[-9.22412412671622,38.6939044799137],[-9.22412499898037,38.6939049700051],[-9.22412569876798,38.6939053633404],[-9.22412659798157,38.6939058660522],[-9.22412783226679,38.6939065559664],[-9.22412789155559,38.6939065882185],[-9.22412794096293,38.6939066169649],[-9.22412804067591,38.6939066744578],[-9.22412817003333,38.6939067459732],[-9.22412828411936,38.6939068076729],[-9.22412932796172,38.6939073924172],[-9.22413158812298,38.6939086593632],[-9.2241547520809,38.6939216492397],[-9.22415941164228,38.6939242623591],[-9.22429579027546,38.6940007340973],[-9.22435940896387,38.6940364062502],[-9.22436869844222,38.6940416149524],[-9.22521034620157,38.6945135474552],[-9.22681349223405,38.6954124348579],[-9.22700964656285,38.695522415575],[-9.22700313287873,38.6955313807506],[-9.22700288045215,38.6955317264009],[-9.22710061266346,38.6955812097745],[-9.22711409457924,38.695571354889],[-9.22763013269253,38.6958601706183],[-9.22818100747253,38.6961684788499],[-9.22820752394309,38.6961597956004],[-9.22823708390581,38.6961501167734],[-9.22823726177224,38.6961500578801],[-9.22824138414108,38.6961487082428],[-9.22824151080354,38.6961483864332],[-9.2283661448627,38.6958350293977],[-9.22867812616759,38.695050620838],[-9.22581087356228,38.693451744025],[-9.22564255083761,38.6933586933018],[-9.22564185015167,38.6933583048715],[-9.22563777359691,38.6933556370426],[-9.22563762806985,38.6933555430902],[-9.22562421083277,38.6933467655469],[-9.22560429877617,38.6933290337702],[-9.22560239794105,38.6933273412232],[-9.22559356570515,38.6933136220552],[-9.2255887651083,38.6933061654511],[-9.22557796646026,38.6932851039583],[-9.22557616174485,38.6932815842435],[-9.22557601621779,38.6932788582173],[-9.22557453399755,38.6932509732347],[-9.22557480439047,38.6932442528198],[-9.22557510083452,38.6932368614144],[-9.22557528409082,38.6932360761388],[-9.22557562994221,38.6932346044483],[-9.22557592099636,38.6932333592257],[-9.2255761581516,38.6932323481834],[-9.22557636835735,38.6932318181224],[-9.22557665671659,38.6932310896391],[-9.22557882614798,38.6932256298701],[-9.22557911360888,38.6932240565143],[-9.22557943071416,38.6932223275055],[-9.2255792627292,38.6932214398635],[-9.22557881896147,38.6932190994615],[-9.22557655071536,38.6932151120837],[-9.22557515473341,38.6932134468784],[-9.22557376503966,38.6932117781674],[-9.22556707438745,38.693206454418],[-9.22556381080799,38.6932046854438],[-9.22555993547588,38.6932025848309],[-9.22555296005769,38.6931996414485],[-9.22552965686092,38.6931917627466],[-9.22551344855822,38.6931855443419],[-9.22551081918941,38.6931841911429],[-9.22550768945896,38.6931825806258],[-9.22550253492585,38.693179196927],[-9.22549514897758,38.693173540835],[-9.22548905660333,38.6931688740506],[-9.22547618733858,38.6931578065623],[-9.2254668556394,38.6931481294325],[-9.22546443018813,38.6931450640495],[-9.22546278896611,38.6931429879747],[-9.22545921187463,38.6931375001534],[-9.22545795513156,38.693135006199],[-9.22545594021037,38.6931310090006],[-9.22545255984996,38.6931210871693],[-9.22545136329399,38.6931151779611],[-9.22545050899618,38.6931109620059],[-9.22544915972661,38.6930978520873],[-9.2254492953722,38.6930944817062],[-9.22544968434275,38.6930847498789],[-9.22545129412371,38.6930768122685],[-9.22545228047389,38.6930719435492],[-9.22545487031686,38.6930636644821],[-9.22545624923084,38.693059250101],[-9.22545841956056,38.6930538793638],[-9.22546104533614,38.6930473783874],[-9.225462295791,38.6930450078306],[-9.22546407265866,38.6930416388493],[-9.22546429454251,38.6930413016006],[-9.22546776922605,38.6930360206081],[-9.22546982187645,38.6930335624083],[-9.22547317618574,38.6930295476757],[-9.22548257166529,38.6930208381031],[-9.22549305590298,38.6930126964536],[-9.22550175428987,38.6930064808379],[-9.22551025325078,38.6930011486595],[-9.2255152802231,38.6929979949265],[-9.22551949242346,38.692995857848],[-9.22552170227905,38.6929947374244],[-9.22552375582782,38.6929936913216],[-9.22553017518884,38.6929904240034],[-9.22553748208533,38.6929874651872],[-9.22554026237115,38.6929863391542],[-9.22554199252639,38.6929857768389],[-9.22554795913651,38.6929838353786],[-9.22555502348789,38.6929821344096],[-9.22555975311787,38.6929809957561],[-9.22556671506131,38.6929800239742],[-9.22556754420633,38.6929799082859],[-9.2255680598393,38.6929798360683],[-9.22557185522137,38.6929793060054],[-9.22557669264917,38.692979031158],[-9.22558116985257,38.6929787773448],[-9.22558772755415,38.6929788839183],[-9.22559524016484,38.692979006618],[-9.22560614301745,38.6929799131938],[-9.22560925927318,38.6929801726161],[-9.22561312831711,38.6929806514957],[-9.22562062385983,38.6929815791057],[-9.2256210855939,38.6929816365993],[-9.2256218087377,38.6929817277477],[-9.22562215548741,38.6929817719196],[-9.22562368711496,38.6929819647334],[-9.22562375718353,38.6929819731472],[-9.22562417759511,38.6929820243305],[-9.22562676114986,38.6929823419475],[-9.22563529784001,38.6929840057559],[-9.22563536162037,38.6929840176753],[-9.2256384060109,38.6929849004123],[-9.22563953159993,38.6929852271441],[-9.22564378871608,38.6929864611528],[-9.22565402861199,38.6929905831625],[-9.22565763085629,38.6929920338238],[-9.22566361633101,38.6929950865927],[-9.22567050191766,38.6929985965056],[-9.225709836449,38.6930207750003],[-9.22573435686301,38.6930345902808],[-9.22574248481971,38.6930391701326],[-9.22581200004964,38.6930781794924],[-9.22616298710253,38.6932751393789],[-9.22630600069237,38.6933553972535],[-9.22633119124958,38.6933695335903],[-9.22639092921596,38.6934029771428],[-9.22639176824245,38.6934034469048],[-9.226445674346,38.6934336287524],[-9.22645090433761,38.6934365567002],[-9.22649951936416,38.6934637734272],[-9.22667949862796,38.6935645372074],[-9.2266809422206,38.6935653456168],[-9.22693906503268,38.6937098572381],[-9.22693566760425,38.6937155714817],[-9.22693438031845,38.6937177379863],[-9.22693445487864,38.69371778356],[-9.22695844169333,38.6937322528638],[-9.22695851984678,38.6937322991387],[-9.22698944884201,38.693750956312],[-9.22698972192986,38.6937506870766],[-9.2269975714088,38.6937429689951],[-9.22714604046738,38.6938263169395],[-9.22723340971362,38.6938753653884],[-9.22733919262652,38.6939343376269],[-9.2275117832471,38.6940305553116],[-9.22784421919103,38.6942164326312],[-9.22784930455387,38.6942192750091],[-9.22810121731234,38.6943601282266],[-9.22835415864187,38.6945010071084],[-9.22883743160346,38.6947705764052],[-9.22883093498732,38.6947784121646],[-9.22883065920454,38.6947787416928],[-9.22889220278466,38.6948157238573],[-9.228921550745,38.6948333606138],[-9.22892188671491,38.6948335625373],[-9.22892880823415,38.6948260731388],[-9.22893014133404,38.6948246302271],[-9.22893020960602,38.6948246680877],[-9.22900593399118,38.6948662860532],[-9.22909066039385,38.6949128504134],[-9.22909169255812,38.6949134176214],[-9.22909177430479,38.6949134589877],[-9.22909181652562,38.6949134800213],[-9.22909186593296,38.6949135059628],[-9.22909197642574,38.6949135690639],[-9.2290920500876,38.6949136111312],[-9.22959569414491,38.6951903905908],[-9.22959504017135,38.6951910861015],[-9.22983158275536,38.6953253237559],[-9.22938376719633,38.6961221200313],[-9.22868125410142,38.6973721415897],[-9.22838692738679,38.6972850048305],[-9.22818952978963,38.6972148836608],[-9.22816861161992,38.6972075136986],[-9.22812457800133,38.6971918020474],[-9.22794775092584,38.697128874781],[-9.2279104196376,38.6971155328333],[-9.22773045654348,38.6970429057606],[-9.22766499451209,38.6970164959614],[-9.22744201559056,38.6969194998625],[-9.22737908770658,38.6968858602431],[-9.22727680822329,38.6968345731315],[-9.2272345200313,38.6968127204303],[-9.2270348344251,38.6970068158481],[-9.22690514734247,38.6971329678068],[-9.22678825676109,38.6972465698621],[-9.22675627044877,38.6972746131377],[-9.22674538107089,38.6972841733269],[-9.22670715595893,38.6973176795501],[-9.22664114146363,38.6973755867868],[-9.22640612062574,38.6975819028894],[-9.22690064768124,38.6978401189828],[-9.22697197121985,38.697873950253],[-9.22713001542103,38.6979488557341],[-9.22724534742541,38.6980042539521],[-9.22719523400897,38.6981626290861],[-9.22716146543914,38.6982697773794],[-9.227182956734,38.6982846194431],[-9.22727681900309,38.6983491364629],[-9.22728135998685,38.6983529672117],[-9.22734353328596,38.6984048098986],[-9.22739887399905,38.698483469147],[-9.22740598146959,38.6984972749594],[-9.22744412573317,38.6985714113968],[-9.22745444827409,38.6986677875991],[-9.22742912656287,38.6987334211017],[-9.22739040647918,38.698779723543],[-9.22730960661265,38.6988630817434],[-9.22727321855543,38.6988890043088],[-9.22723285006319,38.6989176666979],[-9.22713058046134,38.6990253670139],[-9.22705640477171,38.6991511788935],[-9.22701023406105,38.6992893400687],[-9.22698364213201,38.6993696676129],[-9.22695119767891,38.6995410285791],[-9.22685132927383,38.7000849508399],[-9.22680810593558,38.7003183863129],[-9.22673107270505,38.7007392286478],[-9.22671485362259,38.7008289179808],[-9.22670276589212,38.7008955982915],[-9.22666762559482,38.7010786941844],[-9.22663994041611,38.7012230777552],[-9.22662556557492,38.7012980666601],[-9.22657827915668,38.7015591030101],[-9.22645348789236,38.7022027940815],[-9.22637718589043,38.7025813830361],[-9.22633568911421,38.7028377716826],[-9.22626643349738,38.7031885504776],[-9.22620225066697,38.7034875776189],[-9.22613970636362,38.7038715325011],[-9.22612756563255,38.7039422668581],[-9.22611502245624,38.7040167881266],[-9.22606908440924,38.7041855728833],[-9.22606647121008,38.7041951454682],[-9.22604061500126,38.7042334000424],[-9.22595348650355,38.7043621253532],[-9.22593909639101,38.7043834282436],[-9.22587335049197,38.7044518718328],[-9.22584777455751,38.7044784134838],[-9.22582231540407,38.7045050448566],[-9.22578153368677,38.7045370432907],[-9.22568770196042,38.7046107037788],[-9.22552832555765,38.7047132612042],[-9.22540499944556,38.704782693625],[-9.22529603559824,38.7048440641905],[-9.22513067911062,38.7049465876322],[-9.22458387908875,38.7052821930046],[-9.22445991337616,38.7053550528611],[-9.22444101012764,38.7053668496258],[-9.22413706694791,38.7055560595669],[-9.22390194909197,38.705690219583],[-9.22383568127175,38.7057246170659],[-9.22381606386257,38.7057347993291],[-9.22379929680782,38.7057435129616],[-9.22375253410738,38.7057678199952],[-9.22369721585218,38.7057965308015],[-9.22347282657567,38.70591059228],[-9.22336593604001,38.7059649159852],[-9.22305184638914,38.7061146741685],[-9.22287171171677,38.7062058919752],[-9.2226726899656,38.7063024198223],[-9.22262316314902,38.7063264827141],[-9.22245897896285,38.7064082730722],[-9.22238200681775,38.7064570023456],[-9.22233577861492,38.7064863479893],[-9.22224043592222,38.7065744325166],[-9.22218623517125,38.7066691589787],[-9.2221799146249,38.7066844409336],[-9.22214810617901,38.7067624741898],[-9.22214652604242,38.7067719468868],[-9.22214327773435,38.7067926952646],[-9.22214149278188,38.7068038812159],[-9.2221404462446,38.7068106466232],[-9.22213949762366,38.7068163303779],[-9.2221321592861,38.7068629689755],[-9.2221307974401,38.7068717196238],[-9.22213237308511,38.706877019223],[-9.22214633020968,38.7069255308654],[-9.22214803161885,38.7069315503923],[-9.22215858323016,38.7069677530651],[-9.22217307664896,38.7070137375274],[-9.22218599711768,38.7070545121029],[-9.22219058571216,38.7070689716987],[-9.2221955354294,38.7070845094343],[-9.22227699016778,38.7072399440866],[-9.22241963095679,38.7074878577744],[-9.22243344524922,38.7075117793665],[-9.22244292876368,38.7075306074941],[-9.22251450922046,38.7076716314765],[-9.2225190070851,38.7076801471919],[-9.22252209010317,38.7076863334925],[-9.22252493596597,38.7076920718554],[-9.22257387618264,38.7077881785004],[-9.22260054985839,38.7078336885618],[-9.22266970306728,38.7079511353986],[-9.22268339429051,38.707974517771],[-9.22268893779413,38.7079837442585],[-9.22270121237417,38.7080047074897],[-9.22271218619368,38.7080232508839],[-9.22275180459267,38.7080960245291],[-9.22275642013659,38.7081047189472],[-9.2227604409958,38.7081120674575],[-9.22276327607884,38.7081170858665],[-9.22276836233997,38.7081264959957],[-9.22279757195976,38.7081799999592],[-9.22284807165175,38.7082727587142],[-9.22287030315842,38.7083134463498],[-9.22289048920116,38.7083481180602],[-9.22293345651953,38.7084218510301],[-9.2230101268307,38.7085496757408],[-9.22306064179408,38.7086585588374],[-9.22307359460217,38.7086862716789],[-9.22309812579594,38.7087723367576],[-9.22311838100896,38.7088417778545],[-9.22314447167809,38.7089320619748],[-9.22314838384115,38.7089549946953],[-9.22314963788926,38.7089618292964],[-9.22315089912392,38.7089692036551],[-9.22316835159326,38.7090735304206],[-9.22318351515527,38.7091634665609],[-9.22323653013007,38.7094820260488],[-9.22326606763493,38.7096779383634],[-9.22330098515005,38.7098647935339],[-9.22331166072888,38.7099544111371],[-9.22331614152551,38.7099920219393],[-9.22331848702673,38.7100101954044],[-9.22332786633659,38.7100826200452],[-9.22332390656282,38.7101850749907],[-9.22331386519456,38.710303350018],[-9.22329007331427,38.7104700352502],[-9.22325844992131,38.7106509357292],[-9.22325331245621,38.7106835012996],[-9.22324291445681,38.7107481837771],[-9.22322004604463,38.7108168560975],[-9.22319255490199,38.7108990836281],[-9.22310660499391,38.7112120038487],[-9.22309142077067,38.711271866734],[-9.22305035428746,38.711459340892],[-9.22301426806415,38.7116114575082],[-9.22298725482527,38.7117251171738],[-9.22294611827346,38.7119079974808],[-9.22288035171319,38.7122025336008],[-9.22283511704704,38.712365455904],[-9.22282759365655,38.7123923689252],[-9.22280963453738,38.7124663998336],[-9.22275455343742,38.7126925575982],[-9.22272421643198,38.7128145350844],[-9.22268670548064,38.7129636929299],[-9.22267586191685,38.7130066706872],[-9.22265935447519,38.7130854624739],[-9.22261453932229,38.7132987328611],[-9.22258677599013,38.7134009595971],[-9.22257566383006,38.7134414179103],[-9.22256200494616,38.7134807287612],[-9.22251463947617,38.7136170075654],[-9.22245442719933,38.71373259793],[-9.22243699808617,38.7137659092961],[-9.22242981695381,38.7137775960277],[-9.22233532766065,38.7139299873842],[-9.22230350394337,38.7139769444725],[-9.2222807882448,38.7140103945099],[-9.22223659921765,38.7140607097237],[-9.22218314047508,38.7141214695219],[-9.22201263664089,38.7143332999074],[-9.22198239395855,38.7143707843409],[-9.22177846740592,38.7146152632803],[-9.22173911400994,38.7146585070984],[-9.22153804769314,38.7148794493417],[-9.22145897349027,38.7149796313196],[-9.22139309643723,38.7150631164277],[-9.22134929368566,38.7151162198784],[-9.22099524607262,38.7155450434121],[-9.22079880428291,38.715775489465],[-9.22069279409624,38.7158964600805],[-9.22053389020731,38.7160777337325],[-9.22027765565399,38.7163914268188],[-9.22009151664229,38.7166192536473],[-9.2200230335766,38.7166978073485],[-9.22001387974385,38.7167083420077],[-9.22001003675106,38.716712700959],[-9.22000348264274,38.7167202385308],[-9.21996279794353,38.7167668272111],[-9.2199501586475,38.7167825275524],[-9.21990768540254,38.7168350704015],[-9.21984539262748,38.7168461482437],[-9.21838608393998,38.7171056783597],[-9.21815262886564,38.7171554082421],[-9.21800199486722,38.7171920459054],[-9.21774664605277,38.7172542111568],[-9.21709856996577,38.717409576037],[-9.21674739606332,38.7174928361212],[-9.21666311881833,38.7175128061911],[-9.21650236439991,38.717550945],[-9.21627293467635,38.7176161048843],[-9.21578567858476,38.7177544105125],[-9.21134815020156,38.7190718611308],[-9.21122807060091,38.7191077485653],[-9.21102009264631,38.7191699205611],[-9.20964038187953,38.7195832842832],[-9.20942985899775,38.7196461441294],[-9.20925883054746,38.7192775966806],[-9.20893101463903,38.7187259164956],[-9.20845455899211,38.7181297588888],[-9.2079030661712,38.7175513150754],[-9.20721691768582,38.7168790747627],[-9.20683623143135,38.7164879465209],[-9.20675041267731,38.716406750152],[-9.20663632753453,38.7162987297645],[-9.2063859877261,38.7160813322296],[-9.2056356141895,38.7154332731956],[-9.20582960088355,38.7153351084067],[-9.20586147939801,38.7153140982604],[-9.20590669430122,38.7152623386259],[-9.20620022600682,38.7148172722118],[-9.20621814380349,38.7147919890592],[-9.20624930815733,38.7147480128521],[-9.20633331860268,38.7147830277001],[-9.20638470672851,38.7148034478216],[-9.20652735380574,38.7148657090747],[-9.20655056447604,38.7148325923779],[-9.20659281583712,38.714772105845],[-9.20714787317308,38.7139774982116],[-9.20711140247088,38.7139579792574],[-9.2070371603059,38.7139243280269],[-9.20696132183468,38.7138892517767],[-9.20688643108605,38.7138618262335],[-9.20686446278577,38.7138529236365],[-9.20696919646643,38.7136990993978],[-9.20702562773426,38.713673550194],[-9.20703360926557,38.7136699550803],[-9.20712061649074,38.7136305994734],[-9.20752697120614,38.7132652011813],[-9.20759791026583,38.7132346428853],[-9.2076299819181,38.7132515930822],[-9.20779341690929,38.7133168816536],[-9.20781588287624,38.7133258670286],[-9.20785298329746,38.7133453244725],[-9.20838518479766,38.7136267113651],[-9.20843596476406,38.7135718046923],[-9.20848169889348,38.7135207734747],[-9.20862605815964,38.7135909052911],[-9.20865552379927,38.7136051764141],[-9.20870780305385,38.7136302293776],[-9.20872646465556,38.7136392609751],[-9.20873316518927,38.7136314518151],[-9.20873816790707,38.713625620704],[-9.20886541516539,38.7134764523237],[-9.20890529677076,38.7134832009779],[-9.20897801988459,38.7134009553915],[-9.20899798853504,38.7133776525983],[-9.20917715931508,38.7134765777921],[-9.20920502056362,38.7134919599282],[-9.20921895882356,38.7134768883087],[-9.20927675463231,38.7134142129916],[-9.20930582591155,38.7133827512459],[-9.2094431504707,38.7132339321292],[-9.20953064727769,38.7131391127282],[-9.20966663155045,38.7129797873369],[-9.20970254709383,38.7129349569639],[-9.20971690396871,38.7129170491998],[-9.20974622497957,38.7128804885521],[-9.20982919427752,38.7127769566089],[-9.20984587958561,38.7127274472825],[-9.2098522899635,38.7127082938818],[-9.2098596660303,38.7126849677315],[-9.20986548172344,38.7126455505998],[-9.2098740067355,38.7126084500826],[-9.20988229459229,38.7125695516112],[-9.20989602623972,38.7125053782695],[-9.20990793251051,38.7124331166009],[-9.20991603711099,38.7123833196464],[-9.20991963576203,38.7123703148984],[-9.20990225425959,38.7123677907728],[-9.20988737366691,38.7123656584789],[-9.20988864478303,38.7123588872887],[-9.20993302245638,38.7121212174074],[-9.20994835310501,38.712063139863],[-9.20995967097927,38.7120201755576],[-9.20998514091255,38.7119248190165],[-9.21000560812798,38.7118025750504],[-9.21004593080613,38.7116245703419],[-9.21008298900655,38.7115123530915],[-9.21001709937708,38.7115115189494],[-9.20992337455025,38.7115097707559],[-9.20982617593818,38.7115064334866],[-9.2097617433761,38.711503063973],[-9.20967165313289,38.7114983997864],[-9.209621347477,38.7114940895843],[-9.20952708096602,38.7114869411951],[-9.20947287752008,38.7114833873282],[-9.20935433942846,38.7114752919409],[-9.20928977211909,38.7114706628005],[-9.20920922198418,38.711465819867],[-9.20901714241351,38.711460293497],[-9.20874590958819,38.7114587380662],[-9.20851269256741,38.7114623269825],[-9.20833005698532,38.7114655401839],[-9.20820383919631,38.7114667016749],[-9.2081447516102,38.7114670654732],[-9.20809824942118,38.7114634401072],[-9.2080668003014,38.7114592259346],[-9.20797130220019,38.7114465932285],[-9.20788765018261,38.7114342114639],[-9.20786898049607,38.71143123098],[-9.2077971610874,38.7114093645142],[-9.20765000087419,38.7113645163333],[-9.20754567053709,38.711329968053],[-9.20749552118806,38.7113133328332],[-9.20752751468688,38.711223501037],[-9.20753857833794,38.7111869177934],[-9.20753935717729,38.7111545732556],[-9.20753435356115,38.7111358659473],[-9.20753119777955,38.7111241121922],[-9.20752064167666,38.7111101567085],[-9.20750496517661,38.7110921054906],[-9.20745148038292,38.7110520629214],[-9.20715847688671,38.7108769527354],[-9.20674861874171,38.710648673705],[-9.20640146929171,38.7104293958069],[-9.20639189504742,38.7104234214367],[-9.20634636932715,38.7103950924145],[-9.20605349878158,38.7103850825529],[-9.2057968078841,38.7103874574418],[-9.20540290381851,38.7103702633288],[-9.2053515929478,38.7103680265307],[-9.20473450694147,38.7088740961002],[-9.20460332865549,38.7085565987053],[-9.20463396120668,38.7085216382885],[-9.20463836205326,38.7085160969701],[-9.20465822110923,38.708491059038],[-9.20467511302984,38.7084674840624],[-9.20472359061414,38.7084342515421],[-9.20476568656669,38.7083740533102],[-9.20479812742654,38.7083139440535],[-9.20481653749995,38.7082689165799],[-9.20482496010408,38.7081940751836],[-9.20483368544042,38.7081383329607],[-9.20482328384776,38.7080819443785],[-9.20481279242356,38.7080184455706],[-9.20479252193915,38.7079621529301],[-9.20478520785612,38.7079266398387],[-9.20477837257514,38.707900039182],[-9.20476750296019,38.7078650987731],[-9.20475814700649,38.7078390623952],[-9.20474395362501,38.7078047829957],[-9.20472792947696,38.7077710608719],[-9.20470984279703,38.7077378084],[-9.20438330159802,38.7070654028909],[-9.20437272483386,38.7070682629843],[-9.20436313891147,38.7070708833345],[-9.20314845045898,38.7073999285924],[-9.20274362557451,38.7075096048679],[-9.20256608882998,38.707557709502],[-9.20256293035342,38.7075467185462],[-9.20251295348094,38.7071873969885],[-9.20251186023123,38.7071798086404],[-9.20247345365956,38.7069036504034],[-9.20247014516439,38.7068818673743],[-9.20233919325384,38.7060179764227],[-9.20232575535549,38.7059589174074],[-9.20232073467138,38.7059369854755],[-9.20229192929345,38.7057476363392],[-9.20231280254741,38.705420842863],[-9.20231429644572,38.7053975017165],[-9.20234344048848,38.7048620489866],[-9.20235190980498,38.7047067963389],[-9.20236049410585,38.7045487967266],[-9.2023769647166,38.7042488500644],[-9.20240643035622,38.7037134483209],[-9.20241554466307,38.7033328919324],[-9.20242981170644,38.70273787484],[-9.20245330444773,38.7024409624316],[-9.2024724619195,38.7021986403544],[-9.20246318591587,38.7021065803797],[-9.20245227947001,38.701997853455],[-9.20254238408624,38.7016767213963],[-9.20191782858834,38.7014900467316],[-9.201839075084,38.7014665227281],[-9.20176540784083,38.7014453080031],[-9.20110979399028,38.7012565575961],[-9.20103032991858,38.7011856859787],[-9.20100459498229,38.701162757777],[-9.20089403123544,38.7011258461961],[-9.20086144664515,38.7011149699268],[-9.20078740660112,38.7010902490872],[-9.20046182031122,38.7010024270121],[-9.19997078410894,38.7008959284925],[-9.19982860415564,38.7008650844838],[-9.19980215685536,38.7010392440133],[-9.19978731578858,38.7011369629278],[-9.1996113421126,38.7022958725581],[-9.19960630256388,38.7023611494021],[-9.1991442558941,38.7022087978817],[-9.19867912261303,38.7020442421154],[-9.19850982611461,38.7019843490701],[-9.19843568186598,38.7019766346813],[-9.19827530384167,38.7019599152619],[-9.1969010880695,38.7018778583223],[-9.19674895029131,38.7015874825042],[-9.19626416816002,38.7005624898632],[-9.19467364794889,38.7010011328503],[-9.19432754323959,38.7010965362098],[-9.19428851593205,38.701107310828],[-9.19395971367345,38.7007149149975],[-9.19368090355871,38.7004253624191],[-9.19366462608577,38.7004341496098],[-9.19338144207394,38.7005874191021]]]}},{"type":"Feature","properties":{"COD_SIG":"109","NOME":"Benfica"},"geometry":{"type":"Polygon","coordinates":[[[-9.18735072638149,38.7524340621516],[-9.18744131608801,38.7523109025015],[-9.18781215141707,38.7518075501472],[-9.18790215003211,38.7516700004974],[-9.18815566358845,38.7512864137912],[-9.18826744994242,38.7510873782084],[-9.1884991029963,38.7506749295696],[-9.18879185765921,38.7500565968294],[-9.18883086879703,38.749974202081],[-9.18910112335701,38.7493227436444],[-9.18923538555936,38.7489950403805],[-9.18923816315022,38.7489882593501],[-9.18931130218403,38.7488097363549],[-9.18937281342478,38.748462753806],[-9.18941963002415,38.7481986596861],[-9.18957920495458,38.7472984623994],[-9.18970877166297,38.7462426443452],[-9.18973636162029,38.7460071133568],[-9.1898018676691,38.7455279407045],[-9.18984738710119,38.7450975006938],[-9.18982801852534,38.7447929830129],[-9.18980598824132,38.7444466297319],[-9.1898052399447,38.7444348625385],[-9.18977983109687,38.7440353821612],[-9.19017244248673,38.7439506193019],[-9.19016476278938,38.7439359387588],[-9.19015773167567,38.7439225179665],[-9.18919574290588,38.7412569704161],[-9.18910397820298,38.7412796314151],[-9.18902359425641,38.7412994827302],[-9.18877604910682,38.741360613143],[-9.18863741031241,38.74136537978],[-9.18849882092531,38.7413735684733],[-9.18842834359969,38.7413761868651],[-9.18837363709719,38.7413782124927],[-9.1882439158786,38.7413793847082],[-9.18815793812277,38.7413736854847],[-9.18810518545602,38.7413701891573],[-9.18805246962018,38.7413616893674],[-9.18800200136921,38.7413535567261],[-9.18785392756936,38.7413268711179],[-9.18772390900839,38.7413000404616],[-9.18757124841069,38.7412664784794],[-9.18744070164036,38.7412116196691],[-9.18730448829719,38.7411561554386],[-9.18724723507088,38.7411328378734],[-9.18723701583619,38.7411277776405],[-9.18708051224571,38.7410503003998],[-9.18700811701696,38.7410172203615],[-9.18699042379913,38.7410091290204],[-9.18673719231381,38.7408909398438],[-9.18616608208372,38.7406243786703],[-9.18606207603844,38.7405518133151],[-9.18599921283316,38.740509071435],[-9.18594021777351,38.7404689556619],[-9.18590471904845,38.7404232239473],[-9.18588055616392,38.7403920809889],[-9.1857895604189,38.7402671761973],[-9.18578832523539,38.7401831634958],[-9.18577626625102,38.7399732125884],[-9.18579408163973,38.7399082594729],[-9.18579744403383,38.7398960052587],[-9.18580837293758,38.7398547323157],[-9.18582719084615,38.7397836810538],[-9.18584834617109,38.7397519142088],[-9.18592340310801,38.7396392310272],[-9.18600266685543,38.7395545554399],[-9.18615337721064,38.7394120451495],[-9.18627184882695,38.7393000109685],[-9.18643047603477,38.7391375221357],[-9.18645821780737,38.7390859815556],[-9.18647402546143,38.7390566002482],[-9.18648639885615,38.738982985768],[-9.18647675903483,38.7389375838278],[-9.18647988517203,38.7388897245349],[-9.18648774093918,38.7387694003446],[-9.18647433987178,38.7387223656544],[-9.18646882241931,38.738703004108],[-9.18642207139696,38.7385841748844],[-9.18630890163749,38.7384733985542],[-9.18628610329389,38.7384505530824],[-9.18623618930343,38.7384005514356],[-9.18618600581841,38.7383737014617],[-9.18614614667094,38.7383523792722],[-9.18535314088755,38.7379708266184],[-9.18418387574746,38.7374156442887],[-9.18399273042467,38.7373248825313],[-9.18339371492859,38.7370466181159],[-9.1829026490819,38.7368129592264],[-9.18229237050881,38.7366131580572],[-9.18211161869383,38.7365539799743],[-9.18191382763459,38.7364927921928],[-9.18169741899106,38.7364486793868],[-9.18166723649585,38.7364425257064],[-9.18161134242055,38.736426427474],[-9.18147457930844,38.7363870087219],[-9.18104273040525,38.7362625383773],[-9.17904392949075,38.7356991891624],[-9.17748519257268,38.7352545562466],[-9.17720418068719,38.7351733776976],[-9.177085356033,38.7351390490427],[-9.17606712194665,38.7348514416771],[-9.17564357347671,38.7347318086124],[-9.17448460123313,38.7344025465178],[-9.17430089036762,38.7343013939198],[-9.17418449385964,38.7341462612712],[-9.17415408139567,38.7339908781217],[-9.17413319736195,38.7338841428439],[-9.17425868032904,38.7336758418868],[-9.17430198631228,38.7336305935393],[-9.17430606107041,38.7336263372276],[-9.1744768838065,38.7334478543081],[-9.17462376374535,38.7332653507609],[-9.17467504856491,38.7332119279416],[-9.17476627787191,38.7331168932883],[-9.1749473431989,38.7329504003212],[-9.17495886139748,38.7329398035875],[-9.17499279076575,38.7329163242694],[-9.1751482038015,38.7328087541932],[-9.17532931494254,38.7327205737569],[-9.17560316366198,38.7326356180751],[-9.1757774197591,38.7326059587182],[-9.17584209217134,38.732599265127],[-9.1759154450042,38.7325916647609],[-9.17608871205619,38.7325730927028],[-9.17621151894205,38.7325719960242],[-9.17632892066485,38.7325930795811],[-9.17637109926237,38.7326006561215],[-9.17652817867296,38.7326233941469],[-9.17659063314476,38.7326342396948],[-9.17712332602341,38.732726708137],[-9.17756756269434,38.7328098494668],[-9.17757458662154,38.732811161973],[-9.17758178392362,38.7328125067138],[-9.1776259873238,38.7328207671636],[-9.17783178147392,38.7328390945953],[-9.17798687740436,38.7328448232307],[-9.1780518777017,38.7328385662294],[-9.17811687799901,38.7328323099284],[-9.17824668006601,38.7328141240466],[-9.17926349301755,38.7324962782047],[-9.17994902975021,38.7322612947162],[-9.18014902527517,38.7320203736284],[-9.18000668901504,38.7316428473653],[-9.17941027683668,38.7311220501641],[-9.1783147292454,38.7300937184995],[-9.17600909347424,38.7280378657362],[-9.17561266154945,38.7277978358387],[-9.17494000216638,38.7277013187969],[-9.17428451587663,38.7273496581284],[-9.1741623054721,38.7272092357149],[-9.17397390180759,38.7269157944275],[-9.17389149395665,38.7267738728296],[-9.17386045806193,38.7267034385841],[-9.17385188004928,38.7266417489934],[-9.17385679922375,38.7265228660653],[-9.17390656229723,38.7263864051291],[-9.17405086227459,38.7260688572695],[-9.17413784973682,38.7259222462152],[-9.17423648295839,38.7257675235711],[-9.17446077342022,38.7254313997471],[-9.17469219470874,38.7252165011026],[-9.17480317437559,38.7251629510214],[-9.17481163650555,38.7251588673092],[-9.17534790378071,38.7249739275338],[-9.17673375992237,38.7246146816614],[-9.177224346967,38.7244875038122],[-9.17728474699178,38.7244635430476],[-9.17797787898017,38.7241885532935],[-9.17807234132385,38.7240938927973],[-9.17812906364584,38.7240370465399],[-9.17812833421383,38.7240128949965],[-9.17812348870119,38.7238523449495],[-9.17812073716147,38.7237635521377],[-9.17814264257966,38.7237690348054],[-9.17819870553825,38.7237831188745],[-9.17836456687904,38.7238247837622],[-9.17885963112707,38.7239391437673],[-9.17927316248327,38.724034635661],[-9.17995165822075,38.724196816843],[-9.18058735821807,38.724348757074],[-9.18089198142251,38.7244206983294],[-9.18147483173502,38.7245444590411],[-9.18184376712726,38.7245942201906],[-9.1821352542673,38.7246335606498],[-9.18385161407667,38.7248013492101],[-9.18411222432374,38.7248268299599],[-9.18429797077168,38.7248449786286],[-9.18434813179884,38.7248533549356],[-9.18526291410042,38.7250060002045],[-9.18536271692851,38.725020679733],[-9.18539336475105,38.7250251825478],[-9.18564944838742,38.7250816187364],[-9.18613296119917,38.7251882270011],[-9.18694186716308,38.7253507202348],[-9.18756750602921,38.7254332611334],[-9.18771838975929,38.725451544206],[-9.18819313770887,38.7255091308083],[-9.18900889692003,38.7255492290532],[-9.18915641376443,38.7255547277027],[-9.18945150943694,38.7255656745413],[-9.18996584075119,38.7255474062151],[-9.19022303740019,38.7255382457694],[-9.19049751134704,38.7255162140203],[-9.19079466865313,38.7254923552198],[-9.19160873992992,38.7254103098716],[-9.19197651020721,38.7253357289073],[-9.19290573741858,38.7251473162963],[-9.19382124106737,38.7248878686462],[-9.1938518897882,38.7248764072956],[-9.19386389577198,38.7248718981641],[-9.19390681008975,38.724856821235],[-9.19398000571741,38.724831119034],[-9.19405495036493,38.7248051308853],[-9.19414522386445,38.7247738528653],[-9.19424914816306,38.7247378421267],[-9.19435857374442,38.7246999230089],[-9.19489533599132,38.7245139258916],[-9.19667675269192,38.7238638323954],[-9.19737548926937,38.7236130964454],[-9.19780682792943,38.723459726333],[-9.19793292714083,38.7234136192897],[-9.198358869621,38.7232578735873],[-9.20047219675106,38.7224849009873],[-9.20196452840672,38.7219485340651],[-9.20220573684028,38.7218629277926],[-9.20288756442913,38.7216209294595],[-9.20350017862198,38.7214116605986],[-9.2037331378263,38.7213348509204],[-9.20475198815692,38.7210335659428],[-9.20575515480099,38.7207313517441],[-9.20626283498886,38.7205784036788],[-9.20714346244503,38.7203151820577],[-9.20741107955133,38.720235191335],[-9.20826684164044,38.7199859088867],[-9.20933653751448,38.7196742886584],[-9.20938154580516,38.7196608177501],[-9.20940517509037,38.719653744471],[-9.20942985899775,38.7196461441294],[-9.20964038187953,38.7195832842832],[-9.21102009264631,38.7191699205611],[-9.21122807060091,38.7191077485653],[-9.21134815020156,38.7190718611308],[-9.21578567858476,38.7177544105125],[-9.21627293467635,38.7176161048843],[-9.21650236439991,38.717550945],[-9.21666311881833,38.7175128061911],[-9.21674739606332,38.7174928361212],[-9.21709856996577,38.717409576037],[-9.21774664605277,38.7172542111568],[-9.21800199486722,38.7171920459054],[-9.21815262886564,38.7171554082421],[-9.21838608393998,38.7171056783597],[-9.21984539262748,38.7168461482437],[-9.21990768540254,38.7168350704015],[-9.21988727657761,38.7168603332061],[-9.21988122462754,38.7168678238015],[-9.21982760328989,38.716934293602],[-9.21982047246316,38.7169431320328],[-9.21979685036446,38.716972407487],[-9.21977912570559,38.7169943766861],[-9.21954222110056,38.7172880094111],[-9.21923252780467,38.717671853735],[-9.21875740435931,38.7182310486296],[-9.21838644685938,38.7184543341246],[-9.21830502805359,38.7185033411508],[-9.21798943462293,38.7186932985179],[-9.21741666161125,38.7190380490013],[-9.21656475598965,38.7195508117791],[-9.21574110777364,38.720046533986],[-9.21540558970996,38.7202301520497],[-9.21529562603773,38.7202903311862],[-9.21525349864415,38.7203133850183],[-9.21494967494034,38.7204796453093],[-9.21462285885681,38.7206584942417],[-9.21442909225002,38.7207645350938],[-9.21422652933999,38.7208421303573],[-9.21411706153779,38.7208840646914],[-9.21392382493703,38.7209580896083],[-9.21346256429314,38.7211347891912],[-9.21318972887337,38.7212393049567],[-9.21307180702602,38.7212844770487],[-9.21276003682518,38.7214039055533],[-9.21273646413381,38.7214129354677],[-9.21269188613615,38.7214300105813],[-9.21231749707183,38.7215734237128],[-9.21204562195109,38.7216775701844],[-9.21197918794258,38.7217030191077],[-9.21169455315153,38.7218120559826],[-9.21155213604303,38.7218680917155],[-9.21141018695678,38.7219239395747],[-9.21140065313665,38.7219274291446],[-9.21126055457989,38.7219786863438],[-9.21120798696611,38.7219979192605],[-9.21098085872628,38.7221485213282],[-9.21084607190779,38.7222378922492],[-9.21071947233481,38.722321067512],[-9.21043716328205,38.7225065397924],[-9.2104301025239,38.72251117803],[-9.21040665829161,38.7225265799482],[-9.21037792388062,38.7225454573858],[-9.21001807404917,38.7227595027195],[-9.20998115329099,38.7227817637955],[-9.20959471422545,38.7230147663324],[-9.20926451328993,38.7232126200429],[-9.20910089324577,38.7233106611763],[-9.20906801939796,38.7233303597957],[-9.2089895587444,38.7233773730831],[-9.20859522618243,38.7236136515115],[-9.20842273437654,38.723717005163],[-9.20816464210719,38.7238716390357],[-9.20810689121422,38.7239522052807],[-9.20806211109561,38.7240146751227],[-9.20795600478922,38.7241626973691],[-9.20795176743601,38.724168606114],[-9.20797528533016,38.724240321882],[-9.20799895234462,38.7243119583836],[-9.20807485459624,38.7245417124809],[-9.20818606872336,38.724878340181],[-9.20829587968202,38.725210717892],[-9.20833947851601,38.7253426768775],[-9.20836896481691,38.725431923262],[-9.20862056945325,38.7261934617119],[-9.20867210220784,38.7263494217724],[-9.20872989172838,38.726524317448],[-9.20894505171364,38.7271755402654],[-9.20916228590891,38.7278330033747],[-9.20926908481643,38.7281562443733],[-9.2093067466847,38.7282702218195],[-9.20942518416502,38.728628656016],[-9.20950374902314,38.7288664426982],[-9.20952943185712,38.7289441721248],[-9.20968075396505,38.7293982145077],[-9.20976650804037,38.7296555154032],[-9.20979848806451,38.7297536584196],[-9.20985804726613,38.7299364379354],[-9.20991092659534,38.7300987150426],[-9.2098498151049,38.7301952421604],[-9.20979367668782,38.7302839141546],[-9.20930813368349,38.7310508122197],[-9.20905871913981,38.7314447479053],[-9.20886242736878,38.7317547737272],[-9.20852619244949,38.7322858127698],[-9.2083772823181,38.7325209965933],[-9.20830655885411,38.7326326938347],[-9.20830101355386,38.7326414525403],[-9.20817779973118,38.732836050535],[-9.20798530154556,38.7331400698175],[-9.20770856923408,38.7335771163352],[-9.20761547143129,38.7337241440386],[-9.20706683525298,38.7345906348075],[-9.20697275110001,38.7347391964291],[-9.20684913303547,38.7349343899352],[-9.20669013392511,38.7351854911751],[-9.20635302135182,38.7357178767276],[-9.2061226430073,38.7360816873093],[-9.20604823555232,38.7361991865303],[-9.20597969050289,38.7363074276922],[-9.20588339110444,38.7364595012303],[-9.20577220302847,38.7366350903865],[-9.20561381117925,38.7368852060537],[-9.20557019348062,38.7369540844942],[-9.20521861264134,38.737509281623],[-9.20521266938745,38.7375186773719],[-9.20517258835609,38.7375820371577],[-9.20516496525259,38.7375940878641],[-9.20509115158402,38.7377108173275],[-9.20508917169711,38.7378016038198],[-9.20508787003829,38.7378626153048],[-9.20508711994501,38.7378978206288],[-9.20510507187764,38.7380674510064],[-9.20523386333993,38.7393109542995],[-9.20527939534842,38.7397080878932],[-9.20530964342068,38.7399720347444],[-9.20531088938396,38.7399835630405],[-9.20538250667169,38.7406468920279],[-9.20538578911575,38.7406772900592],[-9.20545733453821,38.7413013486078],[-9.20547468280299,38.7414526674051],[-9.20555145642043,38.7421858202489],[-9.20559408058234,38.742555559058],[-9.20561443101678,38.742732096625],[-9.20563368460827,38.7428991062927],[-9.20565710548436,38.7429384675004],[-9.20567740651147,38.7429725114453],[-9.20579986305436,38.743143129596],[-9.20596606306002,38.7433588900601],[-9.20622469072527,38.7436946380649],[-9.20639363508413,38.7439139575246],[-9.20695215722215,38.7446412390022],[-9.20713596151243,38.7448896668324],[-9.20725222956132,38.7450468142803],[-9.20732105308851,38.7451398341628],[-9.20733536055605,38.7451591708432],[-9.20743647582274,38.7453010888437],[-9.20766328516063,38.7456194199861],[-9.20770057871963,38.7456675865468],[-9.20770759007044,38.7456766414195],[-9.20801306847101,38.7460711802447],[-9.20826050492442,38.7463941705636],[-9.20841819788436,38.74660135618],[-9.20845106634229,38.7466445414059],[-9.2087575122284,38.7470439119023],[-9.20911839781741,38.7475224109064],[-9.20930284709804,38.7477560908041],[-9.20945642128239,38.7479626825614],[-9.2095444597735,38.7480811143514],[-9.20962549589696,38.7481856614563],[-9.2098568399304,38.7484841213179],[-9.21011265407217,38.748820001455],[-9.21028738627639,38.7490343043485],[-9.21068471202489,38.7495539564889],[-9.21069759117111,38.7495708013894],[-9.21077998734392,38.749675026846],[-9.21089179076587,38.7498164510662],[-9.21095334602408,38.7498998142026],[-9.21098774431293,38.7499463987623],[-9.21103785503442,38.7500142627728],[-9.21123211212135,38.7502719812085],[-9.21130542003842,38.7503572094539],[-9.21131034280618,38.7503629436899],[-9.21132799200659,38.7503834671367],[-9.21139304799946,38.7504591078446],[-9.21141281273233,38.75048208959],[-9.21126826751494,38.7505543443062],[-9.21112231823071,38.7506271776251],[-9.21054758240014,38.7509146948361],[-9.2103533369913,38.7510141404283],[-9.2103340348908,38.7510240219985],[-9.21031019899305,38.7510362252629],[-9.21026696128179,38.7510583906564],[-9.21022922664998,38.7511084135645],[-9.21016246655299,38.7511969096729],[-9.2100656838609,38.751325206417],[-9.20994944186316,38.7514908452909],[-9.20985597934435,38.7516240244534],[-9.20955668045464,38.7520578704801],[-9.20942307492074,38.7522515363666],[-9.20936077136588,38.7523418469072],[-9.20909913703938,38.7527210767924],[-9.20880527475374,38.7531470153348],[-9.20868442709352,38.75334197078],[-9.20868199625237,38.7533874938635],[-9.20868931213203,38.7534303071966],[-9.20869959784206,38.7534565119084],[-9.20876861271037,38.7535863086657],[-9.20888112759802,38.7537935301542],[-9.20897894694596,38.753979352255],[-9.20898846998629,38.7540160137675],[-9.20896661667037,38.7540468439462],[-9.20892462582071,38.7540848812887],[-9.20882953196137,38.754148810627],[-9.20876214124708,38.7542037477657],[-9.20875799372541,38.7542128365826],[-9.20874810866402,38.7542345043065],[-9.20874722112852,38.7542520794668],[-9.20874996997331,38.7542600544184],[-9.20876225712974,38.7542957161162],[-9.20882041945114,38.7544061736741],[-9.20896708199766,38.754678656169],[-9.20898986686654,38.7547209377214],[-9.20906449530708,38.7548568079153],[-9.20907008731974,38.7548780663317],[-9.20905865446112,38.7549120779632],[-9.20903221344905,38.7549359227336],[-9.20902194660366,38.7549438394646],[-9.20901172197909,38.7549517232697],[-9.20899912580219,38.7549614347657],[-9.20873773132585,38.7551053227921],[-9.20850314976414,38.7552342464919],[-9.20814509027503,38.7554293174278],[-9.20802310444935,38.75549520564],[-9.20799900624355,38.7555180057283],[-9.20797791110574,38.7555368625384],[-9.20792942004669,38.7555800549686],[-9.20792451165198,38.7555911197978],[-9.20791507574823,38.7556125706404],[-9.20791240415857,38.7556310736595],[-9.20791034342332,38.7556468614322],[-9.20792189935112,38.7556848867136],[-9.20792680235594,38.7557010177322],[-9.20793253181083,38.7557174072413],[-9.20794663625909,38.7557577638345],[-9.20797689151787,38.755826261199],[-9.20801368381695,38.7559095563716],[-9.20805235179838,38.756012660843],[-9.2080719260884,38.7560648533006],[-9.20807268246989,38.7560733674521],[-9.20807397784054,38.7560879551321],[-9.20807740670996,38.7561266722943],[-9.20807843797589,38.7561382960552],[-9.20806724406916,38.7561771883205],[-9.2080572260571,38.7562119944245],[-9.20804602676045,38.7562324433355],[-9.20803994786093,38.7562435416887],[-9.20803264725262,38.7562508039882],[-9.20797706938429,38.7563056015065],[-9.20793398797989,38.7563401371473],[-9.20785866244671,38.7563715120269],[-9.20783292481551,38.7563822327784],[-9.2077167627678,38.7564321896095],[-9.20758957659492,38.7564868896165],[-9.20748470277708,38.7565246440504],[-9.20741213597012,38.7565501583166],[-9.20731797096877,38.7565637917941],[-9.20723296519007,38.7565567375802],[-9.20720425772853,38.7565452462852],[-9.20716873115568,38.7565310257702],[-9.20709953931921,38.7564998401006],[-9.20706414210379,38.7564838864937],[-9.20695456291048,38.7564875067733],[-9.20692517003438,38.7564975381972],[-9.20690493188934,38.7565044460086],[-9.20687909813838,38.7565132648332],[-9.20684198603906,38.7565289130076],[-9.20671909381324,38.7565807394175],[-9.20661084682153,38.7566282954377],[-9.20658820478479,38.7566445215134],[-9.20654375524621,38.7566896964355],[-9.20652863031178,38.7567050671668],[-9.20644563136939,38.7568406933071],[-9.20634172054554,38.7570568964311],[-9.20626139588777,38.757151441091],[-9.20620601654714,38.7571747429171],[-9.20618262980704,38.7571845837053],[-9.20607756195309,38.7571934724969],[-9.20606329041817,38.7571925099941],[-9.20591766093422,38.7571826944254],[-9.20563717546146,38.7571578822982],[-9.20545089361762,38.7571414027538],[-9.20513867695412,38.7571118418391],[-9.20502882107971,38.757102624497],[-9.2049247548473,38.7570938919084],[-9.20481547658962,38.7570847235998],[-9.20464717991607,38.7570699637974],[-9.20435200788677,38.7570449442791],[-9.20412457511809,38.757025666859],[-9.20406401698983,38.7570193286153],[-9.20401695784535,38.7570144033064],[-9.20399930774664,38.757017780481],[-9.20399005599753,38.757019552079],[-9.20396900757211,38.7570235793297],[-9.20391024248119,38.7570556460155],[-9.20388093135176,38.7570741745795],[-9.20362351012395,38.7572368978954],[-9.20345065090711,38.7573456696775],[-9.2032944823882,38.7574439378613],[-9.20312676063646,38.7575478744213],[-9.2029244735092,38.7576732323325],[-9.2028525579808,38.7577176780768],[-9.20279367161731,38.7577418084169],[-9.20274581387054,38.7577504204392],[-9.20270355262802,38.7577580258334],[-9.20268583246071,38.7577612152372],[-9.20267548476695,38.757763077182],[-9.20256410894308,38.7577921026406],[-9.20243938056082,38.7578221592314],[-9.20231803613227,38.7578539061282],[-9.2022033059991,38.7578971405875],[-9.20209438706753,38.7579381845438],[-9.20198402723825,38.7579768180428],[-9.2019749138297,38.7579800088379],[-9.20145475783917,38.7581621150841],[-9.20096705438659,38.7583366526606],[-9.20068863593732,38.7584362903571],[-9.20014824359835,38.7586276798333],[-9.20011300358808,38.7586453554839],[-9.20010740708386,38.758648161676],[-9.20010047298817,38.7586562797385],[-9.20007978029563,38.7586808293589],[-9.20001813340925,38.7587436358881],[-9.19999295992002,38.7587604316868],[-9.19996380958908,38.7587798837623],[-9.19993723562634,38.7587907848799],[-9.19990045051376,38.758805872859],[-9.19985508199865,38.7588115840004],[-9.19981788905096,38.7588162654128],[-9.19978708671815,38.7588204880003],[-9.19968069205256,38.7588350751188],[-9.19940037905634,38.7588671704116],[-9.19907189120809,38.7589047778834],[-9.19896710452683,38.7589162463826],[-9.19890027256464,38.7589235609473],[-9.19875979761376,38.758938936101],[-9.19868153099631,38.7589475031472],[-9.19841621537378,38.7589763628075],[-9.19832892248436,38.7589859665803],[-9.19828013138801,38.7589913351658],[-9.19816086027112,38.7590089974169],[-9.19808848929689,38.7590315428041],[-9.19805689375171,38.7590591065179],[-9.19788627942475,38.7590429825627],[-9.19763812252244,38.7589884967644],[-9.19735367817427,38.7588920050609],[-9.19605827789014,38.7585047634356],[-9.19532621471398,38.7582897730616],[-9.19528179841306,38.7582767283346],[-9.19451562351061,38.7580449917468],[-9.1942770103099,38.7579354651863],[-9.19385192212757,38.7577411583472],[-9.1937922102123,38.7577205571581],[-9.19369928578438,38.7576884984765],[-9.1937453010865,38.7576243026132],[-9.19376407228268,38.7575981169442],[-9.19402163813926,38.7572387885749],[-9.19439129757362,38.7565661574424],[-9.19466815025935,38.7560005179738],[-9.19470616606385,38.7559228481156],[-9.1946427566829,38.7558360496337],[-9.19459465818765,38.7557982310879],[-9.19458403021952,38.7557898731207],[-9.19455895105338,38.755770154731],[-9.19452611044323,38.7557634899308],[-9.19446548763631,38.7557511872994],[-9.19438267015363,38.755751939664],[-9.19428567635746,38.7557552468458],[-9.19416650585185,38.755759309194],[-9.19373850892462,38.7558334576917],[-9.19347407365107,38.7558439662649],[-9.19329182883612,38.7558113918544],[-9.19321786694553,38.7557886429982],[-9.19312060634972,38.7557462892235],[-9.19299879030562,38.7556771346885],[-9.19291176241918,38.7556265811804],[-9.19258131804025,38.7554521280451],[-9.19250286547154,38.7553591594273],[-9.19212649741862,38.7551130601681],[-9.19160883604964,38.7547250183424],[-9.19142562285082,38.7546266938749],[-9.19129677569297,38.7545485937927],[-9.19070111720113,38.7542531330795],[-9.18996118657969,38.7538472794431],[-9.18949534183292,38.7535946262593],[-9.18934037436157,38.7535105773981],[-9.18858017954396,38.7531067273207],[-9.18828212122762,38.7529345770505],[-9.18816511476358,38.7528687859533],[-9.18803381520502,38.7527981966965],[-9.18743088395262,38.7524757621695],[-9.18736014521725,38.7524389618559],[-9.18735072638149,38.7524340621516]]]}},{"type":"Feature","properties":{"COD_SIG":"101","NOME":"Ajuda"},"geometry":{"type":"Polygon","coordinates":[[[-9.19338144207394,38.7005874191021],[-9.19366462608577,38.7004341496098],[-9.19368090355871,38.7004253624191],[-9.19395971367345,38.7007149149975],[-9.19428851593205,38.701107310828],[-9.19432754323959,38.7010965362098],[-9.19467364794889,38.7010011328503],[-9.19626416816002,38.7005624898632],[-9.19674895029131,38.7015874825042],[-9.1969010880695,38.7018778583223],[-9.19827530384167,38.7019599152619],[-9.19843568186598,38.7019766346813],[-9.19850982611461,38.7019843490701],[-9.19867912261303,38.7020442421154],[-9.1991442558941,38.7022087978817],[-9.19960630256388,38.7023611494021],[-9.1996113421126,38.7022958725581],[-9.19978731578858,38.7011369629278],[-9.19980215685536,38.7010392440133],[-9.19982860415564,38.7008650844838],[-9.19997078410894,38.7008959284925],[-9.20046182031122,38.7010024270121],[-9.20078740660112,38.7010902490872],[-9.20086144664515,38.7011149699268],[-9.20089403123544,38.7011258461961],[-9.20100459498229,38.701162757777],[-9.20103032991858,38.7011856859787],[-9.20110979399028,38.7012565575961],[-9.20176540784083,38.7014453080031],[-9.201839075084,38.7014665227281],[-9.20191782858834,38.7014900467316],[-9.20254238408624,38.7016767213963],[-9.20245227947001,38.701997853455],[-9.20246318591587,38.7021065803797],[-9.2024724619195,38.7021986403544],[-9.20245330444773,38.7024409624316],[-9.20242981170644,38.70273787484],[-9.20241554466307,38.7033328919324],[-9.20240643035622,38.7037134483209],[-9.2023769647166,38.7042488500644],[-9.20236049410585,38.7045487967266],[-9.20235190980498,38.7047067963389],[-9.20234344048848,38.7048620489866],[-9.20231429644572,38.7053975017165],[-9.20231280254741,38.705420842863],[-9.20229192929345,38.7057476363392],[-9.20232073467138,38.7059369854755],[-9.20232575535549,38.7059589174074],[-9.20233919325384,38.7060179764227],[-9.20247014516439,38.7068818673743],[-9.20247345365956,38.7069036504034],[-9.20251186023123,38.7071798086404],[-9.20251295348094,38.7071873969885],[-9.20256293035342,38.7075467185462],[-9.20256608882998,38.707557709502],[-9.20274362557451,38.7075096048679],[-9.20314845045898,38.7073999285924],[-9.20436313891147,38.7070708833345],[-9.20437272483386,38.7070682629843],[-9.20438330159802,38.7070654028909],[-9.20470984279703,38.7077378084],[-9.20472792947696,38.7077710608719],[-9.20474395362501,38.7078047829957],[-9.20475814700649,38.7078390623952],[-9.20476750296019,38.7078650987731],[-9.20477837257514,38.707900039182],[-9.20478520785612,38.7079266398387],[-9.20479252193915,38.7079621529301],[-9.20481279242356,38.7080184455706],[-9.20482328384776,38.7080819443785],[-9.20483368544042,38.7081383329607],[-9.20482496010408,38.7081940751836],[-9.20481653749995,38.7082689165799],[-9.20479812742654,38.7083139440535],[-9.20476568656669,38.7083740533102],[-9.20472359061414,38.7084342515421],[-9.20467511302984,38.7084674840624],[-9.20465822110923,38.708491059038],[-9.20463836205326,38.7085160969701],[-9.20463396120668,38.7085216382885],[-9.20460332865549,38.7085565987053],[-9.20473450694147,38.7088740961002],[-9.2053515929478,38.7103680265307],[-9.20540290381851,38.7103702633288],[-9.2057968078841,38.7103874574418],[-9.20605349878158,38.7103850825529],[-9.20634636932715,38.7103950924145],[-9.20639189504742,38.7104234214367],[-9.20640146929171,38.7104293958069],[-9.20674861874171,38.710648673705],[-9.20715847688671,38.7108769527354],[-9.20745148038292,38.7110520629214],[-9.20750496517661,38.7110921054906],[-9.20752064167666,38.7111101567085],[-9.20753119777955,38.7111241121922],[-9.20753435356115,38.7111358659473],[-9.20753935717729,38.7111545732556],[-9.20753857833794,38.7111869177934],[-9.20752751468688,38.711223501037],[-9.20749552118806,38.7113133328332],[-9.20754567053709,38.711329968053],[-9.20765000087419,38.7113645163333],[-9.2077971610874,38.7114093645142],[-9.20786898049607,38.71143123098],[-9.20788765018261,38.7114342114639],[-9.20797130220019,38.7114465932285],[-9.2080668003014,38.7114592259346],[-9.20809824942118,38.7114634401072],[-9.2081447516102,38.7114670654732],[-9.20820383919631,38.7114667016749],[-9.20833005698532,38.7114655401839],[-9.20851269256741,38.7114623269825],[-9.20874590958819,38.7114587380662],[-9.20901714241351,38.711460293497],[-9.20920922198418,38.711465819867],[-9.20928977211909,38.7114706628005],[-9.20935433942846,38.7114752919409],[-9.20947287752008,38.7114833873282],[-9.20952708096602,38.7114869411951],[-9.209621347477,38.7114940895843],[-9.20967165313289,38.7114983997864],[-9.2097617433761,38.711503063973],[-9.20982617593818,38.7115064334866],[-9.20992337455025,38.7115097707559],[-9.21001709937708,38.7115115189494],[-9.21008298900655,38.7115123530915],[-9.21004593080613,38.7116245703419],[-9.21000560812798,38.7118025750504],[-9.20998514091255,38.7119248190165],[-9.20995967097927,38.7120201755576],[-9.20994835310501,38.712063139863],[-9.20993302245638,38.7121212174074],[-9.20988864478303,38.7123588872887],[-9.20988737366691,38.7123656584789],[-9.20990225425959,38.7123677907728],[-9.20991963576203,38.7123703148984],[-9.20991603711099,38.7123833196464],[-9.20990793251051,38.7124331166009],[-9.20989602623972,38.7125053782695],[-9.20988229459229,38.7125695516112],[-9.2098740067355,38.7126084500826],[-9.20986548172344,38.7126455505998],[-9.2098596660303,38.7126849677315],[-9.2098522899635,38.7127082938818],[-9.20984587958561,38.7127274472825],[-9.20982919427752,38.7127769566089],[-9.20974622497957,38.7128804885521],[-9.20971690396871,38.7129170491998],[-9.20970254709383,38.7129349569639],[-9.20966663155045,38.7129797873369],[-9.20953064727769,38.7131391127282],[-9.2094431504707,38.7132339321292],[-9.20930582591155,38.7133827512459],[-9.20927675463231,38.7134142129916],[-9.20921895882356,38.7134768883087],[-9.20920502056362,38.7134919599282],[-9.20917715931508,38.7134765777921],[-9.20899798853504,38.7133776525983],[-9.20897801988459,38.7134009553915],[-9.20890529677076,38.7134832009779],[-9.20886541516539,38.7134764523237],[-9.20873816790707,38.713625620704],[-9.20873316518927,38.7136314518151],[-9.20872646465556,38.7136392609751],[-9.20870780305385,38.7136302293776],[-9.20865552379927,38.7136051764141],[-9.20862605815964,38.7135909052911],[-9.20848169889348,38.7135207734747],[-9.20843596476406,38.7135718046923],[-9.20838518479766,38.7136267113651],[-9.20785298329746,38.7133453244725],[-9.20781588287624,38.7133258670286],[-9.20779341690929,38.7133168816536],[-9.2076299819181,38.7132515930822],[-9.20759791026583,38.7132346428853],[-9.20752697120614,38.7132652011813],[-9.20712061649074,38.7136305994734],[-9.20703360926557,38.7136699550803],[-9.20702562773426,38.713673550194],[-9.20696919646643,38.7136990993978],[-9.20686446278577,38.7138529236365],[-9.20688643108605,38.7138618262335],[-9.20696132183468,38.7138892517767],[-9.2070371603059,38.7139243280269],[-9.20711140247088,38.7139579792574],[-9.20714787317308,38.7139774982116],[-9.20659281583712,38.714772105845],[-9.20655056447604,38.7148325923779],[-9.20652735380574,38.7148657090747],[-9.20638470672851,38.7148034478216],[-9.20633331860268,38.7147830277001],[-9.20624930815733,38.7147480128521],[-9.20621814380349,38.7147919890592],[-9.20620022600682,38.7148172722118],[-9.20590669430122,38.7152623386259],[-9.20586147939801,38.7153140982604],[-9.20582960088355,38.7153351084067],[-9.2056356141895,38.7154332731956],[-9.2063859877261,38.7160813322296],[-9.20663632753453,38.7162987297645],[-9.20675041267731,38.716406750152],[-9.20683623143135,38.7164879465209],[-9.20721691768582,38.7168790747627],[-9.2079030661712,38.7175513150754],[-9.20845455899211,38.7181297588888],[-9.20893101463903,38.7187259164956],[-9.20925883054746,38.7192775966806],[-9.20942985899775,38.7196461441294],[-9.20940517509037,38.719653744471],[-9.20938154580516,38.7196608177501],[-9.20933653751448,38.7196742886584],[-9.20826684164044,38.7199859088867],[-9.20741107955133,38.720235191335],[-9.20714346244503,38.7203151820577],[-9.20626283498886,38.7205784036788],[-9.20575515480099,38.7207313517441],[-9.20475198815692,38.7210335659428],[-9.2037331378263,38.7213348509204],[-9.20350017862198,38.7214116605986],[-9.20288756442913,38.7216209294595],[-9.20220573684028,38.7218629277926],[-9.20196452840672,38.7219485340651],[-9.20047219675106,38.7224849009873],[-9.198358869621,38.7232578735873],[-9.19793292714083,38.7234136192897],[-9.19780682792943,38.723459726333],[-9.19737548926937,38.7236130964454],[-9.19667675269192,38.7238638323954],[-9.19489533599132,38.7245139258916],[-9.19435857374442,38.7246999230089],[-9.19424914816306,38.7247378421267],[-9.19414522386445,38.7247738528653],[-9.19410276678919,38.7243874297741],[-9.19410144177414,38.7243751434621],[-9.19402756881677,38.7237025587464],[-9.19393446742072,38.7225405969805],[-9.19387206235622,38.7212905219994],[-9.19385042822926,38.7208566439346],[-9.19381713935975,38.7201942294341],[-9.19375477202454,38.7189547185259],[-9.19394193691229,38.7175877156315],[-9.19412724947396,38.7161871506743],[-9.19377507844152,38.7161875263641],[-9.19303417584295,38.716185256805],[-9.19294641223633,38.7136752219323],[-9.19314656227152,38.7136654718773],[-9.19295832659196,38.7131953550302],[-9.19279451071504,38.7127861060734],[-9.19246586206837,38.7121691668318],[-9.1923748294924,38.7119983169824],[-9.1922130698592,38.7116946871956],[-9.19210957136204,38.7115692611826],[-9.19204299631802,38.7115675242058],[-9.19203481356409,38.7115673167219],[-9.19029021431544,38.7105955073529],[-9.1902610190687,38.7105787654149],[-9.19022215345795,38.7105564893224],[-9.19009671810154,38.710525665603],[-9.19008811403778,38.7105235725084],[-9.19007943451549,38.7105214618896],[-9.18980723061137,38.7104545837688],[-9.18977545180985,38.7103729683754],[-9.18975886082489,38.7103303065748],[-9.18973646402823,38.7102727147508],[-9.18964065690655,38.710026601008],[-9.18962416204129,38.7100064038337],[-9.18937093055597,38.7096962892558],[-9.18927115557568,38.7095740604054],[-9.18902064239238,38.7092993330066],[-9.18891652675263,38.7091851402425],[-9.18873947509836,38.7089909299695],[-9.18833738917718,38.7086737169933],[-9.18764337324655,38.7081691338757],[-9.18726368052877,38.7078810807667],[-9.18688033615936,38.7076268279177],[-9.18669834556766,38.7075050070156],[-9.186130581562,38.7071249215511],[-9.18655431957646,38.7072631949035],[-9.18685955363528,38.7073627279138],[-9.18733431595787,38.7075170754132],[-9.18765614189999,38.7076066756304],[-9.18782240748267,38.7076426080772],[-9.18809624272735,38.7077017862733],[-9.18828954400684,38.7077270502027],[-9.18833294431314,38.7077327072467],[-9.18840523174407,38.7077404490545],[-9.18873007692383,38.7077753285377],[-9.18902753067399,38.7077679084911],[-9.18914311600329,38.7077649285553],[-9.18911344554776,38.707728076462],[-9.18900573574855,38.7075944831713],[-9.18894659785676,38.7074824257317],[-9.18893631484172,38.7074629673931],[-9.1889283270222,38.7073827036179],[-9.18891540924844,38.7072534558909],[-9.18899088030872,38.7069856202593],[-9.18908097324688,38.7066657941442],[-9.18910910578662,38.7065659440089],[-9.18924332037829,38.7061718935995],[-9.18928375534584,38.7060531750061],[-9.18929149882359,38.7060386857624],[-9.18932797222077,38.7059706096214],[-9.18933859929057,38.7059507821378],[-9.18937978255477,38.7058738661147],[-9.18970703432118,38.7054132185753],[-9.18988546668608,38.7051890272823],[-9.18999766716339,38.7050480313513],[-9.1900739224529,38.7049643901362],[-9.19027700279256,38.7047416808072],[-9.19048999963464,38.7045081497113],[-9.19074082094005,38.7042598001663],[-9.19102523384721,38.7039781506722],[-9.19110071389063,38.7038974826945],[-9.1911932933655,38.7037985449465],[-9.19138511332307,38.7035388249077],[-9.19140219209326,38.7034725144058],[-9.19166017836138,38.7024708053646],[-9.19189702098268,38.7015472551412],[-9.19194950325651,38.7013632077084],[-9.19195483655437,38.7013446226267],[-9.19197817478543,38.7013202397772],[-9.19202956021633,38.7012666374396],[-9.19338144207394,38.7005874191021]]]}},{"type":"Feature","properties":{"COD_SIG":"112","NOME":"Carnide"},"geometry":{"type":"Polygon","coordinates":[[[-9.17521506810302,38.7802655982374],[-9.17521955249293,38.7802489013392],[-9.17523100331786,38.7801928714981],[-9.17523427588042,38.7801768657651],[-9.17529216601227,38.7798935498311],[-9.17547972795541,38.7794425722909],[-9.17575224267662,38.7790172283869],[-9.17596698135204,38.7786783334104],[-9.17601413122637,38.7786024004734],[-9.17607424468853,38.7785055893454],[-9.17632687160767,38.7782492796354],[-9.17669838157152,38.7778723661712],[-9.17711532742412,38.7775118436221],[-9.17772438518676,38.7769976418251],[-9.17837031609686,38.7764717752553],[-9.17870919924959,38.7761958799529],[-9.17913471862327,38.7758485151044],[-9.17932921466206,38.7756558208819],[-9.17945106753708,38.7755350950404],[-9.17957810548794,38.775480000641],[-9.17974719896711,38.7754757825411],[-9.17986848859848,38.7754693871083],[-9.17995301827009,38.7754649294941],[-9.17996324469128,38.7753774635539],[-9.17996489759141,38.7753698180177],[-9.18004946050068,38.7749785506386],[-9.18008543712947,38.7748422117111],[-9.18011398019931,38.7747482759742],[-9.18012170391412,38.7747256879299],[-9.18012461625227,38.7747207288262],[-9.18013180816444,38.7747084826889],[-9.18014754664822,38.7746831198855],[-9.18016224039134,38.7746649726768],[-9.1801973797903,38.7746286264204],[-9.18023950089564,38.7745976230449],[-9.18024467698831,38.7745944259895],[-9.18030906463464,38.774554662733],[-9.18036617053722,38.7745253261379],[-9.18040505141936,38.7745087630617],[-9.1804520386986,38.7744957311046],[-9.18048876452237,38.7744890960671],[-9.18052669229199,38.7744860537824],[-9.18056812528785,38.7744865825405],[-9.18061652741366,38.774491552866],[-9.18066268105633,38.7745001467589],[-9.18089137416137,38.7745584459756],[-9.18098832394008,38.7745782929387],[-9.18105160396365,38.7745777249622],[-9.18109634275973,38.7745683158818],[-9.18114433615209,38.774545365704],[-9.18124467347776,38.7744823118561],[-9.18146581893778,38.7743398068589],[-9.18176663059046,38.7741371342445],[-9.18227049114174,38.7738137358007],[-9.18252814593153,38.7736501825528],[-9.18272766445106,38.7735240823231],[-9.18261902489555,38.7734512198443],[-9.1825784785369,38.7734240265735],[-9.18234067831152,38.773264536585],[-9.18221041900207,38.7731702261816],[-9.18203920370215,38.7730294428398],[-9.18191911511837,38.7729224297492],[-9.18177778856461,38.7727795763588],[-9.18169008604342,38.7726839815553],[-9.18160005059743,38.7725604751543],[-9.18151394348419,38.7724423564234],[-9.18141865199548,38.7722999895244],[-9.18121737367626,38.7719919326806],[-9.18110206323148,38.7718182185196],[-9.18083363853972,38.7714035721528],[-9.18071126823511,38.7712191114239],[-9.18061459334084,38.7710605431022],[-9.18050218265779,38.7708489698784],[-9.18036371095,38.7705862872097],[-9.18022641693354,38.7703253951526],[-9.18006628594594,38.7700764170934],[-9.17999465698012,38.7699779751001],[-9.17996954816961,38.7699133448466],[-9.17995027032364,38.7698540668943],[-9.17965215810837,38.769454095615],[-9.17955006457634,38.7693180942233],[-9.17934357782512,38.7690461109734],[-9.17893497732152,38.7692615830295],[-9.17866762791318,38.769402565715],[-9.17863259092216,38.7694210189327],[-9.17844839766137,38.769518025894],[-9.17812680797616,38.7697154706248],[-9.17767414959945,38.7699987597536],[-9.17691591939736,38.7704739412537],[-9.17687166209826,38.7704374058599],[-9.17681885193933,38.7703667170161],[-9.17678406827322,38.7702697448273],[-9.1767603689194,38.7701438494373],[-9.17675108033934,38.7700592597579],[-9.17674617014801,38.7699593182139],[-9.176753652216,38.7696836162424],[-9.17674778891214,38.769597194498],[-9.17673392431407,38.7695144482989],[-9.17671406525807,38.7693362729091],[-9.17663746052389,38.7688964818876],[-9.17667384139461,38.7688664313621],[-9.176708611586,38.768804867843],[-9.17673165427134,38.7687280965237],[-9.17674393513959,38.7686234975605],[-9.1767510947124,38.7685621817733],[-9.17676620886706,38.7684152209023],[-9.17687009453809,38.7674919044842],[-9.17688531379562,38.7673521493469],[-9.17690601906462,38.7670797999898],[-9.17693352188535,38.7669499752414],[-9.1769518502121,38.7667867718741],[-9.17695544526985,38.7667299813098],[-9.17696868014895,38.7665208943411],[-9.17696189607191,38.766347175963],[-9.17695398191428,38.7661445037538],[-9.17694165702857,38.7658518640357],[-9.17713417497709,38.7656959356048],[-9.1771451892208,38.7656870142516],[-9.17714222118709,38.765482916893],[-9.17713585303007,38.7650466414131],[-9.17713688968588,38.7644168948165],[-9.17713713582429,38.7642674640532],[-9.17713281852104,38.7642242180435],[-9.17712917225929,38.76418768085],[-9.17712767117444,38.764172131016],[-9.177120327447,38.7639829712165],[-9.17711261720691,38.7636911904875],[-9.17700341171277,38.763382302158],[-9.17696120436914,38.7630917314582],[-9.17692073257065,38.7629200458578],[-9.17691602539855,38.7628317632139],[-9.17692137037452,38.7627272753843],[-9.17692572271205,38.7627101218851],[-9.17693466274577,38.7626920269667],[-9.17699544096125,38.7625996050315],[-9.17718955611438,38.7623411500914],[-9.17737770645398,38.7620683354113],[-9.17745441808769,38.7619640608061],[-9.17750753726705,38.7618987298321],[-9.17757206864381,38.7618269916356],[-9.17771920639916,38.7616608345859],[-9.17776222222654,38.7616127089362],[-9.17783354935841,38.7615337037875],[-9.17794227155892,38.7614156305423],[-9.1780667951253,38.7612766984651],[-9.17810531488467,38.7612358189383],[-9.17811798831669,38.7612216077635],[-9.17821624514418,38.7611114206288],[-9.17832915888381,38.7609653858485],[-9.17840087229126,38.7608341322116],[-9.1784557243208,38.7607300526369],[-9.17854247552613,38.7605257022362],[-9.17857757450089,38.7604082878758],[-9.17859134387756,38.7603270951931],[-9.17859588396303,38.7602441834363],[-9.17859924006892,38.7600802131122],[-9.17820535935955,38.7600119481881],[-9.17808515309645,38.7599615721711],[-9.17760058745913,38.7597584979574],[-9.17704897336565,38.7595273202676],[-9.17682191160118,38.7594195465059],[-9.17656394868925,38.7593227674835],[-9.1763883801535,38.759274794365],[-9.1762096351749,38.7592062211546],[-9.17576134440708,38.7590352960483],[-9.17558942033645,38.758921532315],[-9.17547646347766,38.7588279601863],[-9.17533886583065,38.7587012789635],[-9.17513514768715,38.7585371755022],[-9.17505244249388,38.7584668433304],[-9.17486972786005,38.7583624527837],[-9.17467679488983,38.7582435610094],[-9.17436149341164,38.7580324401294],[-9.17413260986375,38.7578463105513],[-9.17428048333932,38.7577939183513],[-9.17447541506101,38.7577498432222],[-9.17466599354687,38.7577229220676],[-9.17498169297874,38.7576461969663],[-9.17519618821069,38.7576413550609],[-9.17583872798061,38.7576274212718],[-9.17650184635704,38.7575971761625],[-9.1768642941163,38.7575696160871],[-9.17745424381452,38.7574994945154],[-9.17824040353709,38.7573707563393],[-9.17836844310948,38.757347730578],[-9.17845365190746,38.7573324076198],[-9.17847814627032,38.7573280035121],[-9.17848999145564,38.7573258704585],[-9.17904691279581,38.7572256266705],[-9.17960485013059,38.7570908257649],[-9.18023489613151,38.7569310638898],[-9.1806890699661,38.7567889833716],[-9.18103977764293,38.7566683755123],[-9.18124605418836,38.7565974348507],[-9.18166395405179,38.7564305812178],[-9.18249327063725,38.7560994556075],[-9.18262227769521,38.7560367826528],[-9.18288449413,38.7559093889463],[-9.18359423866294,38.7555298257362],[-9.18439146652815,38.7550467568879],[-9.18443687456913,38.7550192420628],[-9.18519625641139,38.7544768440042],[-9.18535711054279,38.7543480604453],[-9.18551376505026,38.7542226364473],[-9.18563321583023,38.7541246636601],[-9.18593375798832,38.7538781699415],[-9.18625385557182,38.7535817396983],[-9.1864033765576,38.7534432757489],[-9.18642673455159,38.7534201856713],[-9.18682180552871,38.7530298746603],[-9.18696622408368,38.7528871958094],[-9.18735072638149,38.7524340621516],[-9.18736014521725,38.7524389618559],[-9.18743088395262,38.7524757621695],[-9.18803381520502,38.7527981966965],[-9.18816511476358,38.7528687859533],[-9.18828212122762,38.7529345770505],[-9.18858017954396,38.7531067273207],[-9.18934037436157,38.7535105773981],[-9.18949534183292,38.7535946262593],[-9.18996118657969,38.7538472794431],[-9.19070111720113,38.7542531330795],[-9.19129677569297,38.7545485937927],[-9.19142562285082,38.7546266938749],[-9.19160883604964,38.7547250183424],[-9.19212649741862,38.7551130601681],[-9.19250286547154,38.7553591594273],[-9.19258131804025,38.7554521280451],[-9.19291176241918,38.7556265811804],[-9.19299879030562,38.7556771346885],[-9.19312060634972,38.7557462892235],[-9.19321786694553,38.7557886429982],[-9.19329182883612,38.7558113918544],[-9.19347407365107,38.7558439662649],[-9.19373850892462,38.7558334576917],[-9.19416650585185,38.755759309194],[-9.19428567635746,38.7557552468458],[-9.19438267015363,38.755751939664],[-9.19446548763631,38.7557511872994],[-9.19452611044323,38.7557634899308],[-9.19455895105338,38.755770154731],[-9.19458403021952,38.7557898731207],[-9.19459465818765,38.7557982310879],[-9.1946427566829,38.7558360496337],[-9.19470616606385,38.7559228481156],[-9.19466815025935,38.7560005179738],[-9.19439129757362,38.7565661574424],[-9.19402163813926,38.7572387885749],[-9.19376407228268,38.7575981169442],[-9.1937453010865,38.7576243026132],[-9.19369928578438,38.7576884984765],[-9.1937922102123,38.7577205571581],[-9.19385192212757,38.7577411583472],[-9.1942770103099,38.7579354651863],[-9.19451562351061,38.7580449917468],[-9.19528179841306,38.7582767283346],[-9.19532621471398,38.7582897730616],[-9.19605827789014,38.7585047634356],[-9.19735367817427,38.7588920050609],[-9.19763812252244,38.7589884967644],[-9.19788627942475,38.7590429825627],[-9.19805689375171,38.7590591065179],[-9.19804987790935,38.7590652267271],[-9.19803293388646,38.75912492133],[-9.19794996548681,38.7596681925979],[-9.19786628651978,38.760172874373],[-9.19783510689459,38.7604122217713],[-9.19782500084765,38.7604822844428],[-9.1978282850883,38.7605197061371],[-9.1978344439379,38.7605899066973],[-9.19788012596503,38.7605836283108],[-9.19790677358963,38.7605799655098],[-9.19810436971448,38.7605454599398],[-9.1981205393896,38.7605426363103],[-9.19812975520609,38.7605846236904],[-9.19815873845041,38.760837984128],[-9.19816453348232,38.7608886516246],[-9.19817269288005,38.7609599718807],[-9.19830045127975,38.7610653147743],[-9.19876328397536,38.7614469394479],[-9.19880450766376,38.7614809297369],[-9.19889684100026,38.7615570602204],[-9.19944787478205,38.7614620422756],[-9.2001225203402,38.7617407943302],[-9.20059924548169,38.7619377660559],[-9.20069861891507,38.7619744101717],[-9.20067686890541,38.7620311155623],[-9.20066085643545,38.7620728583052],[-9.20043889979675,38.762615419281],[-9.20040902003376,38.7626446171801],[-9.20040249017995,38.7626480277103],[-9.20037620277979,38.7626617573865],[-9.20035126644583,38.7626747802981],[-9.19983689470742,38.7627989832567],[-9.19979222777654,38.7628097681851],[-9.19903292139274,38.7631777415117],[-9.19864205273454,38.7633851004589],[-9.19851879130114,38.7634124901804],[-9.19843594956394,38.7634121560655],[-9.1983735696523,38.7634184089869],[-9.1983397624549,38.7634151729058],[-9.19829788479298,38.7634111642276],[-9.19824870382782,38.7634068158306],[-9.19820468548058,38.7634029255281],[-9.19812883982281,38.7633864936555],[-9.19807415487991,38.7633754972781],[-9.19805303548758,38.7633712504444],[-9.1979279127449,38.7633600026028],[-9.19783460563465,38.7633516147013],[-9.19778374302326,38.7633529770787],[-9.19776777636741,38.7633534043538],[-9.19771566599609,38.763368643366],[-9.19769392047801,38.7633826825028],[-9.19767816762118,38.7633928530477],[-9.19763328419634,38.7633834719109],[-9.19760200665477,38.7635432459586],[-9.19759788248929,38.7635646432782],[-9.19755536343027,38.7637380686397],[-9.1975083860325,38.7638979329514],[-9.19748688844942,38.7639819093419],[-9.19747010432665,38.7640474716566],[-9.19746713269969,38.7640590149773],[-9.19744390585971,38.7641126465656],[-9.19742227622429,38.7641496692047],[-9.19740215575857,38.7641841064898],[-9.19739200030428,38.7642014886795],[-9.19738521443061,38.7642131048213],[-9.19738310788128,38.764217236032],[-9.1974446514614,38.7642485682238],[-9.19746973422075,38.764261274246],[-9.19755806286769,38.7643060142754],[-9.19766208598098,38.7643587126905],[-9.1976912632614,38.7643734926991],[-9.19773296934508,38.7644330665884],[-9.19774161383308,38.7644454125514],[-9.19777596091797,38.7644944797831],[-9.19784572767618,38.7645941235913],[-9.19805244349779,38.7649008416275],[-9.19809241134142,38.7649616576488],[-9.19828305989585,38.7652517500432],[-9.19839910336593,38.765434006537],[-9.19848213015606,38.765577292093],[-9.19849939757247,38.7656070932503],[-9.19850498150026,38.7656735751349],[-9.19849052850566,38.7657116497073],[-9.19847842370721,38.7657434246136],[-9.19847402914884,38.7657549571535],[-9.19841067726007,38.7658294650911],[-9.19827500200775,38.7659892287588],[-9.19822310274051,38.7660581519672],[-9.19809695052855,38.7662376005076],[-9.1980182320585,38.7663608502945],[-9.19795250053255,38.7664759217601],[-9.19785324657512,38.7666224250498],[-9.19773167666939,38.766782329827],[-9.19758245751756,38.766977769135],[-9.19742820241021,38.7672129528657],[-9.1973156246405,38.7673721425999],[-9.1972461004274,38.7674704488073],[-9.19719974735874,38.7675277255673],[-9.19710225140432,38.7676481932026],[-9.19704043204144,38.7677151480621],[-9.19699135168755,38.7677683034266],[-9.19694353346666,38.7678323738969],[-9.19692518897027,38.76785695398],[-9.19701810082179,38.7679947743088],[-9.19703361023514,38.7680218743942],[-9.19704964156971,38.7680498856961],[-9.19705831660042,38.7680945140868],[-9.19706509169429,38.7681293718116],[-9.19705972605709,38.768162086984],[-9.19705201042713,38.7682091183887],[-9.19700250696674,38.7682938188243],[-9.19696352726996,38.7683298979533],[-9.19689616979333,38.7683921244621],[-9.19678699753684,38.7684866253881],[-9.19674566515229,38.7685224046481],[-9.19653881907497,38.7686947141309],[-9.19647551749187,38.7687537402029],[-9.19637845093213,38.7688442518879],[-9.19635673056688,38.7688669755705],[-9.19626639957518,38.7689614807702],[-9.19618783741199,38.769044596719],[-9.19604629795752,38.7691943424599],[-9.1959846429863,38.7692807723967],[-9.19597502382624,38.7693224499643],[-9.19597565893516,38.7693577665464],[-9.19598511280521,38.7693783573721],[-9.19601971231668,38.7694493217485],[-9.19603881948278,38.7695049944259],[-9.19603333886122,38.7695446834545],[-9.19597711330759,38.769594642978],[-9.19591077452051,38.7696446094704],[-9.19585887704989,38.769667386828],[-9.19584412850958,38.7696738605242],[-9.19574501918091,38.7697098023794],[-9.19568474312367,38.7697209504653],[-9.19560927475831,38.7697349078074],[-9.19557725251338,38.7697490213335],[-9.19552434084485,38.769772342159],[-9.19537953421766,38.7698691406275],[-9.19530496057435,38.7699124077292],[-9.19523442575656,38.7699533320125],[-9.19517623109582,38.7700016019193],[-9.19504404849335,38.7701349468503],[-9.19487208220189,38.770324411115],[-9.19452467044385,38.7707559750938],[-9.19446509956409,38.7708209337615],[-9.19441279874995,38.770877965501],[-9.19421552691692,38.7710095466482],[-9.19419726955708,38.7710216890645],[-9.19397534256275,38.7711272111073],[-9.19393869579076,38.7711483316057],[-9.19389673548384,38.7711725134341],[-9.19370169057438,38.771319128244],[-9.19360725967173,38.7713828082194],[-9.19355085355672,38.771420844026],[-9.1933693920727,38.771529143149],[-9.19335389343911,38.7715387970598],[-9.19316189112353,38.7716583957671],[-9.19311821144116,38.7716845216477],[-9.1930591283466,38.7717198601727],[-9.1930084939073,38.7717393360298],[-9.19298014397527,38.7717270613658],[-9.19300998151743,38.7718205626512],[-9.19309598352778,38.7720047851011],[-9.19311205887977,38.7720392213962],[-9.19317801947615,38.7721805144566],[-9.19320519261518,38.7722360253196],[-9.19319791536306,38.7722508247073],[-9.19318951162358,38.7722679142808],[-9.19317340932211,38.7722809018217],[-9.19310836141408,38.7722862666054],[-9.19289908719054,38.7722960934034],[-9.19277343084858,38.7723039423745],[-9.19268986147603,38.7723091628817],[-9.19263007769557,38.7723109270965],[-9.19261061389829,38.7723115020946],[-9.19258951606553,38.7722991399837],[-9.19257579340127,38.7722911005134],[-9.1924418554907,38.7721744955244],[-9.19229171826064,38.7720595677206],[-9.19225911570402,38.7720432386944],[-9.19223236387486,38.7720298406958],[-9.19220402202766,38.7720275126795],[-9.19219771675267,38.7720270357303],[-9.19214931552516,38.7720465374171],[-9.19198191716691,38.7721420056085],[-9.19190045524202,38.7721941253376],[-9.19177241117804,38.7722760483028],[-9.19174581385911,38.7722977560659],[-9.19171829307207,38.7723202174131],[-9.19162200894497,38.7723841437228],[-9.19150872959102,38.772440211215],[-9.19146220224919,38.7724632391098],[-9.19134081559977,38.7725282123311],[-9.19112805052307,38.7726420972444],[-9.19105381823955,38.7726750778846],[-9.19069673881245,38.7728337245593],[-9.19052473748667,38.7729096160138],[-9.19037144088175,38.7729772557864],[-9.19034865062299,38.7730378723253],[-9.19033001866569,38.7730875303505],[-9.19030022424266,38.7731149100441],[-9.19029126534434,38.7731231203083],[-9.19012637328572,38.7732077280655],[-9.19005966439273,38.7732419578758],[-9.18989007684012,38.773328974707],[-9.18985841751455,38.7733434012801],[-9.18983441363184,38.7733543393926],[-9.1897402252743,38.7733696336976],[-9.18973168858416,38.7733705182432],[-9.18965321176096,38.7733780463344],[-9.18956208935348,38.7735518204287],[-9.18952720507606,38.773622001864],[-9.18945671247906,38.7737638240544],[-9.18942513220527,38.7738614035974],[-9.18937056314502,38.7740300086593],[-9.18926935086025,38.7741598751504],[-9.18922489862674,38.7742129724867],[-9.18912224185101,38.7743355949946],[-9.18910061940214,38.7743565709728],[-9.189087187792,38.7743696008543],[-9.18905016282927,38.7743948867314],[-9.18896270015823,38.7744047146397],[-9.18873804857367,38.7744299570832],[-9.18856774596211,38.7744506577992],[-9.18833464931556,38.7744789936365],[-9.18826859080284,38.7744906879439],[-9.18823000726307,38.774497605219],[-9.1882174137811,38.7745127858235],[-9.1881933748641,38.7745417596471],[-9.18812398000839,38.7746551532085],[-9.18792273313024,38.775103995584],[-9.18777576066492,38.775291492019],[-9.18775223109268,38.775322938404],[-9.18769507578272,38.7753993223454],[-9.18762956703896,38.7754755332228],[-9.18758466025789,38.7755277779765],[-9.18756931972779,38.7755431768653],[-9.18754780777166,38.7755647722814],[-9.18744977462472,38.7756433038773],[-9.18736999704099,38.7756820321394],[-9.18676085483669,38.775753562414],[-9.18657027185928,38.7757831968441],[-9.18603113177183,38.7758906580546],[-9.18592746439142,38.7758878210258],[-9.18587019679206,38.775886254392],[-9.18578288773296,38.7759213870399],[-9.18573640261196,38.7759400927903],[-9.18571438939592,38.7760374522548],[-9.18567125858418,38.7762294955451],[-9.18525266881462,38.7764458745309],[-9.18519082160392,38.7764780375369],[-9.18507169152254,38.7765586074632],[-9.18494286053437,38.7766458030319],[-9.18491964627082,38.7766776003806],[-9.18488046535138,38.7767312680039],[-9.18391451231624,38.7775522698258],[-9.18385418685166,38.7776086490959],[-9.18384538156524,38.7776168812528],[-9.18380147371078,38.7776579236703],[-9.18362267483326,38.7778250456071],[-9.18345539595096,38.7780321953094],[-9.18340631290215,38.7780986803213],[-9.1833251896421,38.7782085660013],[-9.18322700198492,38.778347182885],[-9.18320593199993,38.7783841638223],[-9.18316607105583,38.7784541752313],[-9.18311188467787,38.7785493491232],[-9.18305524679754,38.7785573577752],[-9.18301923603273,38.7785623439239],[-9.18286452727618,38.7785837717541],[-9.18281725433269,38.7785918567351],[-9.18276752090362,38.7786003625964],[-9.18247296871184,38.7786507387592],[-9.18213259794898,38.7787089484463],[-9.181959895039,38.7787384836064],[-9.18193256110152,38.7787431616105],[-9.1819020731791,38.7787715055466],[-9.18176350804652,38.7789003353664],[-9.18171889950615,38.7789418091291],[-9.18164766579905,38.7789966746582],[-9.18160777161728,38.7790052063821],[-9.18158354854565,38.7790103871822],[-9.18156001897341,38.7790154188186],[-9.18154258447037,38.7790191472014],[-9.18144248429994,38.779029036799],[-9.18141721738595,38.7790315319578],[-9.18134725479501,38.7790360663817],[-9.18113324644992,38.7790499350644],[-9.18100649955322,38.7790702597807],[-9.18071288340599,38.7791215361926],[-9.18068306922002,38.7791267975183],[-9.18043649245431,38.779170306209],[-9.18026115837883,38.7792205209014],[-9.17999095232789,38.779304510769],[-9.17995082638077,38.7793169837128],[-9.17968530414574,38.779416557097],[-9.17955749005048,38.7794584171213],[-9.17953412397161,38.7794884512797],[-9.17951769558169,38.7795095686021],[-9.17946437877297,38.77961897591],[-9.17935513914283,38.7798432634829],[-9.17932083877036,38.7798628400644],[-9.17917657113234,38.7798823094964],[-9.17911839084466,38.7798690229157],[-9.17900995430839,38.7798442585938],[-9.17879070159869,38.7799444965156],[-9.17851518291115,38.7800532546905],[-9.17843575567035,38.7800780749627],[-9.17830587994153,38.7801281356531],[-9.17804137190445,38.7802304166086],[-9.17779470171393,38.7802061251051],[-9.17772769098701,38.7801994415787],[-9.17766432382686,38.780193123601],[-9.17755256082911,38.7801382919058],[-9.17752538230019,38.7801249409465],[-9.17748760724418,38.7801063854548],[-9.17741992278078,38.7800731365394],[-9.17733451006525,38.7800550565292],[-9.17728309319332,38.7800441726661],[-9.17727630552305,38.7800427349765],[-9.17706669353296,38.7799983626631],[-9.1769536773854,38.7799744387316],[-9.17644284321255,38.77986600397],[-9.17630412536636,38.7799925271657],[-9.17626025703778,38.7800326116236],[-9.17612682487874,38.7801530707462],[-9.17602072126727,38.7802488579215],[-9.17588849913893,38.7803682256364],[-9.1756799013468,38.7804141236376],[-9.17551449006196,38.7803602164874],[-9.17543885011839,38.7803363704089],[-9.17521506810302,38.7802655982374]]]}},{"type":"Feature","properties":{"COD_SIG":"102","NOME":"Alcântara"},"geometry":{"type":"MultiPolygon","coordinates":[[[[-9.17378988731152,38.70742360206],[-9.17384563585973,38.7069559628736],[-9.17385086225804,38.70691213817],[-9.17388798244223,38.7065946439796],[-9.17390015820759,38.7064910363372],[-9.17390373170578,38.7064600173864],[-9.1739139599236,38.7063727311686],[-9.17397534450192,38.7061587005514],[-9.17399262808798,38.7060981043313],[-9.17402392269753,38.705989101668],[-9.17407908644249,38.7058137694774],[-9.17409919073856,38.7057416181147],[-9.17410246779271,38.705729788464],[-9.174126177028,38.7056446338493],[-9.1744859522993,38.7043517851629],[-9.17450324217357,38.7042995661275],[-9.17450896623857,38.704282130097],[-9.17528291785642,38.7019383452492],[-9.17536373209604,38.7016934233555],[-9.1753681383325,38.7016802329864],[-9.1754390441545,38.7014653961275],[-9.17540512287107,38.7013144581383],[-9.17490690194314,38.6990983994018],[-9.17589939570332,38.6989345200343],[-9.1759293814675,38.6987912087088],[-9.17592924582191,38.6987904494344],[-9.17592941919674,38.6987910341388],[-9.17592949735016,38.6987912977465],[-9.17598766236649,38.6987810773372],[-9.17598780430033,38.6987810520982],[-9.17598790580993,38.6987810303646],[-9.17683336062949,38.6986324598858],[-9.17704914404557,38.6985945388368],[-9.17707983768219,38.6985939597395],[-9.17711431322617,38.6985933084302],[-9.17714251224125,38.6986000059079],[-9.17716040398678,38.6986042551917],[-9.17717520193446,38.6986099732509],[-9.17720269128044,38.698620595407],[-9.17721386003439,38.6986286354618],[-9.17721423103859,38.6986289011733],[-9.17724396437618,38.6986503032226],[-9.17724579783769,38.6986522697682],[-9.17724587239785,38.6986523489909],[-9.17726256579078,38.6986702428009],[-9.17728015480405,38.6986987657617],[-9.17728603158263,38.6987187200492],[-9.17729187512355,38.6987758963225],[-9.17729192542922,38.6987763828752],[-9.17729194339549,38.6987765686626],[-9.17727904358804,38.6988069683835],[-9.17727898519753,38.6988071036928],[-9.17725660007896,38.6988352550246],[-9.17724183447063,38.6988444118818],[-9.17722504585631,38.6988548229768],[-9.17712441657819,38.6988854421037],[-9.17709828997644,38.6988933916889],[-9.17683770039063,38.6989457696114],[-9.17670001201378,38.6989734434513],[-9.1766758051118,38.6989789125966],[-9.17655852376324,38.6990054050999],[-9.17655760119346,38.6990056133214],[-9.17652652307788,38.6990186099841],[-9.17649319108927,38.6990386784588],[-9.17649267994789,38.6990389897392],[-9.17643876396283,38.6990797008573],[-9.17640866770588,38.6991162426223],[-9.17638496206384,38.6991450269085],[-9.17638484079126,38.6991451748365],[-9.17633501663235,38.699238767679],[-9.17631747972138,38.6992746482446],[-9.17631734587241,38.6992749209646],[-9.17631721292174,38.6992751894781],[-9.17631245544402,38.6992849197621],[-9.17630485749333,38.6993004542816],[-9.17630468861005,38.6993008027181],[-9.17630465447409,38.6993008784347],[-9.17630451164195,38.6993011700837],[-9.17630417387541,38.699301861348],[-9.17629606298668,38.6993184523902],[-9.17629599651136,38.6993185869975],[-9.17627452587777,38.6993625074953],[-9.17601658362707,38.700207207129],[-9.17610481974754,38.7002618709797],[-9.1761051521242,38.7002620777953],[-9.17625374694691,38.7003541324327],[-9.17648984037327,38.7002717827066],[-9.17661003136502,38.7002298587144],[-9.17665072325077,38.7002156627402],[-9.17670606665878,38.7001963566596],[-9.1767612744212,38.7001770989477],[-9.17735816450329,38.6999688925272],[-9.17781238505029,38.699810444976],[-9.1780213322871,38.6997375570355],[-9.17822956895646,38.6996649150984],[-9.178530320422,38.6995600039284],[-9.17859117589261,38.6995387774206],[-9.17859385197386,38.6995378442871],[-9.17859652805508,38.6995369104523],[-9.17890646209945,38.6994287902598],[-9.17890638843759,38.699428540676],[-9.17866708802569,38.6986277107293],[-9.17862549872301,38.6986092553386],[-9.17861636734811,38.6986052037614],[-9.1778503990582,38.6987436604471],[-9.17782402272482,38.6987486977417],[-9.17782293306838,38.6987489052628],[-9.17781510694563,38.6987487902849],[-9.1777958452693,38.6987485077477],[-9.17776268665554,38.698741760507],[-9.17773031945752,38.6987292124884],[-9.17772322815667,38.6987246266911],[-9.17772138122043,38.6987234341454],[-9.17771201987688,38.6987173788734],[-9.17768509377455,38.6986885972195],[-9.17767241405432,38.6986585613117],[-9.17767192087921,38.6986357683104],[-9.17767945684613,38.6986054694731],[-9.17768645921377,38.6985919721596],[-9.17768807707961,38.6985888544285],[-9.17768820464036,38.6985887001895],[-9.177712478916,38.6985594417449],[-9.1777127376308,38.6985592840004],[-9.17772911212179,38.6985493397861],[-9.17775177571809,38.6985419398147],[-9.17839114174011,38.6984280103055],[-9.17851478405917,38.698405982118],[-9.17856552629632,38.6983969408842],[-9.17860088129095,38.6983906423068],[-9.17876246665098,38.6983618486029],[-9.17877033858782,38.6983603342515],[-9.17877160521239,38.6983600909737],[-9.17879329233998,38.6983559215995],[-9.17879432270759,38.6983557231914],[-9.17884633965411,38.6983457214596],[-9.17889602996406,38.6983361677221],[-9.17894195992622,38.698327336105],[-9.17897303804181,38.6983213614247],[-9.17897359499727,38.6983212555603],[-9.17914023966899,38.6982892143827],[-9.17938610586731,38.6982447393648],[-9.17938602232398,38.6982444407006],[-9.17935987236607,38.6981496666213],[-9.1793592866645,38.6981475402131],[-9.17935711094489,38.698139659953],[-9.17935395606162,38.6981282209546],[-9.17935393450206,38.6981281424324],[-9.17933628440335,38.6980641755701],[-9.17928704594598,38.6980420463133],[-9.17928662373781,38.6980418577196],[-9.17928621680099,38.6980403714051],[-9.1792800983756,38.6980179848401],[-9.17927959352239,38.6980161332562],[-9.17926952071311,38.6979792817474],[-9.17926950364513,38.6979792165458],[-9.17926981625885,38.6979791611595],[-9.17929009662469,38.6979755673599],[-9.17943185796305,38.6979504486167],[-9.17943216608518,38.6979503939314],[-9.17943681037521,38.6979704837386],[-9.17943682834152,38.6979705657664],[-9.1794434156875,38.6979990602615],[-9.17943286317787,38.6980139051858],[-9.17941873627171,38.6980337608104],[-9.17940953931983,38.6980466861383],[-9.17940602511041,38.698051623226],[-9.17940578705688,38.698051959049],[-9.17941196207613,38.6980741822489],[-9.17941200609359,38.6980743378912],[-9.17942341469769,38.6981153888865],[-9.17942345063031,38.6981155206916],[-9.17942885130179,38.6981349535303],[-9.17942937142635,38.6981368233396],[-9.17943823510324,38.6981687215629],[-9.17945572889508,38.6982316710503],[-9.17945585465924,38.6982321253566],[-9.1800546222203,38.698119544253],[-9.18128865499408,38.697887507996],[-9.18158633062809,38.6978315340895],[-9.18186673615078,38.6977788055049],[-9.18196793675742,38.6977597756988],[-9.18210545175943,38.6977339200292],[-9.18211683610901,38.6977317802879],[-9.1821674741416,38.6977222580177],[-9.18217944598938,38.6977200075031],[-9.18219187058807,38.6977176707537],[-9.18734344373948,38.6967488218008],[-9.18749047459531,38.69672116603],[-9.18749408312778,38.6967204880618],[-9.18749663254658,38.6967200085062],[-9.18753100208933,38.6968333546135],[-9.18766807062865,38.6972903422983],[-9.18806116621045,38.6984921212665],[-9.18807259637415,38.698526787924],[-9.18895712521358,38.698324498798],[-9.18898381775393,38.698318402829],[-9.18924146625551,38.6982595050149],[-9.19033194285701,38.6980551623367],[-9.19117892840581,38.6979344447728],[-9.19204729834992,38.699020477667],[-9.19252878815568,38.6996253057042],[-9.19265811860713,38.6997739316086],[-9.19336614556126,38.7005702780166],[-9.19338144207394,38.7005874191021],[-9.19202956021633,38.7012666374396],[-9.19197817478543,38.7013202397772],[-9.19195483655437,38.7013446226267],[-9.19194950325651,38.7013632077084],[-9.19189702098268,38.7015472551412],[-9.19166017836138,38.7024708053646],[-9.19140219209326,38.7034725144058],[-9.19138511332307,38.7035388249077],[-9.1911932933655,38.7037985449465],[-9.19110071389063,38.7038974826945],[-9.19102523384721,38.7039781506722],[-9.19074082094005,38.7042598001663],[-9.19048999963464,38.7045081497113],[-9.19027700279256,38.7047416808072],[-9.1900739224529,38.7049643901362],[-9.18999766716339,38.7050480313513],[-9.18988546668608,38.7051890272823],[-9.18970703432118,38.7054132185753],[-9.18937978255477,38.7058738661147],[-9.18933859929057,38.7059507821378],[-9.18932797222077,38.7059706096214],[-9.18929149882359,38.7060386857624],[-9.18928375534584,38.7060531750061],[-9.18924332037829,38.7061718935995],[-9.18910910578662,38.7065659440089],[-9.18908097324688,38.7066657941442],[-9.18899088030872,38.7069856202593],[-9.18891540924844,38.7072534558909],[-9.1889283270222,38.7073827036179],[-9.18893631484172,38.7074629673931],[-9.18894659785676,38.7074824257317],[-9.18900573574855,38.7075944831713],[-9.18911344554776,38.707728076462],[-9.18914311600329,38.7077649285553],[-9.18902753067399,38.7077679084911],[-9.18873007692383,38.7077753285377],[-9.18840523174407,38.7077404490545],[-9.18833294431314,38.7077327072467],[-9.18828954400684,38.7077270502027],[-9.18809624272735,38.7077017862733],[-9.18782240748267,38.7076426080772],[-9.18765614189999,38.7076066756304],[-9.18733431595787,38.7075170754132],[-9.18685955363528,38.7073627279138],[-9.18655431957646,38.7072631949035],[-9.186130581562,38.7071249215511],[-9.18669834556766,38.7075050070156],[-9.18688033615936,38.7076268279177],[-9.18726368052877,38.7078810807667],[-9.18764337324655,38.7081691338757],[-9.18833738917718,38.7086737169933],[-9.18873947509836,38.7089909299695],[-9.18891652675263,38.7091851402425],[-9.18902064239238,38.7092993330066],[-9.18927115557568,38.7095740604054],[-9.18937093055597,38.7096962892558],[-9.18962416204129,38.7100064038337],[-9.18964065690655,38.710026601008],[-9.18973646402823,38.7102727147508],[-9.18975886082489,38.7103303065748],[-9.18977545180985,38.7103729683754],[-9.18980723061137,38.7104545837688],[-9.19007943451549,38.7105214618896],[-9.19008811403778,38.7105235725084],[-9.19009671810154,38.710525665603],[-9.19022215345795,38.7105564893224],[-9.1902610190687,38.7105787654149],[-9.19029021431544,38.7105955073529],[-9.19203481356409,38.7115673167219],[-9.19204299631802,38.7115675242058],[-9.19210957136204,38.7115692611826],[-9.1922130698592,38.7116946871956],[-9.1923748294924,38.7119983169824],[-9.19246586206837,38.7121691668318],[-9.19279451071504,38.7127861060734],[-9.19295832659196,38.7131953550302],[-9.19314656227152,38.7136654718773],[-9.19294641223633,38.7136752219323],[-9.19303417584295,38.716185256805],[-9.19377507844152,38.7161875263641],[-9.19412724947396,38.7161871506743],[-9.19394193691229,38.7175877156315],[-9.19375477202454,38.7189547185259],[-9.19381713935975,38.7201942294341],[-9.19385042822926,38.7208566439346],[-9.19387206235622,38.7212905219994],[-9.19393446742072,38.7225405969805],[-9.19402756881677,38.7237025587464],[-9.19410144177414,38.7243751434621],[-9.19410276678919,38.7243874297741],[-9.19414522386445,38.7247738528653],[-9.19405495036493,38.7248051308853],[-9.19398000571741,38.724831119034],[-9.19390681008975,38.724856821235],[-9.19386389577198,38.7248718981641],[-9.1938518897882,38.7248764072956],[-9.19382124106737,38.7248878686462],[-9.19290573741858,38.7251473162963],[-9.19197651020721,38.7253357289073],[-9.19160873992992,38.7254103098716],[-9.19079466865313,38.7254923552198],[-9.19049751134704,38.7255162140203],[-9.19022303740019,38.7255382457694],[-9.18996584075119,38.7255474062151],[-9.18945150943694,38.7255656745413],[-9.18915641376443,38.7255547277027],[-9.18900889692003,38.7255492290532],[-9.18819313770887,38.7255091308083],[-9.18771838975929,38.725451544206],[-9.18756750602921,38.7254332611334],[-9.18694186716308,38.7253507202348],[-9.18613296119917,38.7251882270011],[-9.18564944838742,38.7250816187364],[-9.18539336475105,38.7250251825478],[-9.18536271692851,38.725020679733],[-9.18526291410042,38.7250060002045],[-9.18434813179884,38.7248533549356],[-9.18429797077168,38.7248449786286],[-9.18411222432374,38.7248268299599],[-9.18385161407667,38.7248013492101],[-9.1821352542673,38.7246335606498],[-9.18184376712726,38.7245942201906],[-9.18147483173502,38.7245444590411],[-9.18089198142251,38.7244206983294],[-9.18058735821807,38.724348757074],[-9.17995165822075,38.724196816843],[-9.17927316248327,38.724034635661],[-9.17885963112707,38.7239391437673],[-9.17836456687904,38.7238247837622],[-9.17819870553825,38.7237831188745],[-9.17814264257966,38.7237690348054],[-9.17812073716147,38.7237635521377],[-9.17799769401871,38.7237343152082],[-9.17792763171475,38.7237177088063],[-9.17783791247574,38.7236964334033],[-9.17566237970718,38.7231800076171],[-9.1750215575161,38.7230278553478],[-9.17496159317425,38.7230136379689],[-9.17491374890221,38.7230022828464],[-9.17493617713991,38.7229522879069],[-9.17501220874894,38.7227832699203],[-9.17503756818941,38.7227154066634],[-9.1752530695345,38.7221388663437],[-9.17537760028739,38.7217441392389],[-9.17541690068274,38.7215996422183],[-9.17544692956605,38.7212139322625],[-9.1754375565444,38.7209727888918],[-9.1753616498012,38.7206475662757],[-9.17529119673011,38.7204505556211],[-9.17519036892429,38.7201684407501],[-9.17514189942483,38.7200531152114],[-9.17502302715989,38.7197701703329],[-9.17498799286382,38.7196318531861],[-9.17493751832464,38.7194327819418],[-9.1748824021904,38.7190662982018],[-9.17487835348341,38.7187879044898],[-9.17488344872768,38.718649230091],[-9.17489111405201,38.7184398214613],[-9.17490196031073,38.7183463953318],[-9.17491216607069,38.7182587577601],[-9.17497733525129,38.718004068014],[-9.17507701860344,38.7176888084869],[-9.17536579372961,38.7167752780604],[-9.17581690430909,38.7152860536481],[-9.17589376326648,38.7148631415797],[-9.17589730622197,38.7148302751127],[-9.17590510000536,38.7147575020143],[-9.17595637135023,38.7142826954004],[-9.17595200823289,38.7142281565204],[-9.17594189230448,38.7141018594856],[-9.17583026764725,38.7136367046511],[-9.17566885656038,38.7132813347731],[-9.17550874084413,38.7129287718184],[-9.17526789892322,38.7124163982246],[-9.1752312593377,38.7123394478011],[-9.17513781478523,38.7121446110332],[-9.1745337058415,38.7108740619518],[-9.17445555241179,38.7107095569698],[-9.1743759796439,38.7105423612895],[-9.17399109196884,38.7097601349591],[-9.17377904464602,38.7093291113909],[-9.17370995342089,38.7091472296961],[-9.17367317010495,38.7085853826965],[-9.17367991196116,38.708495515227],[-9.17371035227287,38.7080899847716],[-9.17378988731152,38.70742360206]]],[[[-9.17591207362692,38.6986945985104],[-9.17590780752764,38.698670784039],[-9.17591411370093,38.6986918187069],[-9.17591467514798,38.6986936927081],[-9.17591474970814,38.6986939766477],[-9.17591433019493,38.6986940740985],[-9.17591207362692,38.6986945985104]]]]}},{"type":"Feature","properties":{"COD_SIG":"123","NOME":"São Domingos de Benfica"},"geometry":{"type":"Polygon","coordinates":[[[-9.16969609208525,38.7573221710637],[-9.16977989861303,38.7570719133244],[-9.16977878739706,38.7570522751474],[-9.16973034035546,38.756196341277],[-9.16972114250524,38.7560338460607],[-9.16971850415327,38.7560023659542],[-9.16971427129165,38.7559518827289],[-9.16969193827537,38.7556855066794],[-9.16964650148828,38.7552490360962],[-9.16959628476561,38.7547207296623],[-9.16959178959593,38.7546487075382],[-9.16959983041602,38.7545684673385],[-9.16945284088272,38.7544274504386],[-9.1693081905624,38.7542891149275],[-9.16903493922267,38.7540228944979],[-9.16869309342611,38.7536775450407],[-9.16851209906605,38.7534917901074],[-9.16845019975309,38.7534274832856],[-9.16816196720933,38.7531444947513],[-9.1679718657289,38.7529651246728],[-9.1678504727913,38.752843696308],[-9.16773493597104,38.7527294211078],[-9.16770156355824,38.7526857659869],[-9.16767748242042,38.7526542654887],[-9.16766214548357,38.7526446944906],[-9.16721779921817,38.7523673892899],[-9.16698173363958,38.7521911277481],[-9.16625397878353,38.751491765136],[-9.16610217697525,38.7513458823112],[-9.16585370476429,38.751106674046],[-9.16563266979705,38.7509679727055],[-9.16546334275589,38.7507597264805],[-9.16543267876367,38.7506275839591],[-9.16543044016197,38.7506152937535],[-9.16539894792306,38.7504423234034],[-9.16538987943026,38.7503941229332],[-9.16538524322507,38.750369481489],[-9.16533502740069,38.7502480241885],[-9.16529693344278,38.7501558845853],[-9.16526724681756,38.7500840792389],[-9.1651244982307,38.7499168972197],[-9.16478429724945,38.7493923961486],[-9.16204299922677,38.7451656979088],[-9.16202025657872,38.7451306299879],[-9.16647950173391,38.7432207257783],[-9.16634587284381,38.7431443066871],[-9.16595873129574,38.7429229116353],[-9.16307692777944,38.741274804515],[-9.16286019484409,38.7411508485719],[-9.16284187639881,38.7411403707671],[-9.16228858515072,38.7408841251121],[-9.1622516679858,38.7408670273217],[-9.16223192391416,38.7408578828538],[-9.16214541794894,38.7408178184256],[-9.16176537937978,38.7407999092407],[-9.16018307965182,38.7408138393078],[-9.15895399120536,38.7408809118321],[-9.15894438282507,38.7408658936347],[-9.15893302272998,38.7408481273988],[-9.15886473819198,38.7407413785454],[-9.15878720819305,38.7406400842797],[-9.15862009909234,38.7404217651396],[-9.1575008728085,38.7389560189978],[-9.1577231699087,38.7388616555418],[-9.15869991440534,38.7384505509804],[-9.15889842860839,38.7383669201233],[-9.15891350054222,38.7383605711139],[-9.15932722683287,38.7381862733821],[-9.15942248149062,38.7381461443922],[-9.15945914982221,38.7381306967922],[-9.15980401665304,38.7379854067863],[-9.15989147393416,38.73797067807],[-9.15994240212257,38.7379621007985],[-9.15995776780549,38.7379595131123],[-9.16010931808552,38.7379339900995],[-9.16022613410674,38.7379143165275],[-9.16054842807111,38.7379749334221],[-9.16070537992095,38.7380044525117],[-9.1629336752377,38.7384235216472],[-9.16370612307578,38.7385687813326],[-9.1637822301433,38.7385826123364],[-9.16462463518244,38.7387356830207],[-9.16591623469458,38.738970364934],[-9.16592861078426,38.7389763873675],[-9.16642401639209,38.7392174580636],[-9.16666516643514,38.7393905242751],[-9.16703484742907,38.7396792015242],[-9.16722435691974,38.7399461964437],[-9.16734412570329,38.7401149362976],[-9.16743827363666,38.74024757754],[-9.16831794977693,38.741400516814],[-9.16843628305269,38.7415556056797],[-9.16845168466826,38.7415731510302],[-9.16854071400109,38.7416745721939],[-9.16884469041852,38.7415010974242],[-9.16978697374424,38.7409633422988],[-9.16988590430815,38.7409005915935],[-9.16991803794419,38.7408802083578],[-9.17017292592289,38.7406905846394],[-9.17038673843524,38.7405238437705],[-9.17050819605156,38.7404128707562],[-9.17064649887606,38.740273823526],[-9.17074796089246,38.7402116691927],[-9.17101838433569,38.7398246359283],[-9.17105304223768,38.739755868862],[-9.17120402029085,38.7394599741609],[-9.17129036186437,38.7392277077262],[-9.17141306993556,38.7392031969602],[-9.17153703295319,38.7391858808532],[-9.17167831099794,38.7391729139151],[-9.1717990975727,38.7391745423149],[-9.17192004135268,38.7391869781311],[-9.17211257187763,38.739218593178],[-9.17231120555662,38.7392744751217],[-9.1725459326454,38.7393606617213],[-9.17274571706627,38.7394439466773],[-9.17323656731732,38.7391898397419],[-9.17386345214676,38.73886530194],[-9.17426980865878,38.7365492957005],[-9.17448460123313,38.7344025465178],[-9.17564357347671,38.7347318086124],[-9.17606712194665,38.7348514416771],[-9.177085356033,38.7351390490427],[-9.17720418068719,38.7351733776976],[-9.17748519257268,38.7352545562466],[-9.17904392949075,38.7356991891624],[-9.18104273040525,38.7362625383773],[-9.18147457930844,38.7363870087219],[-9.18161134242055,38.736426427474],[-9.18166723649585,38.7364425257064],[-9.18169741899106,38.7364486793868],[-9.18191382763459,38.7364927921928],[-9.18211161869383,38.7365539799743],[-9.18229237050881,38.7366131580572],[-9.1829026490819,38.7368129592264],[-9.18339371492859,38.7370466181159],[-9.18399273042467,38.7373248825313],[-9.18418387574746,38.7374156442887],[-9.18535314088755,38.7379708266184],[-9.18614614667094,38.7383523792722],[-9.18618600581841,38.7383737014617],[-9.18623618930343,38.7384005514356],[-9.18628610329389,38.7384505530824],[-9.18630890163749,38.7384733985542],[-9.18642207139696,38.7385841748844],[-9.18646882241931,38.738703004108],[-9.18647433987178,38.7387223656544],[-9.18648774093918,38.7387694003446],[-9.18647988517203,38.7388897245349],[-9.18647675903483,38.7389375838278],[-9.18648639885615,38.738982985768],[-9.18647402546143,38.7390566002482],[-9.18645821780737,38.7390859815556],[-9.18643047603477,38.7391375221357],[-9.18627184882695,38.7393000109685],[-9.18615337721064,38.7394120451495],[-9.18600266685543,38.7395545554399],[-9.18592340310801,38.7396392310272],[-9.18584834617109,38.7397519142088],[-9.18582719084615,38.7397836810538],[-9.18580837293758,38.7398547323157],[-9.18579744403383,38.7398960052587],[-9.18579408163973,38.7399082594729],[-9.18577626625102,38.7399732125884],[-9.18578832523539,38.7401831634958],[-9.1857895604189,38.7402671761973],[-9.18588055616392,38.7403920809889],[-9.18590471904845,38.7404232239473],[-9.18594021777351,38.7404689556619],[-9.18599921283316,38.740509071435],[-9.18606207603844,38.7405518133151],[-9.18616608208372,38.7406243786703],[-9.18673719231381,38.7408909398438],[-9.18699042379913,38.7410091290204],[-9.18700811701696,38.7410172203615],[-9.18708051224571,38.7410503003998],[-9.18723701583619,38.7411277776405],[-9.18724723507088,38.7411328378734],[-9.18730448829719,38.7411561554386],[-9.18744070164036,38.7412116196691],[-9.18757124841069,38.7412664784794],[-9.18772390900839,38.7413000404616],[-9.18785392756936,38.7413268711179],[-9.18800200136921,38.7413535567261],[-9.18805246962018,38.7413616893674],[-9.18810518545602,38.7413701891573],[-9.18815793812277,38.7413736854847],[-9.1882439158786,38.7413793847082],[-9.18837363709719,38.7413782124927],[-9.18842834359969,38.7413761868651],[-9.18849882092531,38.7413735684733],[-9.18863741031241,38.74136537978],[-9.18877604910682,38.741360613143],[-9.18902359425641,38.7412994827302],[-9.18910397820298,38.7412796314151],[-9.18919574290588,38.7412569704161],[-9.19015773167567,38.7439225179665],[-9.19016476278938,38.7439359387588],[-9.19017244248673,38.7439506193019],[-9.18977983109687,38.7440353821612],[-9.1898052399447,38.7444348625385],[-9.18980598824132,38.7444466297319],[-9.18982801852534,38.7447929830129],[-9.18984738710119,38.7450975006938],[-9.1898018676691,38.7455279407045],[-9.18973636162029,38.7460071133568],[-9.18970877166297,38.7462426443452],[-9.18957920495458,38.7472984623994],[-9.18941963002415,38.7481986596861],[-9.18937281342478,38.748462753806],[-9.18931130218403,38.7488097363549],[-9.18923816315022,38.7489882593501],[-9.18923538555936,38.7489950403805],[-9.18910112335701,38.7493227436444],[-9.18883086879703,38.749974202081],[-9.18879185765921,38.7500565968294],[-9.1884991029963,38.7506749295696],[-9.18826744994242,38.7510873782084],[-9.18815566358845,38.7512864137912],[-9.18790215003211,38.7516700004974],[-9.18781215141707,38.7518075501472],[-9.18744131608801,38.7523109025015],[-9.18735072638149,38.7524340621516],[-9.18696622408368,38.7528871958094],[-9.18682180552871,38.7530298746603],[-9.18642673455159,38.7534201856713],[-9.1864033765576,38.7534432757489],[-9.18625385557182,38.7535817396983],[-9.18593375798832,38.7538781699415],[-9.18563321583023,38.7541246636601],[-9.18551376505026,38.7542226364473],[-9.18535711054279,38.7543480604453],[-9.18519625641139,38.7544768440042],[-9.18443687456913,38.7550192420628],[-9.18439146652815,38.7550467568879],[-9.18359423866294,38.7555298257362],[-9.18288449413,38.7559093889463],[-9.18262227769521,38.7560367826528],[-9.18249327063725,38.7560994556075],[-9.18166395405179,38.7564305812178],[-9.18124605418836,38.7565974348507],[-9.18103977764293,38.7566683755123],[-9.1806890699661,38.7567889833716],[-9.18023489613151,38.7569310638898],[-9.17960485013059,38.7570908257649],[-9.17904691279581,38.7572256266705],[-9.17848999145564,38.7573258704585],[-9.17847814627032,38.7573280035121],[-9.17845365190746,38.7573324076198],[-9.17836844310948,38.757347730578],[-9.17824040353709,38.7573707563393],[-9.17745424381452,38.7574994945154],[-9.1768642941163,38.7575696160871],[-9.17650184635704,38.7575971761625],[-9.17583872798061,38.7576274212718],[-9.17519618821069,38.7576413550609],[-9.17498169297874,38.7576461969663],[-9.17482292293878,38.7576446859724],[-9.17218487457991,38.757518601584],[-9.1706159911907,38.7573947824208],[-9.16969609208525,38.7573221710637]]]}},{"type":"Feature","properties":{"COD_SIG":"114","NOME":"Lumiar"},"geometry":{"type":"Polygon","coordinates":[[[-9.14180479220708,38.7777360222708],[-9.14239910142938,38.7770330596548],[-9.14262121437494,38.7767703353302],[-9.14269243370899,38.7766859306898],[-9.14285516531936,38.7764930664504],[-9.14312590137631,38.7761721977587],[-9.14365239228624,38.7755389412608],[-9.14434370788109,38.7747296175343],[-9.14490470577605,38.7740770558051],[-9.14505919085209,38.7738952437008],[-9.14523155779216,38.7736923842305],[-9.14571714930553,38.7731301007479],[-9.14599985002376,38.7727627551452],[-9.14616509961182,38.7725031401027],[-9.14628148444174,38.7723202923519],[-9.14635755647494,38.7721475237826],[-9.14641430574638,38.7720186404433],[-9.14664155975034,38.7716088453042],[-9.14673371252545,38.7713397416157],[-9.14690521798116,38.770866038076],[-9.14701046819312,38.7705845180496],[-9.14729470503049,38.7698242373942],[-9.14732788340719,38.769735491231],[-9.14736502065933,38.7696275374785],[-9.14756487514881,38.769046574635],[-9.14759899585823,38.7685526003013],[-9.1475517866951,38.7681237251528],[-9.14739553283627,38.7677387259017],[-9.14737297613949,38.7676845731334],[-9.14707533104821,38.7669700162353],[-9.14704229101207,38.7668906983289],[-9.14694182432898,38.7666495004414],[-9.14692476801669,38.7666085539506],[-9.14678530097556,38.7662737269043],[-9.14664133966308,38.7658547476917],[-9.14652793993488,38.7655247122502],[-9.14645962036256,38.7652149808322],[-9.14645469489988,38.7651926517311],[-9.14645395199315,38.7651401780707],[-9.14644891873261,38.7647848808684],[-9.14649788140714,38.7645753672357],[-9.14653939165812,38.7643977384627],[-9.14664006225874,38.764140175396],[-9.14672459013372,38.7639239145806],[-9.14716457507842,38.7630507871284],[-9.14693229500047,38.7623218979176],[-9.146871647939,38.7621315816518],[-9.14686236744378,38.7621024612942],[-9.14835003863973,38.7617721766421],[-9.1484164043763,38.761753415342],[-9.14852363806838,38.7617230872248],[-9.14964849139917,38.7614049532756],[-9.1505576673151,38.7610879043422],[-9.15073894194951,38.7610246830942],[-9.15120969149774,38.7608605030198],[-9.15140416867193,38.760792699055],[-9.15163078127876,38.760727993235],[-9.15170712460318,38.7607061943918],[-9.15182203709433,38.7606740480907],[-9.15186764545962,38.7606612895945],[-9.15274231708547,38.7604166018724],[-9.15420108498715,38.7600085067107],[-9.15511282918644,38.7597534320398],[-9.15514808356976,38.7597435677893],[-9.15967535275154,38.7584667508645],[-9.15978948191177,38.7584347065281],[-9.15984133985648,38.7584201466472],[-9.16001692186696,38.7583708475761],[-9.1614384887361,38.757971700862],[-9.16189599621871,38.7578699673066],[-9.16250911167151,38.7577336293064],[-9.16306970173129,38.7576089685063],[-9.16348913861218,38.7575156944742],[-9.16389434528065,38.7574255831197],[-9.16424346024445,38.7573479442336],[-9.16481203632713,38.7573286893117],[-9.16484449335666,38.7573275902111],[-9.16546551128898,38.7572572442381],[-9.16589348755495,38.7572601513584],[-9.16598394251418,38.7572607650059],[-9.16632603444908,38.7572577380983],[-9.16684293853831,38.7572531616603],[-9.16694798752762,38.7572522313817],[-9.16750216271799,38.7572686219357],[-9.16758075991544,38.7572709462305],[-9.16775858232424,38.7572752529707],[-9.16964070016819,38.7573208295865],[-9.16969609208525,38.7573221710637],[-9.1706159911907,38.7573947824208],[-9.17218487457991,38.757518601584],[-9.17482292293878,38.7576446859724],[-9.17498169297874,38.7576461969663],[-9.17466599354687,38.7577229220676],[-9.17447541506101,38.7577498432222],[-9.17428048333932,38.7577939183513],[-9.17413260986375,38.7578463105513],[-9.17436149341164,38.7580324401294],[-9.17467679488983,38.7582435610094],[-9.17486972786005,38.7583624527837],[-9.17505244249388,38.7584668433304],[-9.17513514768715,38.7585371755022],[-9.17533886583065,38.7587012789635],[-9.17547646347766,38.7588279601863],[-9.17558942033645,38.758921532315],[-9.17576134440708,38.7590352960483],[-9.1762096351749,38.7592062211546],[-9.1763883801535,38.759274794365],[-9.17656394868925,38.7593227674835],[-9.17682191160118,38.7594195465059],[-9.17704897336565,38.7595273202676],[-9.17760058745913,38.7597584979574],[-9.17808515309645,38.7599615721711],[-9.17820535935955,38.7600119481881],[-9.17859924006892,38.7600802131122],[-9.17859588396303,38.7602441834363],[-9.17859134387756,38.7603270951931],[-9.17857757450089,38.7604082878758],[-9.17854247552613,38.7605257022362],[-9.1784557243208,38.7607300526369],[-9.17840087229126,38.7608341322116],[-9.17832915888381,38.7609653858485],[-9.17821624514418,38.7611114206288],[-9.17811798831669,38.7612216077635],[-9.17810531488467,38.7612358189383],[-9.1780667951253,38.7612766984651],[-9.17794227155892,38.7614156305423],[-9.17783354935841,38.7615337037875],[-9.17776222222654,38.7616127089362],[-9.17771920639916,38.7616608345859],[-9.17757206864381,38.7618269916356],[-9.17750753726705,38.7618987298321],[-9.17745441808769,38.7619640608061],[-9.17737770645398,38.7620683354113],[-9.17718955611438,38.7623411500914],[-9.17699544096125,38.7625996050315],[-9.17693466274577,38.7626920269667],[-9.17692572271205,38.7627101218851],[-9.17692137037452,38.7627272753843],[-9.17691602539855,38.7628317632139],[-9.17692073257065,38.7629200458578],[-9.17696120436914,38.7630917314582],[-9.17700341171277,38.763382302158],[-9.17711261720691,38.7636911904875],[-9.177120327447,38.7639829712165],[-9.17712767117444,38.764172131016],[-9.17712917225929,38.76418768085],[-9.17713281852104,38.7642242180435],[-9.17713713582429,38.7642674640532],[-9.17713688968588,38.7644168948165],[-9.17713585303007,38.7650466414131],[-9.17714222118709,38.765482916893],[-9.1771451892208,38.7656870142516],[-9.17713417497709,38.7656959356048],[-9.17694165702857,38.7658518640357],[-9.17695398191428,38.7661445037538],[-9.17696189607191,38.766347175963],[-9.17696868014895,38.7665208943411],[-9.17695544526985,38.7667299813098],[-9.1769518502121,38.7667867718741],[-9.17693352188535,38.7669499752414],[-9.17690601906462,38.7670797999898],[-9.17688531379562,38.7673521493469],[-9.17687009453809,38.7674919044842],[-9.17676620886706,38.7684152209023],[-9.1767510947124,38.7685621817733],[-9.17674393513959,38.7686234975605],[-9.17673165427134,38.7687280965237],[-9.176708611586,38.768804867843],[-9.17667384139461,38.7688664313621],[-9.17663746052389,38.7688964818876],[-9.17671406525807,38.7693362729091],[-9.17673392431407,38.7695144482989],[-9.17674778891214,38.769597194498],[-9.176753652216,38.7696836162424],[-9.17674617014801,38.7699593182139],[-9.17675108033934,38.7700592597579],[-9.1767603689194,38.7701438494373],[-9.17678406827322,38.7702697448273],[-9.17681885193933,38.7703667170161],[-9.17687166209826,38.7704374058599],[-9.17691591939736,38.7704739412537],[-9.17767414959945,38.7699987597536],[-9.17812680797616,38.7697154706248],[-9.17844839766137,38.769518025894],[-9.17863259092216,38.7694210189327],[-9.17866762791318,38.769402565715],[-9.17893497732152,38.7692615830295],[-9.17934357782512,38.7690461109734],[-9.17955006457634,38.7693180942233],[-9.17965215810837,38.769454095615],[-9.17995027032364,38.7698540668943],[-9.17996954816961,38.7699133448466],[-9.17999465698012,38.7699779751001],[-9.18006628594594,38.7700764170934],[-9.18022641693354,38.7703253951526],[-9.18036371095,38.7705862872097],[-9.18050218265779,38.7708489698784],[-9.18061459334084,38.7710605431022],[-9.18071126823511,38.7712191114239],[-9.18083363853972,38.7714035721528],[-9.18110206323148,38.7718182185196],[-9.18121737367626,38.7719919326806],[-9.18141865199548,38.7722999895244],[-9.18151394348419,38.7724423564234],[-9.18160005059743,38.7725604751543],[-9.18169008604342,38.7726839815553],[-9.18177778856461,38.7727795763588],[-9.18191911511837,38.7729224297492],[-9.18203920370215,38.7730294428398],[-9.18221041900207,38.7731702261816],[-9.18234067831152,38.773264536585],[-9.1825784785369,38.7734240265735],[-9.18261902489555,38.7734512198443],[-9.18272766445106,38.7735240823231],[-9.18252814593153,38.7736501825528],[-9.18227049114174,38.7738137358007],[-9.18176663059046,38.7741371342445],[-9.18146581893778,38.7743398068589],[-9.18124467347776,38.7744823118561],[-9.18114433615209,38.774545365704],[-9.18109634275973,38.7745683158818],[-9.18105160396365,38.7745777249622],[-9.18098832394008,38.7745782929387],[-9.18089137416137,38.7745584459756],[-9.18066268105633,38.7745001467589],[-9.18061652741366,38.774491552866],[-9.18056812528785,38.7744865825405],[-9.18052669229199,38.7744860537824],[-9.18048876452237,38.7744890960671],[-9.1804520386986,38.7744957311046],[-9.18040505141936,38.7745087630617],[-9.18036617053722,38.7745253261379],[-9.18030906463464,38.774554662733],[-9.18024467698831,38.7745944259895],[-9.18023950089564,38.7745976230449],[-9.1801973797903,38.7746286264204],[-9.18016224039134,38.7746649726768],[-9.18014754664822,38.7746831198855],[-9.18013180816444,38.7747084826889],[-9.18012461625227,38.7747207288262],[-9.18012170391412,38.7747256879299],[-9.18011398019931,38.7747482759742],[-9.18008543712947,38.7748422117111],[-9.18004946050068,38.7749785506386],[-9.17996489759141,38.7753698180177],[-9.17996324469128,38.7753774635539],[-9.17995301827009,38.7754649294941],[-9.17986848859848,38.7754693871083],[-9.17974719896711,38.7754757825411],[-9.17957810548794,38.775480000641],[-9.17945106753708,38.7755350950404],[-9.17932921466206,38.7756558208819],[-9.17913471862327,38.7758485151044],[-9.17870919924959,38.7761958799529],[-9.17837031609686,38.7764717752553],[-9.17772438518676,38.7769976418251],[-9.17711532742412,38.7775118436221],[-9.17669838157152,38.7778723661712],[-9.17632687160767,38.7782492796354],[-9.17607424468853,38.7785055893454],[-9.17601413122637,38.7786024004734],[-9.17596698135204,38.7786783334104],[-9.17575224267662,38.7790172283869],[-9.17547972795541,38.7794425722909],[-9.17529216601227,38.7798935498311],[-9.17523427588042,38.7801768657651],[-9.17523100331786,38.7801928714981],[-9.17521955249293,38.7802489013392],[-9.17521506810302,38.7802655982374],[-9.17512742576897,38.780238194678],[-9.17453233770732,38.7804099779587],[-9.17400047397366,38.7805635079746],[-9.17394013683098,38.780569000287],[-9.1739040335397,38.7805722867106],[-9.17390024354755,38.7806062881961],[-9.17389754141515,38.7806311727018],[-9.17372974510325,38.7811963956309],[-9.1735898998714,38.7812469926474],[-9.17349866158123,38.7812799917176],[-9.1735382674038,38.7816356682456],[-9.17356358013187,38.7818589992101],[-9.17357971028112,38.7820013176177],[-9.173395550258,38.7820416208305],[-9.17325047323792,38.7820732561125],[-9.1732337978113,38.7819847387711],[-9.17323086481188,38.7819689463218],[-9.17322592587447,38.7819423249167],[-9.17322364684857,38.7819300499078],[-9.17319807899898,38.7819448304776],[-9.1730747187509,38.7820161387883],[-9.17300957921467,38.7820482761734],[-9.1729300630407,38.7820875072507],[-9.17282074435882,38.7821518372632],[-9.17281116562294,38.7821574751087],[-9.17279488186178,38.7821714748344],[-9.17269693585142,38.7822556846111],[-9.17262319404806,38.782344526539],[-9.17239471114881,38.7826098549108],[-9.17228196629243,38.7827002152638],[-9.17220682221893,38.7827323754493],[-9.17219298546861,38.7827382989553],[-9.17204771800568,38.7827677764258],[-9.17187013005718,38.7827943590084],[-9.17176683547761,38.7828098193515],[-9.17158372917827,38.7828250591095],[-9.171387864107,38.7828572381456],[-9.17119058598576,38.7828850223399],[-9.17111465408974,38.7830236077254],[-9.17111565211804,38.7830345730639],[-9.1711166672143,38.7830457526795],[-9.17111801738217,38.7830606002428],[-9.17112199063066,38.7831042710939],[-9.17112412053622,38.783128618331],[-9.17109570682379,38.7832158835952],[-9.17101685270814,38.7833431053036],[-9.17098733676284,38.7833774380888],[-9.17097759543192,38.7833887464975],[-9.17095994263826,38.7834092499424],[-9.17085734694799,38.7835005091079],[-9.17076474142197,38.7835519861078],[-9.17067117829185,38.7835982763019],[-9.17046875102741,38.7836701543644],[-9.17035912242677,38.7836813072709],[-9.17029389305906,38.7836778648344],[-9.17022912093381,38.7836744476069],[-9.17011823828502,38.7839026039064],[-9.1701001929276,38.7839405672131],[-9.17002867355625,38.7840910295462],[-9.17000232866391,38.7841423702719],[-9.16994305153327,38.784257891321],[-9.16988639838155,38.7843650421577],[-9.16985299452772,38.7844282154129],[-9.16973224208891,38.7846643877702],[-9.16969350673387,38.7847444477755],[-9.16962287849128,38.7848904927013],[-9.1696071292277,38.7849281417747],[-9.16957850351286,38.7849966125363],[-9.16957412242922,38.7850070937065],[-9.16957618406282,38.785014184321],[-9.16958874520543,38.785057349104],[-9.16959777956224,38.785088402551],[-9.1695992474094,38.7850934477633],[-9.16965144042573,38.7852731292123],[-9.16960153452011,38.7853096836157],[-9.16958536843828,38.7853306892772],[-9.16951511389484,38.7854219711919],[-9.16943768989714,38.7854912551508],[-9.16938844515159,38.7855353222457],[-9.16934653964189,38.785547260522],[-9.16927691661412,38.7855670932233],[-9.16926840687341,38.7855694193972],[-9.16926061578495,38.7855463208091],[-9.16920166743769,38.7855138965043],[-9.16910131933226,38.7854587005775],[-9.16895465498908,38.7853780251676],[-9.16843573687702,38.7850810318488],[-9.16837960564649,38.7850489063342],[-9.16682407122241,38.7837925631417],[-9.16624302382863,38.783323256578],[-9.16606714267915,38.7832136539798],[-9.1660514176701,38.7832038545955],[-9.16583557945679,38.7830805575814],[-9.16550540816571,38.7829294474774],[-9.16542344318421,38.7829050084383],[-9.16538560344951,38.7828937265627],[-9.16531469852581,38.7828725843329],[-9.16527322151252,38.7828693477337],[-9.16521943218992,38.7828707636583],[-9.16501553168845,38.7828761304466],[-9.16480500790834,38.7828815945705],[-9.16471419452133,38.7828887022025],[-9.16462008431721,38.7829066484451],[-9.16456388211977,38.7829197558938],[-9.1644860772364,38.7829510700677],[-9.16439914457139,38.7829878686512],[-9.16432037040582,38.7830318014433],[-9.16425316833772,38.7830801360264],[-9.16394206738179,38.7832936630948],[-9.1635500183373,38.7835601489539],[-9.16339969695261,38.7836704687774],[-9.16324257442288,38.7837880549295],[-9.16308331839436,38.7839173693621],[-9.16302175055972,38.7839575461474],[-9.16294714906867,38.7839717156801],[-9.16281128786508,38.7839675099866],[-9.16273050506653,38.7839520085798],[-9.16261828931788,38.7839115635959],[-9.16255431309996,38.7838643870892],[-9.162546779828,38.7838556416702],[-9.1625250522762,38.7838304158675],[-9.16251217402828,38.7838152162387],[-9.16247771375569,38.7837398559747],[-9.16246608686096,38.7836516831252],[-9.16246763645482,38.7835994247157],[-9.16249777133935,38.7835343040231],[-9.16253173484361,38.7834952712133],[-9.16257260190083,38.7834561781603],[-9.16263766058866,38.7834186725619],[-9.16271541516639,38.7833837578852],[-9.16300847525648,38.7832757827737],[-9.1631148932783,38.7832334082014],[-9.16332888006379,38.7831486491775],[-9.16343276214157,38.7830900831821],[-9.16350204560617,38.7830264178605],[-9.16353675650875,38.7829594542643],[-9.16354867445761,38.7829080055472],[-9.1635429423078,38.7828296892278],[-9.16353256766459,38.7827487118319],[-9.16352604859055,38.7826956236515],[-9.16351958072052,38.782646138978],[-9.16347319351586,38.7824618907934],[-9.16343787714881,38.7823270878469],[-9.16340081715175,38.7822310324603],[-9.16332237985439,38.7820587780849],[-9.16317285258043,38.7817448285976],[-9.16314200084032,38.78168024542],[-9.16311214353519,38.7816048450849],[-9.16308081209472,38.781506937204],[-9.16301048748271,38.7811787780876],[-9.16300394325586,38.7811238890274],[-9.16300135610785,38.781104095006],[-9.16297372842129,38.780863833831],[-9.16299209537558,38.7807808009818],[-9.16296844722572,38.7807368717049],[-9.16295344536049,38.7806541335262],[-9.16295137384541,38.7805901978218],[-9.16295161639056,38.7805271416149],[-9.16295330791823,38.7804847906193],[-9.16295836004341,38.7804361048355],[-9.16296443355302,38.7803784021632],[-9.16297273129131,38.7803152750402],[-9.16298547479193,38.780241299743],[-9.16299184654225,38.7802043120655],[-9.16299925225345,38.7801592080537],[-9.1630013722775,38.780146578393],[-9.16301115672759,38.7801068581483],[-9.16302659158081,38.7800598822075],[-9.16303648023546,38.7800273671716],[-9.16305322123907,38.7799911889158],[-9.16306998739556,38.7799568117827],[-9.16308230689136,38.7799332835002],[-9.16313953676148,38.7798318921862],[-9.16317543613518,38.779767621006],[-9.16318105958884,38.7797585634555],[-9.16320353992884,38.7797214333687],[-9.16322931708592,38.7796734655622],[-9.16325173274719,38.7796318325585],[-9.1632661848435,38.7795965749856],[-9.16326946818585,38.7795848359963],[-9.16327370733569,38.7795595771697],[-9.16327802463894,38.7795397217886],[-9.16328864811548,38.7794783761684],[-9.16330294480322,38.7794323108951],[-9.16331817124729,38.7793709238651],[-9.16333878758308,38.7792842680539],[-9.16336704229372,38.7791687207394],[-9.16340415169808,38.7790287741875],[-9.16343908987442,38.7788978542089],[-9.16346521288288,38.7787940355854],[-9.16347915832936,38.7787236526507],[-9.16348748032217,38.7786623266372],[-9.16348663680409,38.7786037842689],[-9.16321382294388,38.7785980852162],[-9.16320394776399,38.7786315007906],[-9.16318534724769,38.7786983220884],[-9.16316354154248,38.7787822859596],[-9.16314721645883,38.7788472849381],[-9.16312537122775,38.7789285468837],[-9.16309582294312,38.7790341972887],[-9.16307834711758,38.7790992072424],[-9.16306315930106,38.7791632955475],[-9.16305115062236,38.7792084401061],[-9.16303011926492,38.7792662746802],[-9.16300103271433,38.7793241806375],[-9.16295500573411,38.7793771466757],[-9.16292337964623,38.7793694917642],[-9.16287331473883,38.7793573745789],[-9.16269787106888,38.7793081368936],[-9.16217274020829,38.7791349384614],[-9.1617340012269,38.7790713830567],[-9.16146720428248,38.7790325873056],[-9.16106580916576,38.7789717853804],[-9.16073909998176,38.7789266112595],[-9.1605271379989,38.778858478516],[-9.1599462010979,38.7786386053448],[-9.15998365006546,38.7785202578763],[-9.15999211758534,38.778468839571],[-9.16000355852881,38.7783840664801],[-9.16001370679658,38.7782893965868],[-9.16001703954628,38.7782527720555],[-9.16002265222018,38.7781911340012],[-9.16003009386397,38.7781375031921],[-9.16003516575208,38.7781009472128],[-9.16004434473765,38.7780188964787],[-9.1600543277154,38.7779234781717],[-9.16005547486402,38.7779125078455],[-9.16005659955476,38.7779034059399],[-9.16006372229664,38.7778457782522],[-9.16006630764802,38.7777854046049],[-9.16006510390554,38.7777016433502],[-9.16006205322683,38.7776494254001],[-9.16005287334296,38.7775711397216],[-9.16003842843317,38.777484621786],[-9.16003650514015,38.7774731002464],[-9.16002797294159,38.7774373962072],[-9.16002426200114,38.7774218639676],[-9.16000817407272,38.7773893974512],[-9.16000265123037,38.7773784508535],[-9.15997830149628,38.7773466033946],[-9.15973009877991,38.7771163223694],[-9.159718878822,38.7771048553949],[-9.15970570862162,38.7770843074179],[-9.15969701113306,38.7770707408896],[-9.15968829747478,38.7770248778534],[-9.15967470955778,38.7769601419339],[-9.15964744389228,38.7768243663491],[-9.15962383706496,38.7767029701783],[-9.15960887921715,38.7766229333592],[-9.15960322342413,38.7765681059223],[-9.15960219575145,38.7765581368472],[-9.15960269970632,38.7765130935583],[-9.15960562102761,38.7764761368624],[-9.15845475158789,38.7772373641777],[-9.15806672160595,38.7774940171759],[-9.15798087410584,38.7774401568402],[-9.15756395340605,38.7771884401706],[-9.15750835038491,38.7771548250304],[-9.15743309761526,38.777123058008],[-9.15734185124028,38.7770995378947],[-9.15725739163724,38.7770918386188],[-9.15615529981915,38.7770901270459],[-9.15611689324748,38.7773012433613],[-9.15620334351718,38.7773112949696],[-9.1561691913667,38.7774980537756],[-9.15611041998756,38.7774922628936],[-9.15608168647487,38.7776555538191],[-9.15610933931425,38.7776580140104],[-9.15608161460963,38.7778113874793],[-9.15602514381593,38.7778055770141],[-9.15600909631172,38.7778903900098],[-9.15609668474684,38.7778995311343],[-9.1560854728738,38.7779611575355],[-9.15606254517278,38.7780871896943],[-9.15600376031892,38.7780804989663],[-9.15597387516605,38.7782437997498],[-9.15600154148016,38.7782471605129],[-9.15597381587724,38.7784005341154],[-9.15591734508354,38.7783947236982],[-9.15586022750282,38.7786654541804],[-9.15566380008617,38.7788573174204],[-9.15561735538934,38.7789026827667],[-9.15554243499634,38.7788943317075],[-9.15551472556308,38.7789684372568],[-9.15549789113467,38.7789983098529],[-9.1554593489174,38.7790391820035],[-9.1554056943421,38.7790693774067],[-9.15533343655561,38.7790862237442],[-9.15525282803019,38.7790824260356],[-9.15503339655577,38.7790275990888],[-9.15500604734693,38.7791269228713],[-9.15480631323169,38.7791620000001],[-9.15479651081533,38.7792008187906],[-9.15467376950649,38.7792064869821],[-9.15457123041007,38.7792118435417],[-9.15446861675346,38.7792127413204],[-9.15424808663941,38.7791872785759],[-9.15399409787431,38.7791187273042],[-9.15355370060291,38.7790199357362],[-9.15323891475768,38.7789334391665],[-9.15308456083565,38.7789035497361],[-9.15302658895713,38.7788747807712],[-9.15295259472718,38.7788287949421],[-9.15273270511193,38.7786165675687],[-9.15246668341358,38.7783511375009],[-9.1519542906637,38.7779115323162],[-9.15134028048893,38.7777183793618],[-9.15104861368583,38.7776539872241],[-9.15073718753978,38.7775991619804],[-9.1504939219642,38.777533878238],[-9.14934963807383,38.7772448554444],[-9.14786772597717,38.7768741968178],[-9.14758396884018,38.7775980085678],[-9.14754471964877,38.7776819513246],[-9.14652489913764,38.7771840737049],[-9.14607529862615,38.7769645714419],[-9.14528220211296,38.7766228563239],[-9.14446125692761,38.7762642631549],[-9.1438812407998,38.777629411217],[-9.14364833279945,38.7781775781881],[-9.14180479220708,38.7777360222708]]]}},{"type":"Feature","properties":{"COD_SIG":"111","NOME":"Campolide"},"geometry":{"type":"Polygon","coordinates":[[[-9.1577231699087,38.7388616555418],[-9.15732799832028,38.7384375180433],[-9.15641876042061,38.7374616112641],[-9.15643325383942,38.7374568212433],[-9.15721405151805,38.7371988295209],[-9.15745479282769,38.7371137201044],[-9.15773478063375,38.7366774618058],[-9.15770888669569,38.7366642673812],[-9.15762999934238,38.7366240688663],[-9.15790254191137,38.7362570384499],[-9.15765071718777,38.7361395351197],[-9.15783305722415,38.7357734811217],[-9.15826359099375,38.7346209429197],[-9.15826998520192,38.7346222378744],[-9.15847101738273,38.7346629609632],[-9.15852720251219,38.734463807565],[-9.15877204103779,38.7343075239597],[-9.15906723372836,38.7343083564342],[-9.15924182130385,38.733827295967],[-9.15912209294448,38.7336297218153],[-9.15845386225576,38.7339042183493],[-9.15720242641998,38.7329717458466],[-9.15719734105714,38.7329677901172],[-9.15718263204267,38.7329563531875],[-9.15547359350284,38.731626722123],[-9.15727786783585,38.7303420771037],[-9.15908857949616,38.7290599794721],[-9.15987866485655,38.7285005231225],[-9.16000675563291,38.7284098222187],[-9.15971288705906,38.7281012801845],[-9.15956956265212,38.7279510221408],[-9.15791136067251,38.7262188788919],[-9.15702292416157,38.7252907724268],[-9.1564228495518,38.7249068891298],[-9.15637327063293,38.7248751724356],[-9.1574736673301,38.724806885762],[-9.15884363856259,38.7246291194835],[-9.15986131659177,38.7244219668372],[-9.16063405009412,38.724270276259],[-9.16297333406086,38.7238109947546],[-9.16463080750676,38.723502085243],[-9.16609652387715,38.7232288971651],[-9.16612061309982,38.723224173471],[-9.16840438208033,38.7227785321798],[-9.16901081047413,38.7226601887864],[-9.1695901070514,38.7225574419454],[-9.17015928590363,38.7224564814294],[-9.17083859820967,38.7223359809763],[-9.17084859915372,38.7223345932862],[-9.17104497536641,38.7223206610169],[-9.17123401324154,38.7223072529834],[-9.17134290432534,38.7223068612061],[-9.17162220851348,38.7223058575834],[-9.17167610922715,38.7223056641477],[-9.17174299418994,38.7223134359157],[-9.17195156143937,38.7223376693325],[-9.17197339858561,38.7223402057214],[-9.17214062895891,38.7223596326772],[-9.1722612924645,38.7223844162481],[-9.17265050103606,38.7224643597104],[-9.17321821832931,38.7225993339227],[-9.17330880084929,38.7226208689672],[-9.1740835187301,38.7228050509074],[-9.17491374890221,38.7230022828464],[-9.17496159317425,38.7230136379689],[-9.1750215575161,38.7230278553478],[-9.17566237970718,38.7231800076171],[-9.17783791247574,38.7236964334033],[-9.17792763171475,38.7237177088063],[-9.17799769401871,38.7237343152082],[-9.17812073716147,38.7237635521377],[-9.17812348870119,38.7238523449495],[-9.17812833421383,38.7240128949965],[-9.17812906364584,38.7240370465399],[-9.17807234132385,38.7240938927973],[-9.17797787898017,38.7241885532935],[-9.17728474699178,38.7244635430476],[-9.177224346967,38.7244875038122],[-9.17673375992237,38.7246146816614],[-9.17534790378071,38.7249739275338],[-9.17481163650555,38.7251588673092],[-9.17480317437559,38.7251629510214],[-9.17469219470874,38.7252165011026],[-9.17446077342022,38.7254313997471],[-9.17423648295839,38.7257675235711],[-9.17413784973682,38.7259222462152],[-9.17405086227459,38.7260688572695],[-9.17390656229723,38.7263864051291],[-9.17385679922375,38.7265228660653],[-9.17385188004928,38.7266417489934],[-9.17386045806193,38.7267034385841],[-9.17389149395665,38.7267738728296],[-9.17397390180759,38.7269157944275],[-9.1741623054721,38.7272092357149],[-9.17428451587663,38.7273496581284],[-9.17494000216638,38.7277013187969],[-9.17561266154945,38.7277978358387],[-9.17600909347424,38.7280378657362],[-9.1783147292454,38.7300937184995],[-9.17941027683668,38.7311220501641],[-9.18000668901504,38.7316428473653],[-9.18014902527517,38.7320203736284],[-9.17994902975021,38.7322612947162],[-9.17926349301755,38.7324962782047],[-9.17824668006601,38.7328141240466],[-9.17811687799901,38.7328323099284],[-9.1780518777017,38.7328385662294],[-9.17798687740436,38.7328448232307],[-9.17783178147392,38.7328390945953],[-9.1776259873238,38.7328207671636],[-9.17758178392362,38.7328125067138],[-9.17757458662154,38.732811161973],[-9.17756756269434,38.7328098494668],[-9.17712332602341,38.732726708137],[-9.17659063314476,38.7326342396948],[-9.17652817867296,38.7326233941469],[-9.17637109926237,38.7326006561215],[-9.17632892066485,38.7325930795811],[-9.17621151894205,38.7325719960242],[-9.17608871205619,38.7325730927028],[-9.1759154450042,38.7325916647609],[-9.17584209217134,38.732599265127],[-9.1757774197591,38.7326059587182],[-9.17560316366198,38.7326356180751],[-9.17532931494254,38.7327205737569],[-9.1751482038015,38.7328087541932],[-9.17499279076575,38.7329163242694],[-9.17495886139748,38.7329398035875],[-9.1749473431989,38.7329504003212],[-9.17476627787191,38.7331168932883],[-9.17467504856491,38.7332119279416],[-9.17462376374535,38.7332653507609],[-9.1744768838065,38.7334478543081],[-9.17430606107041,38.7336263372276],[-9.17430198631228,38.7336305935393],[-9.17425868032904,38.7336758418868],[-9.17413319736195,38.7338841428439],[-9.17415408139567,38.7339908781217],[-9.17418449385964,38.7341462612712],[-9.17430089036762,38.7343013939198],[-9.17448460123313,38.7344025465178],[-9.17426980865878,38.7365492957005],[-9.17386345214676,38.73886530194],[-9.17323656731732,38.7391898397419],[-9.17274571706627,38.7394439466773],[-9.1725459326454,38.7393606617213],[-9.17231120555662,38.7392744751217],[-9.17211257187763,38.739218593178],[-9.17192004135268,38.7391869781311],[-9.1717990975727,38.7391745423149],[-9.17167831099794,38.7391729139151],[-9.17153703295319,38.7391858808532],[-9.17141306993556,38.7392031969602],[-9.17129036186437,38.7392277077262],[-9.17120402029085,38.7394599741609],[-9.17105304223768,38.739755868862],[-9.17101838433569,38.7398246359283],[-9.17074796089246,38.7402116691927],[-9.17064649887606,38.740273823526],[-9.17050819605156,38.7404128707562],[-9.17038673843524,38.7405238437705],[-9.17017292592289,38.7406905846394],[-9.16991803794419,38.7408802083578],[-9.16988590430815,38.7409005915935],[-9.16978697374424,38.7409633422988],[-9.16884469041852,38.7415010974242],[-9.16854071400109,38.7416745721939],[-9.16845168466826,38.7415731510302],[-9.16843628305269,38.7415556056797],[-9.16831794977693,38.741400516814],[-9.16743827363666,38.74024757754],[-9.16734412570329,38.7401149362976],[-9.16722435691974,38.7399461964437],[-9.16703484742907,38.7396792015242],[-9.16666516643514,38.7393905242751],[-9.16642401639209,38.7392174580636],[-9.16592861078426,38.7389763873675],[-9.16591623469458,38.738970364934],[-9.16462463518244,38.7387356830207],[-9.1637822301433,38.7385826123364],[-9.16370612307578,38.7385687813326],[-9.1629336752377,38.7384235216472],[-9.16070537992095,38.7380044525117],[-9.16054842807111,38.7379749334221],[-9.16022613410674,38.7379143165275],[-9.16010931808552,38.7379339900995],[-9.15995776780549,38.7379595131123],[-9.15994240212257,38.7379621007985],[-9.15989147393416,38.73797067807],[-9.15980401665304,38.7379854067863],[-9.15945914982221,38.7381306967922],[-9.15942248149062,38.7381461443922],[-9.15932722683287,38.7381862733821],[-9.15891350054222,38.7383605711139],[-9.15889842860839,38.7383669201233],[-9.15869991440534,38.7384505509804],[-9.1577231699087,38.7388616555418]]]}},{"type":"Feature","properties":{"COD_SIG":"113","NOME":"Estrela"},"geometry":{"type":"Polygon","coordinates":[[[-9.17545941369218,38.6978958973104],[-9.17545954528134,38.6978963423402],[-9.17546122084988,38.6979019634094],[-9.17546434389912,38.6979124250327],[-9.17546557206454,38.6979165535393],[-9.17548120485591,38.6979689232492],[-9.17548553852535,38.6979834448994],[-9.175509671976,38.6980623519762],[-9.17551829545182,38.6980905531046],[-9.17551838317793,38.6980908543548],[-9.17544721976401,38.6981026715759],[-9.1754109888839,38.6981086828847],[-9.17541089238519,38.6981087034244],[-9.17541057657122,38.6981087513506],[-9.17558394089392,38.698706696033],[-9.17569188786239,38.6986881829985],[-9.17590221119185,38.6986521017377],[-9.17590780811716,38.6986707825217],[-9.17591207160571,38.6986945982037],[-9.17590963282008,38.6986951664662],[-9.17590190415049,38.6986969671053],[-9.17590158833653,38.6986970355707],[-9.17592924837648,38.6987904462302],[-9.17592937996563,38.698791209618],[-9.17589939518398,38.6989345209874],[-9.1749069059294,38.6990983989527],[-9.17540512000768,38.70131445965],[-9.17543904369131,38.7014653927099],[-9.17536813468309,38.7016802352319],[-9.17536373083277,38.70169342111],[-9.17528291754764,38.7019383452711],[-9.17450896278567,38.704282132934],[-9.17450324304382,38.7042995628524],[-9.17448595222912,38.7043517841223],[-9.17412617871235,38.7056446317681],[-9.17410246634699,38.7057297875111],[-9.17409919416339,38.7057416171617],[-9.17407908734082,38.7058137725115],[-9.1740239251679,38.7059891014928],[-9.17399262449472,38.706098107694],[-9.17397534245264,38.7061587000914],[-9.17391396049909,38.7063727343998],[-9.1739037316356,38.7064600183174],[-9.17390016118325,38.7064910366],[-9.1738879848003,38.7065946407155],[-9.17385085911395,38.7069121404592],[-9.17384563941088,38.7069559600915],[-9.17378988947308,38.7074236051488],[-9.17371034821643,38.7080899831176],[-9.17367991603166,38.7084955175161],[-9.17367316989442,38.7085853796297],[-9.17370995344897,38.7091472292032],[-9.17377904652688,38.7093291080174],[-9.17399108928794,38.7097601347948],[-9.1743759787877,38.7105423632062],[-9.17445555513479,38.7107095551188],[-9.17453370154642,38.7108740632552],[-9.17513781857499,38.7121446143627],[-9.17496913005352,38.712142177454],[-9.17436324095769,38.7121335182133],[-9.1740234075839,38.7121286375498],[-9.17398107096709,38.712128042013],[-9.17396721901559,38.712127850346],[-9.17344752958756,38.7121204095582],[-9.17338613008879,38.7121195196756],[-9.17304094542278,38.712306018306],[-9.17298630083386,38.7123355760183],[-9.17304710379514,38.712556170082],[-9.17308316799565,38.7126803420757],[-9.17311923219617,38.7128045070084],[-9.1732176784278,38.7131599766223],[-9.17322523164517,38.7131590251462],[-9.17323679394542,38.7131576424256],[-9.17325068098735,38.7131682934812],[-9.17328271855979,38.7131690259124],[-9.17331086986591,38.7131677047982],[-9.17332237075788,38.7132808276742],[-9.17332696760563,38.7133264573641],[-9.17329566693244,38.7136250757897],[-9.17329056127331,38.7136527710881],[-9.17327275287461,38.7137497661538],[-9.17321821355702,38.713960581087],[-9.17301925075776,38.7144153595834],[-9.17247488397724,38.7152897111831],[-9.17232959200717,38.7155230619176],[-9.1722444450526,38.7156598233973],[-9.17219949419795,38.7157320166514],[-9.1721319977351,38.7157877410049],[-9.17212041788964,38.7157972964848],[-9.17210498686831,38.7157877136253],[-9.17207373883079,38.7157735789052],[-9.17202405076663,38.715756008041],[-9.1719490010864,38.7157341522619],[-9.1719045239527,38.7157209552834],[-9.1716395297165,38.7156423277991],[-9.17129539776371,38.7155381960461],[-9.17077462930462,38.7153842877642],[-9.170678770993,38.7153545122745],[-9.17059201865077,38.7153271735726],[-9.17052861899688,38.7153072000226],[-9.17040968872045,38.7152722291843],[-9.17036329038512,38.7152585940436],[-9.17035311415729,38.71525561649],[-9.17017416168189,38.7152040603],[-9.17011487638218,38.7151841277853],[-9.17010368253157,38.7151803630584],[-9.17003776513856,38.7151539209797],[-9.16999520920649,38.7151377258006],[-9.16993833637459,38.7151160751814],[-9.16991870327297,38.715109942093],[-9.16989218367235,38.7151047741442],[-9.16988559544209,38.7151041238725],[-9.16987491040287,38.7151031245075],[-9.16984849607357,38.7151051574623],[-9.16981863410846,38.7151072246418],[-9.16974408446701,38.715119600338],[-9.16950209201474,38.7151613819865],[-9.16949849524456,38.7151522165844],[-9.16945195654747,38.7150339150261],[-9.16940060168738,38.7149010539904],[-9.16931581440983,38.714682917675],[-9.16913904631437,38.7142259915353],[-9.16899785992586,38.7138444132234],[-9.16893932907063,38.7136927054169],[-9.16881405619703,38.7133776384261],[-9.16879842340566,38.71333003737],[-9.16877321092396,38.7132563973648],[-9.16864636775312,38.7129917978913],[-9.16853057807114,38.7127757366868],[-9.16848930294017,38.7127040401461],[-9.16846109022577,38.712661052306],[-9.16843880779587,38.7126306185425],[-9.16841204256217,38.7126083374051],[-9.16837024107458,38.712579881884],[-9.16832272861775,38.7125541849712],[-9.16828348873235,38.7125437186447],[-9.16823726584922,38.7125379618223],[-9.16821097433646,38.7125380576552],[-9.16818690229408,38.7125427740057],[-9.16799432595505,38.7125823119326],[-9.1677755809198,38.7126376211842],[-9.16767008150958,38.7126599502289],[-9.16756344166003,38.7126798149954],[-9.16750360368588,38.7126821286722],[-9.16748416358168,38.7126832170586],[-9.16731809807066,38.7126477589273],[-9.16730050898722,38.7126394556983],[-9.16726853282305,38.7126244030984],[-9.16720928261379,38.7125964746646],[-9.16715979631967,38.7125933121795],[-9.16711039775165,38.7125955505618],[-9.16698574773337,38.7126246563709],[-9.16697942268142,38.7126261417799],[-9.16678955707894,38.7126704507643],[-9.1665409676238,38.712738409864],[-9.1664082117137,38.7127747099085],[-9.16614240162474,38.712838315373],[-9.16605985136279,38.7128543604791],[-9.16598980207037,38.7128603842381],[-9.16589783879768,38.7128611919694],[-9.16575965264187,38.7128453043041],[-9.16565121440723,38.7128219485397],[-9.16561087794555,38.7128132893813],[-9.16532245206751,38.7127437764944],[-9.16518214294003,38.7127316947302],[-9.16517050168629,38.7127307021772],[-9.16502384996164,38.7127662287193],[-9.16488433036908,38.7128179030358],[-9.16485347709901,38.7131505645381],[-9.16483080867427,38.7134128908416],[-9.16477288312914,38.7136214821083],[-9.16473630134462,38.7137163894615],[-9.1646727876468,38.7138565700955],[-9.16454855871381,38.7140918695064],[-9.16448161492539,38.7142338770321],[-9.16438665142002,38.7144256818902],[-9.16427735346958,38.7146599458315],[-9.16421921738181,38.7147748597352],[-9.16415303681049,38.7148898419041],[-9.1640159121405,38.7151081418672],[-9.16387062017043,38.7153184051985],[-9.16375930451965,38.715483060162],[-9.16375240924803,38.7154932933306],[-9.16380007083923,38.7155072980525],[-9.16394869640118,38.7155510165876],[-9.16364186558695,38.7156410957146],[-9.16328360095913,38.7157532495449],[-9.16294136389015,38.715859858836],[-9.16257383538597,38.7159675905289],[-9.16232322823049,38.7160499686469],[-9.16219283215252,38.7160970545265],[-9.16201899410887,38.7161616426952],[-9.16187501803033,38.7162241636583],[-9.16170592596879,38.7162986151434],[-9.16158942570538,38.7163527852751],[-9.16158311819865,38.716347090363],[-9.16157276651862,38.7163377813711],[-9.16154982614295,38.7163171030841],[-9.16142252679639,38.7161795077888],[-9.16133368657293,38.716077594557],[-9.16120513274311,38.7159328048256],[-9.16113946975579,38.715858448788],[-9.1609889142196,38.7156878943773],[-9.16091403121896,38.7156200818251],[-9.16090620605067,38.715612956267],[-9.16086775570018,38.7155772600167],[-9.16080983015505,38.7155471492062],[-9.16075223796911,38.7155395444962],[-9.16069820746291,38.7155400236408],[-9.1605530558546,38.7155526456792],[-9.15987775786689,38.715628939146],[-9.15887718026571,38.7157529346794],[-9.15868791997334,38.7157763921596],[-9.15820718970718,38.7155658700685],[-9.15787090046791,38.7154063489984],[-9.15726421306455,38.7151186215081],[-9.15741788287736,38.7146896805406],[-9.15748896733778,38.7144913120129],[-9.15749865229944,38.7144641988667],[-9.15751431140864,38.7144203359211],[-9.15693261717173,38.7144179333152],[-9.15666335067436,38.7144488454698],[-9.15657081718201,38.714459475798],[-9.1563729246412,38.714499656097],[-9.15619639340621,38.7145354555607],[-9.15588793965909,38.7146243517805],[-9.15520251807922,38.7148218574699],[-9.15497773748816,38.7148956122271],[-9.15480448720939,38.7149524392745],[-9.1545528448859,38.7150349896868],[-9.15444863504938,38.7150883188452],[-9.1543301784939,38.7151487256542],[-9.15428973676089,38.7151693837444],[-9.1542286618487,38.7152005762173],[-9.15422410886401,38.7151943267719],[-9.15409204599011,38.7150114566685],[-9.15406318410257,38.7149714409367],[-9.15398085315587,38.7148574035076],[-9.15358071685959,38.7143144911276],[-9.15352983572045,38.7142454862341],[-9.15340752798909,38.7140047797231],[-9.15340476461688,38.7139963397502],[-9.153388175611,38.713945679357],[-9.15338588595974,38.7139384920263],[-9.15325436698767,38.7135353774486],[-9.15316900949046,38.7132975914205],[-9.15308209046863,38.7130551430465],[-9.15301256753282,38.712847487917],[-9.15299023246726,38.7127807542098],[-9.15292741180565,38.7126000683975],[-9.15280417417761,38.7122449793327],[-9.15300111927652,38.7120595894746],[-9.15355553069572,38.7116094028777],[-9.15367211868523,38.7116664858135],[-9.15385411525636,38.7117556046504],[-9.15372364899752,38.7115231725788],[-9.15371810470788,38.7115134043229],[-9.15371011285999,38.7114925740433],[-9.15369673462944,38.711457649256],[-9.15363023824415,38.7112850991987],[-9.15344492562636,38.7105348401085],[-9.15335655035124,38.7101743123535],[-9.15325179661288,38.7097529401978],[-9.15312435690456,38.7092398013264],[-9.15310996982384,38.7091819155257],[-9.15310826793746,38.7091752616676],[-9.15310668009501,38.7091687036464],[-9.15309521429348,38.709122859091],[-9.15308165183812,38.7090741599148],[-9.1528823732249,38.7083603168202],[-9.15287535513674,38.7083353371801],[-9.15287001261713,38.7083155670449],[-9.15285873104042,38.708273870388],[-9.15285387101437,38.7082558047956],[-9.15284901976093,38.7082378350373],[-9.15284465100105,38.7082216588282],[-9.15271114941908,38.7079543709158],[-9.15243668076387,38.7069238535365],[-9.15243924236604,38.7065610963837],[-9.15242031984585,38.7064919060154],[-9.15236114859007,38.7062756950958],[-9.15234235765903,38.7062076682403],[-9.15229929291558,38.7060732847176],[-9.15210226009057,38.7054593206365],[-9.15205691446846,38.705318028192],[-9.15201479716691,38.7051939050239],[-9.15201479716691,38.7051938707944],[-9.15201690259335,38.705193501115],[-9.15201886765804,38.7051931519733],[-9.15201945542292,38.7051930424387],[-9.15209503145977,38.7051796039071],[-9.15221958497933,38.7051574573658],[-9.15383890355028,38.7048695037835],[-9.15402159315762,38.7048370197645],[-9.15494023457957,38.7046736478588],[-9.15511080921223,38.7044541522142],[-9.15508228945648,38.7043579797476],[-9.15490272289837,38.7037524010449],[-9.15490304748494,38.7037523394304],[-9.15490563540495,38.7037518670528],[-9.15490658284685,38.7037516959015],[-9.15532721196056,38.7036747873055],[-9.15545418672054,38.7036515723124],[-9.15574717435588,38.7035980018559],[-9.1558613586502,38.7039775399734],[-9.15601237913473,38.7044794755094],[-9.15603474929073,38.7044754843013],[-9.15700810548247,38.7043017809564],[-9.15715373958434,38.704275793536],[-9.157251870002,38.7042582814597],[-9.15725166823197,38.7042580007736],[-9.15722222735215,38.7042175545699],[-9.15718618069685,38.704168030531],[-9.15715978391277,38.7041317671924],[-9.15714987086325,38.7041355256552],[-9.15714782684507,38.704136299255],[-9.15714772157375,38.7041363334851],[-9.15710415679151,38.7040676679141],[-9.15705141585901,38.7039845366167],[-9.15692634475544,38.7037873775186],[-9.1569248446391,38.7037819143712],[-9.15692489727476,38.7037782928108],[-9.15692502886391,38.7037693176387],[-9.15692556399313,38.7037679689666],[-9.15692587103449,38.7037671816707],[-9.15692640616371,38.7037658261526],[-9.15692670443246,38.7037650525488],[-9.15692793259789,38.7037631561926],[-9.15693288912265,38.7037554680764],[-9.15693451205553,38.7037540440975],[-9.15693454714597,38.7037540098672],[-9.1569362051693,38.703752544812],[-9.15695280294779,38.7037499775423],[-9.15704900339121,38.7037350736839],[-9.15718642632993,38.7039440012598],[-9.15719084772548,38.7039422829053],[-9.15722202558211,38.7039301380393],[-9.15723024551787,38.7039269340946],[-9.15723071046621,38.7039267560977],[-9.15729581200648,38.7039014052226],[-9.1573252528863,38.7038899381076],[-9.15734585974765,38.703881914549],[-9.1573459913368,38.7038818597807],[-9.15734613169856,38.7038818118584],[-9.15739641630021,38.703862225335],[-9.15739707424597,38.7038619720314],[-9.15739693388421,38.7038617598041],[-9.15739689002116,38.7038616776516],[-9.15739524077044,38.7038591240779],[-9.15728674990014,38.7036908481603],[-9.1572871446676,38.7036907796997],[-9.15735208830089,38.7036796617],[-9.15743551582385,38.7036653808185],[-9.15744849928695,38.7036870485978],[-9.15744865719393,38.703687308748],[-9.15747018517935,38.7037232163171],[-9.15748579165289,38.7037492587067],[-9.15752358405762,38.7038122971332],[-9.15772666121106,38.7037355665998],[-9.15772651207668,38.7037353543721],[-9.15770329097749,38.7037030752196],[-9.15768610543412,38.7036791756297],[-9.1576486639338,38.7036271318663],[-9.15764897097515,38.7036270770978],[-9.15764910256431,38.7036270497136],[-9.15827420367647,38.7035135761042],[-9.15850433555975,38.703471794494],[-9.15872310691283,38.7034326417553],[-9.15903054303717,38.7033776197641],[-9.15907076545492,38.7033704245248],[-9.15907082686319,38.7033700959125],[-9.15908689828507,38.7032878469506],[-9.15908693337551,38.703287662106],[-9.15908695092073,38.703287586799],[-9.159087012329,38.7032873266473],[-9.15910046951304,38.7032252393663],[-9.15910203981027,38.7032179893429],[-9.15910217139942,38.703217407424],[-9.15910935616717,38.703184251736],[-9.15911551453953,38.7031558677711],[-9.15911609353181,38.7031531087889],[-9.15915884246129,38.7029509976472],[-9.15916007062672,38.7029451989755],[-9.15916013203499,38.7029448840535],[-9.15916490433494,38.7029223123599],[-9.15916622022647,38.702916054995],[-9.15917557182894,38.7028725957322],[-9.15917698421918,38.702866043979],[-9.15918731835399,38.7028180114631],[-9.15919775776012,38.702769513377],[-9.15919840693328,38.7027664942262],[-9.15920396876814,38.7027406705555],[-9.15920417053818,38.7027397189407],[-9.15920429335472,38.7027391712487],[-9.15920447757953,38.7027383017877],[-9.15920498639093,38.70273593302],[-9.15920938146863,38.702715504106],[-9.15920953060301,38.7027148263369],[-9.15920960078389,38.7027145114139],[-9.15920967096477,38.7027141691063],[-9.1592106447245,38.7027096574921],[-9.15921083772193,38.7027087811846],[-9.15921170621034,38.7027047145699],[-9.15921196938864,38.7027035164932],[-9.15921222379434,38.7027023184164],[-9.1592132238719,38.7026976630322],[-9.15921380286417,38.7026949861861],[-9.15922287374311,38.7026525468664],[-9.15924342796881,38.7025564062077],[-9.15924348937708,38.7025560775917],[-9.15924364728406,38.7025560844379],[-9.16120633459071,38.702582852946],[-9.16139392808715,38.7024211326657],[-9.16140383236406,38.7024212422046],[-9.16149732207093,38.7024222349007],[-9.16163260449277,38.7024236862908],[-9.1618244088421,38.7024257332985],[-9.1618244088421,38.702425370451],[-9.16182487379044,38.7023287776384],[-9.16182495274393,38.7023124357838],[-9.16182592650367,38.702109404874],[-9.16176613239257,38.7021093911816],[-9.16176535163026,38.7021093911816],[-9.16175321033775,38.7021093911816],[-9.16153174579334,38.7021093843354],[-9.16153150016025,38.7020960821485],[-9.1615016031047,38.7020952195259],[-9.16148588258723,38.7020873326902],[-9.16147981194097,38.7020842861258],[-9.16147967157921,38.7020842108174],[-9.16143644892877,38.7020453380139],[-9.16137347913278,38.7019886855545],[-9.16125077663397,38.7018783175347],[-9.16120677322122,38.7018669185577],[-9.16117462160485,38.7018585935378],[-9.15924928807242,38.7019838110448],[-9.15924677033329,38.7019701049073],[-9.15902891133167,38.7019902738779],[-9.15902878851513,38.7019902875703],[-9.15902870078903,38.7019902944165],[-9.15902725330834,38.7019938749902],[-9.15902297227457,38.7020044524006],[-9.15902283191281,38.7020047947116],[-9.15880626248489,38.7020294753298],[-9.15767956106691,38.7021578691768],[-9.15767375359896,38.7021585332587],[-9.15767346410282,38.7021585674897],[-9.15765496266792,38.7021606761209],[-9.1576188107413,38.7021647906899],[-9.15760570446167,38.7021662831624],[-9.15713826469996,38.7022195466125],[-9.15712319335564,38.7022189373008],[-9.1571148155129,38.702218601837],[-9.15709188390985,38.7022153430461],[-9.15707767228133,38.7022095511609],[-9.15707267189352,38.702206785296],[-9.15705855676371,38.7021989874732],[-9.15704123963118,38.7021826387428],[-9.15702951065135,38.7021627231361],[-9.15702712450138,38.7021469289401],[-9.15702606301554,38.702139897886],[-9.15702605424293,38.7021398362701],[-9.15702505416537,38.7021331680643],[-9.15703025632322,38.702109993648],[-9.15704373982509,38.7020839164303],[-9.15704382755119,38.7020838479682],[-9.15704464340394,38.7020831907318],[-9.15704793313276,38.70208055494],[-9.15706139908941,38.7020697379233],[-9.15706817154449,38.7020659108898],[-9.1570833218423,38.7020573599681],[-9.15708620803105,38.7020568396558],[-9.15912993671069,38.7016893749763],[-9.15915331571687,38.7016851782249],[-9.15915408770657,38.7016850412999],[-9.15918465148049,38.7016795506069],[-9.15956701446851,38.7016107936754],[-9.15959489382372,38.7016057479834],[-9.15959499909504,38.7016057274446],[-9.15960594731257,38.701603748876],[-9.1596077018346,38.7016034339482],[-9.15960791237725,38.7016033928706],[-9.15960986866932,38.7016030368652],[-9.15962259772672,38.7016007365224],[-9.15963275640933,38.7015989017251],[-9.15965886369727,38.7015941778064],[-9.15979639190732,38.7015692916501],[-9.15994415775347,38.7015425501477],[-9.1601964404775,38.7014968992442],[-9.16042747593964,38.7014550890706],[-9.1604373363535,38.7014533090397],[-9.16043745039743,38.7014532885009],[-9.16043753812353,38.7014532748084],[-9.16043762584963,38.7014532611158],[-9.16043773989357,38.701453240577],[-9.16043831888584,38.7014531378829],[-9.1604803572339,38.7014455248273],[-9.16126995355985,38.7013026429595],[-9.16187119317228,38.701193841683],[-9.16187124580794,38.7011938279905],[-9.16260288149833,38.7010613999361],[-9.16260281131745,38.7010611192373],[-9.16257791464971,38.7009667359431],[-9.16254972825315,38.7008598374352],[-9.16255000897667,38.7008596731233],[-9.16341333909133,38.7003629222721],[-9.16345103499734,38.7003502633199],[-9.16346405355088,38.7003458884841],[-9.16346402723305,38.7003458268667],[-9.16346397459738,38.7003456351681],[-9.16345483353756,38.7003138611177],[-9.16345096481646,38.7003004148227],[-9.16344536789116,38.7002809573996],[-9.16344516612112,38.7002809916316],[-9.16344142898918,38.700281621499],[-9.16341068976305,38.7002868315976],[-9.16330085668339,38.7003054263749],[-9.1632810744474,38.7002366475831],[-9.16328096917607,38.7002362847245],[-9.16327740749633,38.7002238996055],[-9.16324849297313,38.7001233876787],[-9.16324831752092,38.7001227988883],[-9.16324830874831,38.7001227578099],[-9.16324820347699,38.7001224086435],[-9.16324808066045,38.7001219704739],[-9.16324802802479,38.7001217924675],[-9.16324800170696,38.7001216760787],[-9.16324831752092,38.7001216144611],[-9.16355282359345,38.7000658573569],[-9.16379709692437,38.7000211366225],[-9.16394574003154,38.6999939152923],[-9.16394704715046,38.6999936756678],[-9.16402385135273,38.6999796131355],[-9.16406148585047,38.699972759875],[-9.16410841931503,38.6999642155494],[-9.16639657045996,38.6995473771931],[-9.17104836106058,38.6986998015714],[-9.17199815402133,38.6985267209264],[-9.17199823297483,38.6985267003867],[-9.17313157525872,38.6983201601305],[-9.17466713294751,38.698040299083],[-9.17545941369218,38.6978958973104]],[[-9.17206150103956,38.7002752680536],[-9.16904643386852,38.7008220456867],[-9.1690340206251,38.7008242981303],[-9.16718128921465,38.7011602468935],[-9.16687020368447,38.7012166535425],[-9.16686872988596,38.701216920548],[-9.16649535005078,38.7012846166834],[-9.16525890327924,38.7015087912115],[-9.16415222095774,38.7017094207936],[-9.16410905971557,38.7017172460547],[-9.16410887549076,38.7017172802859],[-9.16401254345819,38.7017347382145],[-9.163492722441,38.7018289767242],[-9.16300393014607,38.7019175875103],[-9.16254363128906,38.7020010292906],[-9.16241384929381,38.7020245597455],[-9.16210039515888,38.7020813764855],[-9.16197762247918,38.70210451668],[-9.16197735052827,38.7021045714497],[-9.16193738251621,38.7021121022806],[-9.16192430255441,38.702118756796],[-9.16192408323916,38.7021188663353],[-9.16192402183088,38.7021229945992],[-9.16192388146912,38.7021335651443],[-9.16192370601692,38.7021459020091],[-9.16192371478953,38.7021460047023],[-9.16192371478953,38.7021461005491],[-9.16192290770939,38.7022061554455],[-9.16192208308403,38.7022674562989],[-9.16192194272227,38.7022777050516],[-9.16192124091345,38.702330105799],[-9.16192073210206,38.7023683554449],[-9.16192064437596,38.7023745443959],[-9.16192064437596,38.7023746813196],[-9.16192064437596,38.7023747566276],[-9.16192063560335,38.7023748182433],[-9.16192025838111,38.7024034079036],[-9.16191994256714,38.7024270888421],[-9.16201279187346,38.7024284101547],[-9.16211039593451,38.702429799929],[-9.16211075561153,38.702429799929],[-9.16211113283376,38.7024705894527],[-9.16211138723946,38.7024983233032],[-9.16211165041777,38.7025270840684],[-9.1621117644617,38.7025398864048],[-9.16211177323431,38.7025414610236],[-9.16211178200692,38.7025418238705],[-9.16211213291133,38.7025803814806],[-9.16211273822143,38.7026470630938],[-9.16211283472014,38.7026470836323],[-9.16211293121886,38.7026471041708],[-9.16230945523248,38.7026882495705],[-9.16236424895576,38.7026997168782],[-9.16245716844296,38.7027191736432],[-9.16273722525088,38.70277780406],[-9.16276423611767,38.7027834589762],[-9.16280621305746,38.7027922425801],[-9.16295354904571,38.7028230913003],[-9.16318028592885,38.7028705555834],[-9.16319062006366,38.7028727258088],[-9.16319118151071,38.7028728421931],[-9.16322818438052,38.7028805851733],[-9.16341295309648,38.7029192658311],[-9.16376054145769,38.7029920333341],[-9.16767393268545,38.7022792112142],[-9.16783534871307,38.7022498068069],[-9.17262120234271,38.7013778630757],[-9.17262112338922,38.7013775686857],[-9.1725919456877,38.701276366905],[-9.17249779803507,38.7009497844548],[-9.17248270037293,38.7008974306203],[-9.17233015345422,38.7003682761387],[-9.17232981132242,38.7003681597503],[-9.17229221191512,38.700355137941],[-9.17206150103956,38.7002752680536]]]}},{"type":"Feature","properties":{"COD_SIG":"110","NOME":"Campo de Ourique"},"geometry":{"type":"Polygon","coordinates":[[[-9.15445404607957,38.7155081322465],[-9.15422867763939,38.7152006034109],[-9.15428973702757,38.715169385672],[-9.15433018187662,38.7151487287427],[-9.15444863103503,38.7150883181771],[-9.1545528481844,38.7150349904096],[-9.1548044842618,38.714952440304],[-9.15497773604244,38.714895612709],[-9.15520251518776,38.7148218583789],[-9.15588793963102,38.7146243494258],[-9.15619639684506,38.7145354526255],[-9.15637292208662,38.7144996540161],[-9.15657081465551,38.7144594752723],[-9.15666334831629,38.7144488463569],[-9.15693261562776,38.7144179317929],[-9.1575143151984,38.7144203331831],[-9.15749865486807,38.7144641981439],[-9.15748896563941,38.7144913136448],[-9.15741788644254,38.714689680201],[-9.15726420985025,38.7151186219462],[-9.15787089875547,38.715406345899],[-9.15820718757369,38.7155658726532],[-9.15868792099796,38.7157763936491],[-9.15887718075698,38.7157529367274],[-9.15987775486315,38.7156289371966],[-9.16055305888641,38.7155526483953],[-9.16069820597506,38.7155400220199],[-9.16075223694448,38.7155395460951],[-9.16080983332722,38.7155471468734],[-9.16086775220517,38.7155772633023],[-9.16090620638752,38.7156129562341],[-9.16091403071368,38.7156200789776],[-9.16098891337742,38.7156878935997],[-9.16113947281568,38.7158584479557],[-9.1612051315781,38.7159328033033],[-9.16133368229191,38.716077597755],[-9.16142252567351,38.7161795044047],[-9.1615498250341,38.7163171027884],[-9.16157276710813,38.7163377846129],[-9.16158312198841,38.7163470885232],[-9.16158942906003,38.716352785538],[-9.16170592617932,38.716298613413],[-9.16187502235348,38.7162241617198],[-9.16201899354743,38.71616164091],[-9.16219282923298,38.7160970551507],[-9.16232322508639,38.7160499662813],[-9.16257383798267,38.7159675890723],[-9.16294136032497,38.7158598589017],[-9.16328360407518,38.7157532521406],[-9.16364186299024,38.7156410981459],[-9.16394869964352,38.7155510152515],[-9.1638000688882,38.7155073002539],[-9.16375241236408,38.7154932958604],[-9.16375930154399,38.7154830610163],[-9.16387061987567,38.7153184033257],[-9.16401591159309,38.7151081410239],[-9.16415303852292,38.7148898433826],[-9.16421921830818,38.7147748604909],[-9.16427735098518,38.714659948909],[-9.16438665259905,38.7144256826897],[-9.16448161889764,38.7142338796387],[-9.16454855865765,38.7140918669655],[-9.16467279027155,38.7138565678065],[-9.16473630565372,38.7137163866358],[-9.16477288056051,38.7136214823602],[-9.16483081201486,38.7134128910168],[-9.16485347830613,38.7131505647462],[-9.16488432914794,38.7128179059381],[-9.16502384918964,38.7127662300116],[-9.1651704991598,38.7127307045867],[-9.16518214671576,38.7127316950259],[-9.16532244829177,38.7127437744572],[-9.16561087487163,38.7128132873989],[-9.1656512110245,38.7128219504016],[-9.1657596484591,38.7128453010403],[-9.16589784168915,38.7128611943023],[-9.16598980581804,38.7128603812044],[-9.16605985105401,38.7128543572701],[-9.16614239904209,38.712838314004],[-9.16640821233129,38.7127747100728],[-9.16654096446565,38.712738408002],[-9.16678955974582,38.7126704489901],[-9.16697941957943,38.7126261441347],[-9.16698574821061,38.7126246546186],[-9.16711039484617,38.7125955477142],[-9.16715979949184,38.7125933088828],[-9.16720928229095,38.7125964736679],[-9.16726853426877,38.7126244022769],[-9.16730050800469,38.7126394572535],[-9.167318094323,38.712647755784],[-9.16748416317465,38.7126832167629],[-9.16750360720896,38.7126821281904],[-9.16756344309172,38.7126798122574],[-9.16767007850584,38.712659951587],[-9.16777557755113,38.7126376235718],[-9.16799432271271,38.7125823151964],[-9.16818690084837,38.7125427760428],[-9.16821097659628,38.7125380593528],[-9.16823726489477,38.7125379633227],[-9.16828348950435,38.7125437216238],[-9.16832273061089,38.7125541832955],[-9.16837023891302,38.7125798850054],[-9.16841203931982,38.7126083393327],[-9.16843880462371,38.7126306217953],[-9.16846108823264,38.7126610506741],[-9.16848930251908,38.7127040377256],[-9.16853057830975,38.7127757341568],[-9.16864637114987,38.7129917945289],[-9.1687732141663,38.7132563987448],[-9.16879842268981,38.7133300390347],[-9.16881405696903,38.7133776413832],[-9.16893933062866,38.713692703336],[-9.16899786036098,38.7138444149648],[-9.16913904408263,38.7142259927401],[-9.16931581186928,38.714682919745],[-9.16940059756073,38.7149010561042],[-9.16945195783881,38.7150339151904],[-9.1694984959604,38.7151522172415],[-9.16950209101816,38.7151613811213],[-9.16974408188436,38.7151195990347],[-9.16981863576473,38.7151072277193],[-9.16984849935804,38.7151051606931],[-9.16987491342066,38.7151031252084],[-9.16988559888094,38.7151041268295],[-9.16989218353199,38.7151047730819],[-9.16991870269747,38.7151099423996],[-9.16993833717467,38.7151160733853],[-9.16999520592202,38.7151377235335],[-9.17003776181198,38.7151539239915],[-9.17010368018753,38.7151803621384],[-9.17011487858588,38.7151841303042],[-9.17017415751314,38.715204057562],[-9.17035311359585,38.715255613971],[-9.17036328881307,38.7152585956973],[-9.17040969128907,38.7152722265449],[-9.17052862194446,38.7153072011835],[-9.17059201605406,38.715327172565],[-9.17067877354758,38.7153545092299],[-9.17077463366988,38.7153842843911],[-9.17129539871816,38.7155381933191],[-9.17163953252373,38.7156423261564],[-9.17190452654941,38.7157209524249],[-9.17194899674922,38.7157341556241],[-9.17202404739796,38.7157560074495],[-9.17207374130116,38.7157735808655],[-9.17210499009663,38.7157877148738],[-9.17212041776331,38.7157972985218],[-9.17213199794563,38.715787738705],[-9.17219949645777,38.7157320171224],[-9.17224444096808,38.715659824602],[-9.17232959496881,38.7155230597491],[-9.17247488399126,38.7152897089598],[-9.17301925047703,38.7144153586744],[-9.17321821473605,38.7139605825326],[-9.17327274966031,38.7137497660005],[-9.17329055876083,38.7136527736728],[-9.17329566388661,38.7136250746726],[-9.17332697017425,38.7133264586235],[-9.17332236990168,38.713280825889],[-9.17331086877108,38.7131677049187],[-9.17328272006166,38.713169027599],[-9.1732506771555,38.7131682909075],[-9.17323679638771,38.7131576456784],[-9.17322522788349,38.713159027939],[-9.17321767574689,38.7131599735119],[-9.17311922937489,38.712804507337],[-9.17308316650781,38.7126803414733],[-9.17304710274243,38.7125561704872],[-9.17298630206905,38.7123355729406],[-9.17304094928271,38.7123060159075],[-9.17338613411719,38.7121195225013],[-9.17344753396683,38.7121204099087],[-9.17396721834185,38.712127853336],[-9.17398106677027,38.7121280446963],[-9.17402340975952,38.7121286348993],[-9.17436323883823,38.7121335177423],[-9.17496912914117,38.7121421794255],[-9.17513781478523,38.7121446110332],[-9.1752312593377,38.7123394478011],[-9.17526789892322,38.7124163982246],[-9.17550874084413,38.7129287718184],[-9.17566885656038,38.7132813347731],[-9.17583026764725,38.7136367046511],[-9.17594189230448,38.7141018594856],[-9.17595200823289,38.7142281565204],[-9.17595637135023,38.7142826954004],[-9.17590510000536,38.7147575020143],[-9.17589730622197,38.7148302751127],[-9.17589376326648,38.7148631415797],[-9.17581690430909,38.7152860536481],[-9.17536579372961,38.7167752780604],[-9.17507701860344,38.7176888084869],[-9.17497733525129,38.718004068014],[-9.17491216607069,38.7182587577601],[-9.17490196031073,38.7183463953318],[-9.17489111405201,38.7184398214613],[-9.17488344872768,38.718649230091],[-9.17487835348341,38.7187879044898],[-9.1748824021904,38.7190662982018],[-9.17493751832464,38.7194327819418],[-9.17498799286382,38.7196318531861],[-9.17502302715989,38.7197701703329],[-9.17514189942483,38.7200531152114],[-9.17519036892429,38.7201684407501],[-9.17529119673011,38.7204505556211],[-9.1753616498012,38.7206475662757],[-9.1754375565444,38.7209727888918],[-9.17544692956605,38.7212139322625],[-9.17541690068274,38.7215996422183],[-9.17537760028739,38.7217441392389],[-9.1752530695345,38.7221388663437],[-9.17503756818941,38.7227154066634],[-9.17501220874894,38.7227832699203],[-9.17493617713991,38.7229522879069],[-9.17491374890221,38.7230022828464],[-9.1740835187301,38.7228050509074],[-9.17330880084929,38.7226208689672],[-9.17321821832931,38.7225993339227],[-9.17265050103606,38.7224643597104],[-9.1722612924645,38.7223844162481],[-9.17214062895891,38.7223596326772],[-9.17197339858561,38.7223402057214],[-9.17195156143937,38.7223376693325],[-9.17174299418994,38.7223134359157],[-9.17167610922715,38.7223056641477],[-9.17162220851348,38.7223058575834],[-9.17134290432534,38.7223068612061],[-9.17123401324154,38.7223072529834],[-9.17104497536641,38.7223206610169],[-9.17084859915372,38.7223345932862],[-9.17083859820967,38.7223359809763],[-9.17015928590363,38.7224564814294],[-9.1695901070514,38.7225574419454],[-9.16901081047413,38.7226601887864],[-9.16840438208033,38.7227785321798],[-9.16612061309982,38.723224173471],[-9.16609652387715,38.7232288971651],[-9.16463080750676,38.723502085243],[-9.16297333406086,38.7238109947546],[-9.16063405009412,38.724270276259],[-9.1596364296486,38.7235737414075],[-9.15958715615694,38.7235351628807],[-9.15944222107067,38.723421685992],[-9.15863408136972,38.7229874045635],[-9.1578315327831,38.7225654989325],[-9.15763715981351,38.7224577597841],[-9.1573522438498,38.722298209165],[-9.15712299558593,38.7221718584072],[-9.15689996905368,38.7219416838851],[-9.15671072995593,38.7217584220503],[-9.15661608435591,38.7216689846488],[-9.15611272236962,38.7211162646171],[-9.15564454200309,38.7206030575055],[-9.15558068795608,38.7204392155105],[-9.15551752112024,38.7203154617061],[-9.15549362323872,38.7200750736513],[-9.15561174091881,38.7198033457184],[-9.15564235640202,38.7197329179185],[-9.15560315571965,38.7187828517856],[-9.15557247106616,38.718430196114],[-9.1551527584025,38.7172579953341],[-9.15506676537528,38.7170007647425],[-9.15483511771129,38.7161644382582],[-9.15471699553965,38.7158953288009],[-9.1544909991771,38.7155597837613],[-9.15445404607957,38.7155081322465]]]}},{"type":"Feature","properties":{"COD_SIG":"103","NOME":"Alvalade"},"geometry":{"type":"Polygon","coordinates":[[[-9.12857219484697,38.763017767016],[-9.12858690655637,38.7627877101084],[-9.12858214009547,38.7627738613788],[-9.12858486199078,38.7627391579399],[-9.12859172961112,38.7627130532992],[-9.12860971298482,38.7626639974507],[-9.12861500585845,38.7626401727737],[-9.12861166322728,38.762623842292],[-9.12859654547936,38.762597360062],[-9.12856532453167,38.7625689088327],[-9.12855468039386,38.7625647649183],[-9.12854904705873,38.7625614426421],[-9.12853976117364,38.7625559650535],[-9.12852761145943,38.76254320129],[-9.12852214341429,38.7625284258055],[-9.12852188649612,38.7625147416335],[-9.12852564145399,38.7625012010531],[-9.12853213447688,38.762489518089],[-9.12854131885233,38.7624809003344],[-9.12855251635236,38.7624723624312],[-9.12857254069835,38.7624661122287],[-9.12859172871282,38.7624633426106],[-9.12862057092163,38.7624680181798],[-9.12863855429532,38.7624745891926],[-9.12870411064981,38.7624283357214],[-9.12877177265532,38.7623807716583],[-9.12891124957792,38.7622856084139],[-9.1289259244564,38.7622960431891],[-9.12893357181439,38.7622919258765],[-9.12895058949914,38.7622812305289],[-9.12897284885359,38.7622715935774],[-9.1289922398873,38.7622670006498],[-9.12900401230909,38.7622665530548],[-9.1290154505576,38.762266118068],[-9.12903148099384,38.7622688407628],[-9.12904292103901,38.7622707971525],[-9.12908954450056,38.7622443196947],[-9.12914269961255,38.7622141311782],[-9.1291816056475,38.7621920771201],[-9.12924516414881,38.7621560327124],[-9.12918772946279,38.7620133146667],[-9.12906906021715,38.7617184935615],[-9.12905768035912,38.7616701627136],[-9.12904106781456,38.7615997397668],[-9.12904834327006,38.7615114078574],[-9.12906115594096,38.7614164739082],[-9.12907406922317,38.7612853689005],[-9.12909646152825,38.7610608037245],[-9.12912035222322,38.7608409828648],[-9.1291447360933,38.760602083109],[-9.12893443060382,38.7605910877036],[-9.12894755409182,38.760465009221],[-9.12895681212913,38.7603760699915],[-9.12897908855152,38.7601489620045],[-9.12900877427841,38.7598511792496],[-9.12901025290536,38.7598361384241],[-9.12908595932425,38.7598415882019],[-9.12912765193323,38.7594139369841],[-9.12914548259329,38.7591989143243],[-9.12915299340739,38.7591211547812],[-9.12916593723233,38.7589868548067],[-9.12919024923718,38.7587655074819],[-9.12924214491113,38.7587638262911],[-9.12933050050754,38.7587738959224],[-9.12933939203221,38.7586421668201],[-9.12934589044498,38.7585458805948],[-9.12936577824706,38.7583212381491],[-9.12937555371397,38.7582344825127],[-9.12938741417068,38.7581289715227],[-9.12939082687042,38.7580987854682],[-9.12941217982473,38.7578707882984],[-9.12943542373273,38.7576472925594],[-9.12945923627428,38.757423985258],[-9.12948024158055,38.7571979795882],[-9.1294991044049,38.7569757083417],[-9.12952462015222,38.7567496347033],[-9.12955212117633,38.756524010782],[-9.12956849746395,38.7563053514208],[-9.12956991051392,38.7562972639138],[-9.12959185366135,38.7560777317075],[-9.12961360007775,38.7558548790394],[-9.12963483714937,38.7556288655987],[-9.12964147569932,38.7556115317588],[-9.12965330381667,38.7555806223958],[-9.12970844600206,38.7554369307751],[-9.1297112918649,38.7554199072229],[-9.12971474049726,38.7553709661514],[-9.12973363206769,38.7551481119772],[-9.12974108898286,38.7551485336972],[-9.12974940648408,38.7551490163635],[-9.12976931404909,38.7549159918463],[-9.12975205831081,38.7549148156498],[-9.12976684907196,38.7547496680907],[-9.12978079092518,38.754593979502],[-9.12980787782592,38.7543826895044],[-9.1298297050907,38.754212448483],[-9.12985832092407,38.7542093485899],[-9.12988846569007,38.7542060826684],[-9.12990114900355,38.7540983450053],[-9.12984472222731,38.754045397326],[-9.12986286190783,38.7538341869678],[-9.12988855821654,38.7535952980837],[-9.12991624070033,38.7533639049769],[-9.12992426894402,38.7532590116774],[-9.12993430941398,38.7531278328375],[-9.12995293059148,38.7529024846942],[-9.1299560288809,38.7527961587829],[-9.12996873644891,38.7526672397865],[-9.1299775165825,38.752578100288],[-9.12998057085447,38.7525559886088],[-9.12998595176301,38.7524934302364],[-9.12999065085026,38.7524447750878],[-9.12999225254642,38.752358057144],[-9.1299942090771,38.752323720637],[-9.12999759123414,38.7522824604818],[-9.12999858926245,38.7522667224053],[-9.1300025140019,38.7522206907007],[-9.13001188971854,38.7521071655051],[-9.13002306386234,38.752013788306],[-9.13002485330639,38.7519937003772],[-9.1300268394815,38.7519693523204],[-9.130029037659,38.7519424002624],[-9.13003539593456,38.7518632127703],[-9.13004303251281,38.7517684775575],[-9.13005790861391,38.7516162348572],[-9.13006914204652,38.7515014995209],[-9.13007628095809,38.7515018960421],[-9.13008637622527,38.7513984754035],[-9.13001237840203,38.7514293025094],[-9.1299393480644,38.7514224516533],[-9.12988673912808,38.7514209244147],[-9.12985489295295,38.7514200003652],[-9.12978752200159,38.7514180184577],[-9.12967269574871,38.7514146403176],[-9.12960823983044,38.7513794311489],[-9.12957858374796,38.7513632557183],[-9.12953059215223,38.7513371125887],[-9.12937156788905,38.7512241576531],[-9.1293249318511,38.7511496022396],[-9.12924674248877,38.7510176979338],[-9.1291949878503,38.7509739303751],[-9.12916212568058,38.7509135613086],[-9.1290918747304,38.7508436475734],[-9.1290693449831,38.7508042451862],[-9.12904158704079,38.7507619487034],[-9.12903819320565,38.7506492471667],[-9.1290337815793,38.7504853129466],[-9.12902980743248,38.7503309090262],[-9.12904539499928,38.7502412061464],[-9.1290472652917,38.750229488248],[-9.12906221774963,38.7501757397379],[-9.12904645051974,38.7501571764559],[-9.12904180802637,38.7501417496693],[-9.12903925770928,38.7501163697256],[-9.12902408067255,38.7501050287193],[-9.12900476060574,38.7500961936902],[-9.12900175124953,38.7500709720617],[-9.12900236569718,38.749940390565],[-9.12899281391078,38.7499142448125],[-9.12898350646612,38.7499066638036],[-9.12896178699916,38.749899097506],[-9.12894972172658,38.7498957893523],[-9.12893669525664,38.7498922177792],[-9.12892439013389,38.7498900123433],[-9.12891109955927,38.7498876303602],[-9.12887300110974,38.7498764259314],[-9.12885136788107,38.749869580531],[-9.12883696339548,38.7498579249235],[-9.12882801348033,38.7498417736687],[-9.12878253447244,38.7498359651289],[-9.12870985268112,38.7498258437946],[-9.12871789619616,38.7497782664282],[-9.12873467403072,38.7496948786294],[-9.12877865554704,38.7496988656594],[-9.12880319752058,38.7496429638501],[-9.12875904532437,38.7496319548463],[-9.12870829140913,38.7496037667725],[-9.1287323689537,38.7494967893059],[-9.12874204740256,38.7494602319617],[-9.12884094203389,38.7494317986144],[-9.12881239177754,38.7493653247182],[-9.12884985691475,38.749355019763],[-9.12888797692385,38.7493462546999],[-9.1289419351297,38.7493251046285],[-9.12896906065803,38.7493738550818],[-9.12898049980486,38.7493944187465],[-9.12905747284829,38.7493883649645],[-9.12914276069798,38.7493801498673],[-9.1291923782444,38.7493807775944],[-9.12927348533477,38.7494420138834],[-9.12930327167296,38.7494679405249],[-9.12932112119765,38.7494788710883],[-9.12934081137036,38.7494869327455],[-9.12938251296249,38.7495003545935],[-9.12946457675863,38.7495285644263],[-9.12948708045482,38.7495321325146],[-9.12949432177432,38.7495340794452],[-9.12952180483212,38.7495415960397],[-9.12955103870643,38.7495496023435],[-9.12961287513733,38.7495716203749],[-9.12965067354953,38.749591817576],[-9.12971501268681,38.7496098240392],[-9.12972435336913,38.7496135378454],[-9.12973501098166,38.7496177897014],[-9.12977270878256,38.7496372372627],[-9.12979358473144,38.7496532141181],[-9.12979561941556,38.7496327521129],[-9.13010794657187,38.7496615819115],[-9.13024283130671,38.7495654888428],[-9.13024074901187,38.7495314788672],[-9.13024520465571,38.749497859803],[-9.13025686299144,38.7494673905638],[-9.13027349529893,38.7494402399954],[-9.13030081665999,38.749411888609],[-9.13033746522864,38.7493914867852],[-9.13038857936832,38.7493774392914],[-9.13023961893126,38.7493789105267],[-9.13017122749374,38.7493789000179],[-9.13005915367889,38.7493788846049],[-9.12991997589529,38.7493694616924],[-9.12986759243611,38.7493576798974],[-9.12982247994088,38.7493399508038],[-9.12980036970678,38.749331304839],[-9.12973447828068,38.7492757495335],[-9.12967174173789,38.7492136163469],[-9.1296559861861,38.7491888609997],[-9.12965113438528,38.7491811678192],[-9.12962656725889,38.7491167604326],[-9.12962449664215,38.7490595249421],[-9.12962795874926,38.7490169471888],[-9.12963774499594,38.7489692536857],[-9.12965307833953,38.7489303813132],[-9.1296751634208,38.7488973000213],[-9.12973190909898,38.7488416785224],[-9.12972964803942,38.7488197233193],[-9.13006710736243,38.7487188412534],[-9.13008131062537,38.7486831487457],[-9.13009866428003,38.7486394091806],[-9.13016390981742,38.7486389530929],[-9.13018869523443,38.7486388059679],[-9.13024210277303,38.7486384836939],[-9.13025141021769,38.7484135872761],[-9.13025956961539,38.7482164605244],[-9.13027403338979,38.7482080519268],[-9.1304098559658,38.7481291475385],[-9.13041225626425,38.7481075697402],[-9.13043499801397,38.7479034690449],[-9.13043994593458,38.7478656301823],[-9.13044404135395,38.7478343020073],[-9.13047134295207,38.7475638363534],[-9.13048497668311,38.7474286935206],[-9.13055399963629,38.7467620337573],[-9.13056458987518,38.7466277371512],[-9.13056737824583,38.746596168122],[-9.13057391618448,38.7465222033991],[-9.13047127018853,38.7465127023411],[-9.13044588918848,38.7465103545756],[-9.13046851595387,38.7459489659662],[-9.13046901631548,38.7459366048928],[-9.13085761493098,38.7459391971943],[-9.13123262383286,38.7459416970135],[-9.13125467477814,38.7459400953917],[-9.13222476635178,38.7458696134852],[-9.13468019709487,38.7455625845516],[-9.13468716712315,38.7455617122726],[-9.13485510806385,38.745540711014],[-9.13599290971113,38.745474190056],[-9.13663869599246,38.7454281042271],[-9.13724779148435,38.7453904371075],[-9.13791888959543,38.7453450273304],[-9.1394208844286,38.7452483140004],[-9.13960852362682,38.7452326178121],[-9.13966099961246,38.7452282276711],[-9.13978155711683,38.7452127752973],[-9.14022731014399,38.7451747002978],[-9.14024093399357,38.7451751346881],[-9.1404942831582,38.7451832052388],[-9.14144824907418,38.7451317299769],[-9.14193215714469,38.7451077312961],[-9.14251588061969,38.7450657523271],[-9.14285848010275,38.7450671395756],[-9.14329886569605,38.7450689212792],[-9.14436850587453,38.7450732413669],[-9.14452325775022,38.7450738656287],[-9.14536831910764,38.7450161854996],[-9.14550051338824,38.7450133654595],[-9.14551120783168,38.7450129646985],[-9.14634977886121,38.7448558115711],[-9.14752213869746,38.7446360942411],[-9.14757502970477,38.7449355021827],[-9.14759242108867,38.7450063241168],[-9.14764214194135,38.7452087985263],[-9.14764377328188,38.7452154418917],[-9.14764888649249,38.7452362596812],[-9.14831730852235,38.7479574770873],[-9.14835505393396,38.748111133696],[-9.14839214716868,38.7482621312],[-9.14841581508147,38.7482584649642],[-9.1484486422169,38.7482532041644],[-9.14945801621958,38.7481238944357],[-9.15025867025929,38.7480078377565],[-9.15036665404465,38.7479921863128],[-9.1512881180153,38.7478586248516],[-9.15150509259747,38.7478271747686],[-9.15354203687727,38.7475004216685],[-9.1554737013007,38.7472122083132],[-9.15664576109965,38.7469700660466],[-9.15669304392464,38.7469602967139],[-9.15724508471788,38.7468134132611],[-9.15780595595035,38.746664177542],[-9.15824680776928,38.7465096077185],[-9.15893619198631,38.7462820793766],[-9.15981865649724,38.7459908119984],[-9.16175910105427,38.7452414268192],[-9.16178420537319,38.7452317322171],[-9.16181420101884,38.7452188840824],[-9.16189871901235,38.7451826846712],[-9.16199801608891,38.7451401578537],[-9.16202025657872,38.7451306299879],[-9.16204299922677,38.7451656979088],[-9.16478429724945,38.7493923961486],[-9.1651244982307,38.7499168972197],[-9.16526724681756,38.7500840792389],[-9.16529693344278,38.7501558845853],[-9.16533502740069,38.7502480241885],[-9.16538524322507,38.750369481489],[-9.16538987943026,38.7503941229332],[-9.16539894792306,38.7504423234034],[-9.16543044016197,38.7506152937535],[-9.16543267876367,38.7506275839591],[-9.16546334275589,38.7507597264805],[-9.16563266979705,38.7509679727055],[-9.16585370476429,38.751106674046],[-9.16610217697525,38.7513458823112],[-9.16625397878353,38.751491765136],[-9.16698173363958,38.7521911277481],[-9.16721779921817,38.7523673892899],[-9.16766214548357,38.7526446944906],[-9.16767748242042,38.7526542654887],[-9.16770156355824,38.7526857659869],[-9.16773493597104,38.7527294211078],[-9.1678504727913,38.752843696308],[-9.1679718657289,38.7529651246728],[-9.16816196720933,38.7531444947513],[-9.16845019975309,38.7534274832856],[-9.16851209906605,38.7534917901074],[-9.16869309342611,38.7536775450407],[-9.16903493922267,38.7540228944979],[-9.1693081905624,38.7542891149275],[-9.16945284088272,38.7544274504386],[-9.16959983041602,38.7545684673385],[-9.16959178959593,38.7546487075382],[-9.16959628476561,38.7547207296623],[-9.16964650148828,38.7552490360962],[-9.16969193827537,38.7556855066794],[-9.16971427129165,38.7559518827289],[-9.16971850415327,38.7560023659542],[-9.16972114250524,38.7560338460607],[-9.16973034035546,38.756196341277],[-9.16977878739706,38.7570522751474],[-9.16977989861303,38.7570719133244],[-9.16969609208525,38.7573221710637],[-9.16964070016819,38.7573208295865],[-9.16775858232424,38.7572752529707],[-9.16758075991544,38.7572709462305],[-9.16750216271799,38.7572686219357],[-9.16694798752762,38.7572522313817],[-9.16684293853831,38.7572531616603],[-9.16632603444908,38.7572577380983],[-9.16598394251418,38.7572607650059],[-9.16589348755495,38.7572601513584],[-9.16546551128898,38.7572572442381],[-9.16484449335666,38.7573275902111],[-9.16481203632713,38.7573286893117],[-9.16424346024445,38.7573479442336],[-9.16389434528065,38.7574255831197],[-9.16348913861218,38.7575156944742],[-9.16306970173129,38.7576089685063],[-9.16250911167151,38.7577336293064],[-9.16189599621871,38.7578699673066],[-9.1614384887361,38.757971700862],[-9.16001692186696,38.7583708475761],[-9.15984133985648,38.7584201466472],[-9.15978948191177,38.7584347065281],[-9.15967535275154,38.7584667508645],[-9.15514808356976,38.7597435677893],[-9.15511282918644,38.7597534320398],[-9.15420108498715,38.7600085067107],[-9.15274231708547,38.7604166018724],[-9.15186764545962,38.7606612895945],[-9.15182203709433,38.7606740480907],[-9.15170712460318,38.7607061943918],[-9.15163078127876,38.760727993235],[-9.15140416867193,38.760792699055],[-9.15120969149774,38.7608605030198],[-9.15073894194951,38.7610246830942],[-9.1505576673151,38.7610879043422],[-9.14964849139917,38.7614049532756],[-9.14852363806838,38.7617230872248],[-9.1484164043763,38.761753415342],[-9.14835003863973,38.7617721766421],[-9.14686236744378,38.7621024612942],[-9.1458487974104,38.7623274735886],[-9.14562826999131,38.7623764288022],[-9.14546683824318,38.7624038826527],[-9.14501241827019,38.7624811602049],[-9.14458259596629,38.7625542531319],[-9.14428758204047,38.7626042399652],[-9.1438813342246,38.7626732820189],[-9.14348943160548,38.762739873807],[-9.14230298259228,38.7629002096603],[-9.14222071577689,38.7629071812939],[-9.14160342764961,38.7629594975931],[-9.14159311229521,38.7629603717609],[-9.14092412432671,38.7630170665616],[-9.13918032368034,38.7630771529148],[-9.13743123824514,38.763070845328],[-9.13672602661112,38.7630683012796],[-9.13421345942268,38.7630531777781],[-9.13163547601697,38.7630376087846],[-9.13032691451563,38.7630296838455],[-9.12953559397173,38.7630248843327],[-9.12913071518834,38.7630282514165],[-9.12911428051024,38.763028388005],[-9.12896880733311,38.7630295969891],[-9.12881217258861,38.7630307828582],[-9.12872539084058,38.7630314398843],[-9.12866458926887,38.763026013465],[-9.12857219484697,38.763017767016]]]}},{"type":"Feature","properties":{"COD_SIG":"120","NOME":"Santa Clara"},"geometry":{"type":"Polygon","coordinates":[[[-9.14845663362968,38.7947383396517],[-9.14831578767457,38.7947087600085],[-9.14828138130087,38.794713280833],[-9.14825926208364,38.7947161864269],[-9.14815901728444,38.7947655198938],[-9.14810615951483,38.7947736219438],[-9.14807016671633,38.7947785887549],[-9.14796062435397,38.794768687339],[-9.14791291932081,38.7947535509546],[-9.14786280680266,38.7947376514112],[-9.14781494995423,38.7947095308662],[-9.14773953728442,38.7946652208912],[-9.14760605032817,38.7946152131161],[-9.14751018481599,38.7945792999154],[-9.14723063808273,38.7944927648086],[-9.14720959684382,38.7944862520567],[-9.14692481383078,38.7943875706992],[-9.14648203422725,38.7942582843594],[-9.1462394468797,38.7941512184067],[-9.1461523785691,38.794112790737],[-9.14609836466768,38.7941186649872],[-9.146076965001,38.7940750239877],[-9.14605126689566,38.7940226170849],[-9.14603994273319,38.793999527537],[-9.1460365866273,38.79399268847],[-9.14603027686075,38.793979816207],[-9.14602706448526,38.7939732670004],[-9.14602226837999,38.7939634837981],[-9.1459663626266,38.7938262352627],[-9.1459604103895,38.7938116209916],[-9.14594380413319,38.7937708525294],[-9.1459007703395,38.7936652043554],[-9.14589672522577,38.7936547433621],[-9.14589365927571,38.7936467861167],[-9.14577552722257,38.7933399732405],[-9.14569522681933,38.7931314109784],[-9.14567752731329,38.7930729379025],[-9.14561373255508,38.7928621791533],[-9.14559078419283,38.792786362144],[-9.14558196363503,38.7927572241935],[-9.14557975737269,38.7927465299128],[-9.14557526130472,38.792724728951],[-9.14557371799904,38.7927172400106],[-9.14557228249121,38.7927102614882],[-9.14556736241841,38.7926863950343],[-9.1455487538173,38.7925961509616],[-9.14553664452726,38.7925370767054],[-9.14552684031427,38.7924474107804],[-9.1455171744418,38.792358837702],[-9.14551669653808,38.7923445963187],[-9.14551465646407,38.7922682942432],[-9.14551342756874,38.7922223772663],[-9.1455123783365,38.7921831384624],[-9.14551012266682,38.7921638572336],[-9.14550601467103,38.7921287122829],[-9.14550531039184,38.7921226516239],[-9.14549756601579,38.7920564394505],[-9.14548595169749,38.792026431591],[-9.14547535606869,38.7919990570575],[-9.14546817583462,38.7919805074565],[-9.14546449004703,38.7919709935461],[-9.14544607368537,38.7919233924675],[-9.14539094946628,38.7918427026677],[-9.14539077788807,38.7918325410804],[-9.14538927590492,38.7917432103518],[-9.14538920763294,38.7917340310921],[-9.14539372705714,38.7917076625945],[-9.1454054491733,38.7916397577166],[-9.14546303387794,38.7916004100651],[-9.14552728498034,38.7915975771622],[-9.14560543661342,38.7915941302067],[-9.14598463256283,38.7916277196356],[-9.14598972421388,38.7916152908556],[-9.14599176249123,38.7916103140217],[-9.14599838127824,38.7915941421097],[-9.14599920503338,38.7915596501406],[-9.14599957783421,38.7915440341556],[-9.14599975390401,38.7915366704224],[-9.14599399839797,38.7915055301617],[-9.14596831736065,38.7913666832929],[-9.14591798475528,38.7910945537645],[-9.14586626425279,38.790799191176],[-9.14582110235018,38.7905782737403],[-9.14573864060039,38.7901748960363],[-9.14569893686144,38.7899640103863],[-9.14569347959611,38.789934292925],[-9.14563819996846,38.7896332350605],[-9.1455133889412,38.7890528727959],[-9.14545008196819,38.7888574148505],[-9.1452916802375,38.7884885740963],[-9.14523822508822,38.7883880653023],[-9.14517627726621,38.7882715895616],[-9.14508829267403,38.7881507240293],[-9.14489247072188,38.7881666789579],[-9.14473890462237,38.7881967444588],[-9.14448134774893,38.7882471691586],[-9.14424441439782,38.7882902472593],[-9.14397359839079,38.788339484344],[-9.14354715015912,38.7884107365449],[-9.14313083672047,38.7884783700186],[-9.14311849207182,38.7884803754039],[-9.14311084651046,38.7884818556359],[-9.14287148680975,38.7885281818407],[-9.14283405221521,38.7885351425673],[-9.14278103095219,38.7885449986356],[-9.14258443555058,38.7885357104326],[-9.14252060665638,38.7885227510591],[-9.14250354405588,38.7885110359459],[-9.14248899494156,38.7885010461339],[-9.14246511412802,38.7884862571202],[-9.14238850130903,38.7884388140616],[-9.14233549980895,38.7884059912552],[-9.14226263026973,38.7883389437851],[-9.1421844930097,38.7882670480227],[-9.14207822051494,38.7881580734079],[-9.14202140836144,38.7881035867383],[-9.14190974597497,38.7879964912349],[-9.14177177912039,38.7878598663014],[-9.14170973068707,38.7878181568529],[-9.14168210839042,38.7878058303397],[-9.14173983772383,38.7877342911476],[-9.14168546090306,38.7876810470308],[-9.14152418546179,38.7875231377983],[-9.14142989289966,38.7874335586949],[-9.14139179355182,38.7873973638905],[-9.14136598046213,38.7873757769591],[-9.14126077067437,38.7872877920625],[-9.14114508832705,38.7872051098001],[-9.14103168500557,38.7871696438059],[-9.14099006875341,38.7871566274665],[-9.14095046742243,38.7871437847787],[-9.14083254827004,38.7871055430904],[-9.14081721762137,38.7871005708432],[-9.14078951537465,38.7870915275282],[-9.14063172270172,38.7870400138715],[-9.14057574687975,38.7870217402667],[-9.14036212660688,38.7869520005519],[-9.14031294743832,38.7869577374489],[-9.14028438280891,38.7869610081733],[-9.14026076340516,38.786955956091],[-9.14022384713854,38.7869480597171],[-9.13989975654361,38.7868503230245],[-9.13975122190801,38.7867990934832],[-9.13968027656014,38.7866431926358],[-9.13967999538745,38.7866425743395],[-9.13957642053351,38.7864144464139],[-9.13944723560912,38.7861299032561],[-9.13912918528614,38.7853639245374],[-9.13891260775936,38.7850001529425],[-9.13883965198188,38.7848776131928],[-9.13864465019159,38.7843228397927],[-9.13852254309333,38.7835729488716],[-9.13852356627442,38.7833995556231],[-9.13852505478285,38.7831470721993],[-9.13852583991041,38.7830140786145],[-9.13864766403935,38.7821573021428],[-9.13866270183719,38.7821249400212],[-9.13905913106703,38.7812718335125],[-9.13920571995175,38.7810433914853],[-9.13936723614151,38.7807916819313],[-9.13958311657564,38.7804552484793],[-9.13996577193721,38.779901837047],[-9.14035206457736,38.7794492916031],[-9.14053644378945,38.7792332865833],[-9.14128261410883,38.7783536508914],[-9.14180479220708,38.7777360222708],[-9.14364833279945,38.7781775781881],[-9.1438812407998,38.777629411217],[-9.14446125692761,38.7762642631549],[-9.14528220211296,38.7766228563239],[-9.14607529862615,38.7769645714419],[-9.14652489913764,38.7771840737049],[-9.14754471964877,38.7776819513246],[-9.14758396884018,38.7775980085678],[-9.14786772597717,38.7768741968178],[-9.14934963807383,38.7772448554444],[-9.1504939219642,38.777533878238],[-9.15073718753978,38.7775991619804],[-9.15104861368583,38.7776539872241],[-9.15134028048893,38.7777183793618],[-9.1519542906637,38.7779115323162],[-9.15246668341358,38.7783511375009],[-9.15273270511193,38.7786165675687],[-9.15295259472718,38.7788287949421],[-9.15302658895713,38.7788747807712],[-9.15308456083565,38.7789035497361],[-9.15323891475768,38.7789334391665],[-9.15355370060291,38.7790199357362],[-9.15399409787431,38.7791187273042],[-9.15424808663941,38.7791872785759],[-9.15446861675346,38.7792127413204],[-9.15457123041007,38.7792118435417],[-9.15467376950649,38.7792064869821],[-9.15479651081533,38.7792008187906],[-9.15480631323169,38.7791620000001],[-9.15500604734693,38.7791269228713],[-9.15503339655577,38.7790275990888],[-9.15525282803019,38.7790824260356],[-9.15533343655561,38.7790862237442],[-9.1554056943421,38.7790693774067],[-9.1554593489174,38.7790391820035],[-9.15549789113467,38.7789983098529],[-9.15551472556308,38.7789684372568],[-9.15554243499634,38.7788943317075],[-9.15561735538934,38.7789026827667],[-9.15566380008617,38.7788573174204],[-9.15586022750282,38.7786654541804],[-9.15591734508354,38.7783947236982],[-9.15597381587724,38.7784005341154],[-9.15600154148016,38.7782471605129],[-9.15597387516605,38.7782437997498],[-9.15600376031892,38.7780804989663],[-9.15606254517278,38.7780871896943],[-9.1560854728738,38.7779611575355],[-9.15609668474684,38.7778995311343],[-9.15600909631172,38.7778903900098],[-9.15602514381593,38.7778055770141],[-9.15608161460963,38.7778113874793],[-9.15610933931425,38.7776580140104],[-9.15608168647487,38.7776555538191],[-9.15611041998756,38.7774922628936],[-9.1561691913667,38.7774980537756],[-9.15620334351718,38.7773112949696],[-9.15611689324748,38.7773012433613],[-9.15615529981915,38.7770901270459],[-9.15725739163724,38.7770918386188],[-9.15734185124028,38.7770995378947],[-9.15743309761526,38.777123058008],[-9.15750835038491,38.7771548250304],[-9.15756395340605,38.7771884401706],[-9.15798087410584,38.7774401568402],[-9.15806672160595,38.7774940171759],[-9.15845475158789,38.7772373641777],[-9.15960562102761,38.7764761368624],[-9.15960269970632,38.7765130935583],[-9.15960219575145,38.7765581368472],[-9.15960322342413,38.7765681059223],[-9.15960887921715,38.7766229333592],[-9.15962383706496,38.7767029701783],[-9.15964744389228,38.7768243663491],[-9.15967470955778,38.7769601419339],[-9.15968829747478,38.7770248778534],[-9.15969701113306,38.7770707408896],[-9.15970570862162,38.7770843074179],[-9.159718878822,38.7771048553949],[-9.15973009877991,38.7771163223694],[-9.15997830149628,38.7773466033946],[-9.16000265123037,38.7773784508535],[-9.16000817407272,38.7773893974512],[-9.16002426200114,38.7774218639676],[-9.16002797294159,38.7774373962072],[-9.16003650514015,38.7774731002464],[-9.16003842843317,38.777484621786],[-9.16005287334296,38.7775711397216],[-9.16006205322683,38.7776494254001],[-9.16006510390554,38.7777016433502],[-9.16006630764802,38.7777854046049],[-9.16006372229664,38.7778457782522],[-9.16005659955476,38.7779034059399],[-9.16005547486402,38.7779125078455],[-9.1600543277154,38.7779234781717],[-9.16004434473765,38.7780188964787],[-9.16003516575208,38.7781009472128],[-9.16003009386397,38.7781375031921],[-9.16002265222018,38.7781911340012],[-9.16001703954628,38.7782527720555],[-9.16001370679658,38.7782893965868],[-9.16000355852881,38.7783840664801],[-9.15999211758534,38.778468839571],[-9.15998365006546,38.7785202578763],[-9.1599462010979,38.7786386053448],[-9.1605271379989,38.778858478516],[-9.16073909998176,38.7789266112595],[-9.16106580916576,38.7789717853804],[-9.16146720428248,38.7790325873056],[-9.1617340012269,38.7790713830567],[-9.16217274020829,38.7791349384614],[-9.16269787106888,38.7793081368936],[-9.16287331473883,38.7793573745789],[-9.16292337964623,38.7793694917642],[-9.16295500573411,38.7793771466757],[-9.16300103271433,38.7793241806375],[-9.16303011926492,38.7792662746802],[-9.16305115062236,38.7792084401061],[-9.16306315930106,38.7791632955475],[-9.16307834711758,38.7790992072424],[-9.16309582294312,38.7790341972887],[-9.16312537122775,38.7789285468837],[-9.16314721645883,38.7788472849381],[-9.16316354154248,38.7787822859596],[-9.16318534724769,38.7786983220884],[-9.16320394776399,38.7786315007906],[-9.16321382294388,38.7785980852162],[-9.16348663680409,38.7786037842689],[-9.16348748032217,38.7786623266372],[-9.16347915832936,38.7787236526507],[-9.16346521288288,38.7787940355854],[-9.16343908987442,38.7788978542089],[-9.16340415169808,38.7790287741875],[-9.16336704229372,38.7791687207394],[-9.16333878758308,38.7792842680539],[-9.16331817124729,38.7793709238651],[-9.16330294480322,38.7794323108951],[-9.16328864811548,38.7794783761684],[-9.16327802463894,38.7795397217886],[-9.16327370733569,38.7795595771697],[-9.16326946818585,38.7795848359963],[-9.1632661848435,38.7795965749856],[-9.16325173274719,38.7796318325585],[-9.16322931708592,38.7796734655622],[-9.16320353992884,38.7797214333687],[-9.16318105958884,38.7797585634555],[-9.16317543613518,38.779767621006],[-9.16313953676148,38.7798318921862],[-9.16308230689136,38.7799332835002],[-9.16306998739556,38.7799568117827],[-9.16305322123907,38.7799911889158],[-9.16303648023546,38.7800273671716],[-9.16302659158081,38.7800598822075],[-9.16301115672759,38.7801068581483],[-9.1630013722775,38.780146578393],[-9.16299925225345,38.7801592080537],[-9.16299184654225,38.7802043120655],[-9.16298547479193,38.780241299743],[-9.16297273129131,38.7803152750402],[-9.16296443355302,38.7803784021632],[-9.16295836004341,38.7804361048355],[-9.16295330791823,38.7804847906193],[-9.16295161639056,38.7805271416149],[-9.16295137384541,38.7805901978218],[-9.16295344536049,38.7806541335262],[-9.16296844722572,38.7807368717049],[-9.16299209537558,38.7807808009818],[-9.16297372842129,38.780863833831],[-9.16300135610785,38.781104095006],[-9.16300394325586,38.7811238890274],[-9.16301048748271,38.7811787780876],[-9.16308081209472,38.781506937204],[-9.16311214353519,38.7816048450849],[-9.16314200084032,38.78168024542],[-9.16317285258043,38.7817448285976],[-9.16332237985439,38.7820587780849],[-9.16340081715175,38.7822310324603],[-9.16343787714881,38.7823270878469],[-9.16347319351586,38.7824618907934],[-9.16351958072052,38.782646138978],[-9.16352604859055,38.7826956236515],[-9.16353256766459,38.7827487118319],[-9.1635429423078,38.7828296892278],[-9.16354867445761,38.7829080055472],[-9.16353675650875,38.7829594542643],[-9.16350204560617,38.7830264178605],[-9.16343276214157,38.7830900831821],[-9.16332888006379,38.7831486491775],[-9.1631148932783,38.7832334082014],[-9.16300847525648,38.7832757827737],[-9.16271541516639,38.7833837578852],[-9.16263766058866,38.7834186725619],[-9.16257260190083,38.7834561781603],[-9.16253173484361,38.7834952712133],[-9.16249777133935,38.7835343040231],[-9.16246763645482,38.7835994247157],[-9.16246608686096,38.7836516831252],[-9.16247771375569,38.7837398559747],[-9.16251217402828,38.7838152162387],[-9.1625250522762,38.7838304158675],[-9.162546779828,38.7838556416702],[-9.16255431309996,38.7838643870892],[-9.16261828931788,38.7839115635959],[-9.16273050506653,38.7839520085798],[-9.16281128786508,38.7839675099866],[-9.16294714906867,38.7839717156801],[-9.16302175055972,38.7839575461474],[-9.16308331839436,38.7839173693621],[-9.16324257442288,38.7837880549295],[-9.16339969695261,38.7836704687774],[-9.1635500183373,38.7835601489539],[-9.16394206738179,38.7832936630948],[-9.16425316833772,38.7830801360264],[-9.16432037040582,38.7830318014433],[-9.16439914457139,38.7829878686512],[-9.1644860772364,38.7829510700677],[-9.16456388211977,38.7829197558938],[-9.16462008431721,38.7829066484451],[-9.16471419452133,38.7828887022025],[-9.16480500790834,38.7828815945705],[-9.16501553168845,38.7828761304466],[-9.16521943218992,38.7828707636583],[-9.16527322151252,38.7828693477337],[-9.16531469852581,38.7828725843329],[-9.16538560344951,38.7828937265627],[-9.16542344318421,38.7829050084383],[-9.16550540816571,38.7829294474774],[-9.16583557945679,38.7830805575814],[-9.1660514176701,38.7832038545955],[-9.16606714267915,38.7832136539798],[-9.16624302382863,38.783323256578],[-9.16682407122241,38.7837925631417],[-9.16837960564649,38.7850489063342],[-9.16843573687702,38.7850810318488],[-9.16895465498908,38.7853780251676],[-9.16910131933226,38.7854587005775],[-9.16920166743769,38.7855138965043],[-9.16926061578495,38.7855463208091],[-9.16926840687341,38.7855694193972],[-9.1692585496598,38.7855723239635],[-9.16924907423018,38.7855750226611],[-9.16918110140757,38.7856361690722],[-9.16903046471423,38.7857715287484],[-9.16898508721595,38.7857719320814],[-9.1688442197013,38.7857732492159],[-9.16870821656394,38.7859006470206],[-9.16866357837914,38.7859424626253],[-9.16865884874919,38.7859468747699],[-9.16856791947949,38.7859529156473],[-9.16819190715943,38.7859778984199],[-9.16781401017391,38.7860030072248],[-9.16741064505179,38.7860327137208],[-9.16728431138013,38.7860420162545],[-9.16727724253713,38.7860660270792],[-9.16725854500281,38.7861301644409],[-9.16725683371221,38.7861360344474],[-9.16721068006954,38.786305685337],[-9.16720059109057,38.7863427706821],[-9.16716907010558,38.7863620849955],[-9.1671282228113,38.7863708336082],[-9.16707009821913,38.7863595697867],[-9.16704016276063,38.786353769121],[-9.16694561238203,38.7863306574826],[-9.16688232517195,38.7863151873995],[-9.16676521360498,38.7862865614699],[-9.1667190114533,38.7862764228982],[-9.1666278881475,38.7862564440469],[-9.16656353014561,38.7862472955909],[-9.16654139206374,38.7862441487739],[-9.16649124900289,38.7862386477956],[-9.16644140058946,38.7862374160975],[-9.16642147954972,38.7862369238383],[-9.16636703805023,38.7862445303972],[-9.16628146363796,38.7862613890442],[-9.1662598492739,38.7862656478195],[-9.16620346651511,38.7862755665217],[-9.16606790804378,38.7862994141152],[-9.16600887435656,38.7863070521777],[-9.16598921562488,38.786304850668],[-9.16596944011224,38.786302635854],[-9.16593253103216,38.7862867267231],[-9.16588691727698,38.7862547158886],[-9.16582720087013,38.7861631066335],[-9.16577687006139,38.7860858946476],[-9.16576040843381,38.786090588275],[-9.16569079349088,38.7861104362302],[-9.16559422280121,38.7861513323135],[-9.16555144233243,38.7861694492905],[-9.16549049703029,38.786195258955],[-9.16547921059705,38.7862068435063],[-9.16546961479319,38.7862166928944],[-9.16545683356332,38.7862695221705],[-9.16542087759577,38.7864189950731],[-9.16541404141646,38.7864510135364],[-9.16540307298683,38.7865023861734],[-9.16538791122149,38.7865734049355],[-9.16536212238631,38.7865961936924],[-9.16534692019673,38.7866095287355],[-9.1653261412659,38.7866087465867],[-9.16530475148068,38.7866079413305],[-9.16525589390901,38.7866061025455],[-9.16515887046844,38.7866022394164],[-9.1651059605965,38.7866001324459],[-9.16507994269093,38.786618425765],[-9.16500861466073,38.7866685805952],[-9.16446622267199,38.7870499555732],[-9.16427282078119,38.7871904094452],[-9.16423694745863,38.7872164617154],[-9.16417124827201,38.7872608092309],[-9.16394287586554,38.7874149672934],[-9.16387839928604,38.7874598685551],[-9.16385758082934,38.7874743671927],[-9.16385021015242,38.7874795004631],[-9.16384732745867,38.7874908810435],[-9.1638417579039,38.7875134244323],[-9.16384812965421,38.7875340261215],[-9.16385797608806,38.787561200008],[-9.16389125956765,38.7876455441621],[-9.1638961230466,38.7876584917914],[-9.16390638809533,38.7876945422195],[-9.16391248226621,38.7877159413977],[-9.16392373186853,38.7877554466402],[-9.16391997601233,38.787878058467],[-9.1639048636543,38.7878992279212],[-9.16389806071264,38.7879087507775],[-9.16388985460252,38.7879202349204],[-9.16388232043223,38.7879273952661],[-9.16383082900017,38.7879763245093],[-9.16381196887078,38.787994244964],[-9.16377189502596,38.7880269244172],[-9.16367170951557,38.7881086198337],[-9.16363577600588,38.7881254731383],[-9.16360791924892,38.7881385390156],[-9.16358166688308,38.7881425182959],[-9.16354923590466,38.7881474344539],[-9.16350135929329,38.7881454073528],[-9.1634876240526,38.7881448254802],[-9.16347505931673,38.7881426814444],[-9.16340582166622,38.7881308654388],[-9.16327092525325,38.7881064372852],[-9.163201922063,38.7880939406713],[-9.16313868156534,38.7880855710827],[-9.16311638268502,38.788089240874],[-9.16304266244122,38.788142707352],[-9.16303148560247,38.7881509235885],[-9.16268241106283,38.7884237988689],[-9.1625918950182,38.7884962917474],[-9.1624913915042,38.7885767969804],[-9.16246301911427,38.7885981440788],[-9.16245780529235,38.7886020659168],[-9.16242112977426,38.7886296609183],[-9.16240116920865,38.7886413669094],[-9.1623879900251,38.7886435865522],[-9.16236787135601,38.7886469748332],[-9.16221873035759,38.7886643188527],[-9.16215415586171,38.7886718285247],[-9.16194229898174,38.7886970386104],[-9.16193504867906,38.7886979005594],[-9.16180150602725,38.7887115986142],[-9.16176537668483,38.7887202040974],[-9.16171241381232,38.7887636901298],[-9.16146432608028,38.7889952492171],[-9.16140006868971,38.7890571216017],[-9.16117477840297,38.7892740484299],[-9.16114993639211,38.7892979685411],[-9.16099434638827,38.7894477816908],[-9.16095140961263,38.7894910775266],[-9.16086251053548,38.7895807184626],[-9.16081824245661,38.7898842538232],[-9.16080636493192,38.7899658560866],[-9.1607899787628,38.7900401307786],[-9.16074980789993,38.7900427305805],[-9.16068166170249,38.7900349801878],[-9.16056899589785,38.790132714615],[-9.16040260095779,38.7902773740368],[-9.16015013034552,38.7904891143855],[-9.16013045095257,38.7905035115804],[-9.16011835244233,38.7905123633122],[-9.16007184576176,38.7905358327894],[-9.15998398423875,38.7905648897265],[-9.1598405601188,38.7906086498058],[-9.15977015825168,38.7906303813965],[-9.1597315154231,38.790647184392],[-9.15968837203497,38.7906659436946],[-9.15965793980807,38.7906902113295],[-9.15957686415873,38.7908872277533],[-9.15955967489577,38.7909290187277],[-9.15944350835648,38.7911995881921],[-9.15930854007831,38.7915139469606],[-9.15925591048076,38.7916357079139],[-9.15924255432912,38.7916466733283],[-9.15922898887002,38.7916577556698],[-9.15915988057688,38.7916965494531],[-9.15913605006904,38.7917099255524],[-9.15895989313676,38.7917994313658],[-9.15889874212044,38.7918305049818],[-9.15888831627323,38.7918358038792],[-9.1588337822473,38.7918635145575],[-9.15881031465879,38.7918754398712],[-9.15879871561187,38.7918813339106],[-9.15876299051134,38.7918992477824],[-9.15871910511474,38.7919211379183],[-9.15864841578674,38.79195549598],[-9.15853933605672,38.7920082866952],[-9.15847290923472,38.7920461847711],[-9.15841055178097,38.7920817610665],[-9.15842094349216,38.7920923840296],[-9.15847482983281,38.7921474669947],[-9.1584836755434,38.7921565096683],[-9.15848120248142,38.7921684216298],[-9.15846740076538,38.792234098071],[-9.15843756232493,38.7922611301325],[-9.15840232500958,38.7922916469146],[-9.1583692247863,38.792296627902],[-9.15833722589759,38.7923014436496],[-9.15826102899856,38.792309408747],[-9.15822703944315,38.7923196689899],[-9.15819306965068,38.7923299215294],[-9.15815355725291,38.7923554509977],[-9.15813886530642,38.7923649431516],[-9.15808346620285,38.7925204870055],[-9.15801957352826,38.7927363313457],[-9.15799651377493,38.792799574201],[-9.15798856997287,38.7928213667381],[-9.15797853758778,38.7928488774872],[-9.15791639572967,38.7928854133029],[-9.15785710242935,38.7929003463371],[-9.15765731890681,38.7929104769652],[-9.15757354292173,38.7929162287863],[-9.15747174583371,38.792923217791],[-9.15743918909121,38.792925452704],[-9.15740520762064,38.7929308110336],[-9.15738815130831,38.7929335010508],[-9.15735087661392,38.792939378899],[-9.15730847343756,38.7929601085498],[-9.15722220372927,38.7930122991843],[-9.15713976353901,38.7930931136887],[-9.15710778980309,38.7931244577022],[-9.15688829275164,38.7933654463345],[-9.1568393022293,38.7934293880872],[-9.15671001220202,38.7935981366262],[-9.15668457460814,38.7936313365253],[-9.1565270154972,38.7938251234216],[-9.15651897108383,38.7938341609813],[-9.1564800848118,38.7938768513227],[-9.15643798167274,38.7939012978033],[-9.1563739614374,38.7939078043074],[-9.15624782988667,38.7938617490564],[-9.15610169105793,38.7938083897901],[-9.15598727084357,38.7937666117062],[-9.15591836736633,38.7937384074599],[-9.15583588315862,38.7937046446876],[-9.15577727886611,38.7936808926917],[-9.15572644589912,38.7936697224453],[-9.15562702036347,38.79367650063],[-9.15546565059911,38.7936875000379],[-9.15538061337937,38.7936905183983],[-9.15523993630755,38.7936955118907],[-9.15515145674367,38.7937059252676],[-9.15511241236816,38.7937231000194],[-9.1551044461082,38.7937266035843],[-9.15507338056904,38.7937589226317],[-9.15506389795291,38.7937688052838],[-9.15505762322065,38.7937903174636],[-9.15503618133313,38.7938642913065],[-9.15503310280665,38.7938743979923],[-9.15501864801542,38.7939217835219],[-9.15501304252803,38.7939398425121],[-9.15501065660264,38.793947530867],[-9.15499396500634,38.7940013087189],[-9.15494471936249,38.7940756296169],[-9.15487599195502,38.7941937804311],[-9.15485374697366,38.7942320288192],[-9.15481192141404,38.7942945765015],[-9.15479390570102,38.7943144795848],[-9.15476817435799,38.7943429090504],[-9.1547622616468,38.7943494421197],[-9.15475628515521,38.794356045203],[-9.15473256334352,38.7943755190793],[-9.15469450891145,38.7944067582071],[-9.15455997362124,38.7945047680987],[-9.15454200641723,38.7945147395658],[-9.15450093454414,38.7945375320854],[-9.15445132059098,38.7945486965946],[-9.15444012488762,38.7945512157154],[-9.15440051098022,38.7945549915959],[-9.15417793270732,38.7945762087776],[-9.15413867273614,38.7945801036812],[-9.15400563673413,38.7945932993024],[-9.15392742760886,38.7945996398091],[-9.15391861333931,38.794599527786],[-9.1538975074217,38.794598397053],[-9.15388315144516,38.7945976233936],[-9.1538484432375,38.7945957547085],[-9.15381711988188,38.794562881526],[-9.15379839988966,38.7945432354653],[-9.15379422272359,38.7945388497581],[-9.15372263777522,38.7944403512115],[-9.15369318830528,38.7944415435599],[-9.15342090894264,38.7944530357523],[-9.15290701600628,38.7944747234621],[-9.1528872746296,38.7944459838844],[-9.15279323359576,38.7943090758495],[-9.15255588252803,38.7944035116293],[-9.15247078961274,38.7944373678901],[-9.15244631860607,38.7944471048178],[-9.15243033667885,38.7944534642414],[-9.15242707938764,38.7944598250648],[-9.15240783657595,38.7944977148357],[-9.15240251405788,38.7945081904083],[-9.15239872586232,38.7945156406525],[-9.15238139825881,38.7945497300083],[-9.15237678720647,38.7945588024833],[-9.15237018009755,38.7946074443167],[-9.15235394035382,38.7947269917348],[-9.15234616184179,38.7947842529075],[-9.15233353602049,38.7948217252213],[-9.15232456095248,38.7948483586209],[-9.15231771668833,38.7948531426897],[-9.15225764005708,38.7948942781071],[-9.15207466131854,38.7949831343923],[-9.15203289953927,38.7950034020563],[-9.15198587183586,38.795026225926],[-9.151822899477,38.7951053424097],[-9.15172273822114,38.7951539649663],[-9.15165143534379,38.7951923045574],[-9.1514472905005,38.7953021491917],[-9.15143332708772,38.7956123674767],[-9.1514213049343,38.7956313425142],[-9.15141646391321,38.7956389977803],[-9.15141225620443,38.7956456210481],[-9.15140853717915,38.795651490271],[-9.15140170549143,38.7956622793339],[-9.15139441476458,38.7956633799443],[-9.15138249501906,38.795664911837],[-9.15137281387524,38.7956661559748],[-9.15133827544921,38.7956705941227],[-9.15116942092189,38.7956923059667],[-9.15111596667091,38.7956991777769],[-9.1504714928282,38.7957798303048],[-9.15026917515821,38.7958065606647],[-9.15019804475737,38.7958159571411],[-9.15016257747334,38.7958206431265],[-9.15010508260021,38.7958282395611],[-9.14998279943215,38.7958443930091],[-9.14996449535993,38.7958465746205],[-9.14995737082142,38.7958474245808],[-9.14988101042901,38.7958553395726],[-9.14987520102405,38.7958506843953],[-9.14980869155705,38.7957961678986],[-9.149711193806,38.7956944595773],[-9.14969414108697,38.7956766600811],[-9.14966594476684,38.7956472299559],[-9.14958912713195,38.7955097795232],[-9.14944897647289,38.7952589983132],[-9.14933582737465,38.7951504866766],[-9.14883722915431,38.7948964009356],[-9.14861043418947,38.7947810518562],[-9.14845663362968,38.7947383396517]]]}},{"type":"Feature","properties":{"COD_SIG":"106","NOME":"Avenidas Novas"},"geometry":{"type":"Polygon","coordinates":[[[-9.14551120783168,38.7450129646985],[-9.14547046204704,38.7449683737196],[-9.14541216138508,38.7449045440571],[-9.14538470797168,38.7448744855301],[-9.14529432667431,38.7447755512555],[-9.14519595665916,38.7446678554103],[-9.14510407607357,38.7445672077956],[-9.14507286051576,38.7445121777633],[-9.14450231981757,38.7435021919112],[-9.1438883698299,38.7423880244955],[-9.14351609809468,38.7418251446956],[-9.14349271854109,38.7417897955697],[-9.14336904118774,38.7416027828408],[-9.14225374143998,38.7399162927821],[-9.14190296279629,38.7391907758613],[-9.14242283132594,38.7390383963318],[-9.14243425699802,38.7390349342238],[-9.14236135422114,38.7386893139668],[-9.14226424633891,38.7382459798397],[-9.14208700693675,38.7374137628941],[-9.14195543339201,38.7367959515538],[-9.14180379328048,38.7360839043833],[-9.14162517406601,38.7352451489882],[-9.14162021716226,38.7352218638287],[-9.14280788339266,38.7351821718287],[-9.14341260229249,38.7351619600407],[-9.14349258648875,38.7351611415906],[-9.14514078842261,38.7351442883855],[-9.14482108340288,38.733745808871],[-9.14546406963546,38.7327082398254],[-9.14631494039787,38.7313351609129],[-9.14732831459853,38.7296662997329],[-9.14812366139152,38.7283564301072],[-9.14812768314902,38.728349810402],[-9.14821940473279,38.728198861896],[-9.14947509319314,38.7261591210327],[-9.14955862932806,38.7260234204895],[-9.15002528705014,38.7252653465068],[-9.150153635643,38.7252574986701],[-9.15107067271596,38.725201421443],[-9.15108773711309,38.7252003772131],[-9.15352305637363,38.725051435529],[-9.15353352533993,38.7250507879649],[-9.15372420533539,38.7250389937476],[-9.15609315706274,38.7248924983193],[-9.15637327063293,38.7248751724356],[-9.1564228495518,38.7249068891298],[-9.15702292416157,38.7252907724268],[-9.15791136067251,38.7262188788919],[-9.15956956265212,38.7279510221408],[-9.15971288705906,38.7281012801845],[-9.16000675563291,38.7284098222187],[-9.15987866485655,38.7285005231225],[-9.15908857949616,38.7290599794721],[-9.15727786783585,38.7303420771037],[-9.15547359350284,38.731626722123],[-9.15718263204267,38.7329563531875],[-9.15719734105714,38.7329677901172],[-9.15720242641998,38.7329717458466],[-9.15845386225576,38.7339042183493],[-9.15912209294448,38.7336297218153],[-9.15924182130385,38.733827295967],[-9.15906723372836,38.7343083564342],[-9.15877204103779,38.7343075239597],[-9.15852720251219,38.734463807565],[-9.15847101738273,38.7346629609632],[-9.15826998520192,38.7346222378744],[-9.15826359099375,38.7346209429197],[-9.15783305722415,38.7357734811217],[-9.15765071718777,38.7361395351197],[-9.15790254191137,38.7362570384499],[-9.15762999934238,38.7366240688663],[-9.15770888669569,38.7366642673812],[-9.15773478063375,38.7366774618058],[-9.15745479282769,38.7371137201044],[-9.15721405151805,38.7371988295209],[-9.15643325383942,38.7374568212433],[-9.15641876042061,38.7374616112641],[-9.15732799832028,38.7384375180433],[-9.1577231699087,38.7388616555418],[-9.1575008728085,38.7389560189978],[-9.15862009909234,38.7404217651396],[-9.15878720819305,38.7406400842797],[-9.15886473819198,38.7407413785454],[-9.15893302272998,38.7408481273988],[-9.15894438282507,38.7408658936347],[-9.15895399120536,38.7408809118321],[-9.16018307965182,38.7408138393078],[-9.16176537937978,38.7407999092407],[-9.16214541794894,38.7408178184256],[-9.16223192391416,38.7408578828538],[-9.1622516679858,38.7408670273217],[-9.16228858515072,38.7408841251121],[-9.16284187639881,38.7411403707671],[-9.16286019484409,38.7411508485719],[-9.16307692777944,38.741274804515],[-9.16595873129574,38.7429229116353],[-9.16634587284381,38.7431443066871],[-9.16647950173391,38.7432207257783],[-9.16202025657872,38.7451306299879],[-9.16199801608891,38.7451401578537],[-9.16189871901235,38.7451826846712],[-9.16181420101884,38.7452188840824],[-9.16178420537319,38.7452317322171],[-9.16175910105427,38.7452414268192],[-9.15981865649724,38.7459908119984],[-9.15893619198631,38.7462820793766],[-9.15824680776928,38.7465096077185],[-9.15780595595035,38.746664177542],[-9.15724508471788,38.7468134132611],[-9.15669304392464,38.7469602967139],[-9.15664576109965,38.7469700660466],[-9.1554737013007,38.7472122083132],[-9.15354203687727,38.7475004216685],[-9.15150509259747,38.7478271747686],[-9.1512881180153,38.7478586248516],[-9.15036665404465,38.7479921863128],[-9.15025867025929,38.7480078377565],[-9.14945801621958,38.7481238944357],[-9.1484486422169,38.7482532041644],[-9.14841581508147,38.7482584649642],[-9.14839214716868,38.7482621312],[-9.14835505393396,38.748111133696],[-9.14831730852235,38.7479574770873],[-9.14764888649249,38.7452362596812],[-9.14764377328188,38.7452154418917],[-9.14764214194135,38.7452087985263],[-9.14759242108867,38.7450063241168],[-9.14757502970477,38.7449355021827],[-9.14752213869746,38.7446360942411],[-9.14634977886121,38.7448558115711],[-9.14551120783168,38.7450129646985]]]}},{"type":"Feature","properties":{"COD_SIG":"122","NOME":"Santo António"},"geometry":{"type":"Polygon","coordinates":[[[-9.14114888640405,38.7169031249828],[-9.14177834760173,38.7164590802004],[-9.1420667921479,38.7163584895615],[-9.14238359291432,38.7162480095965],[-9.14257649174854,38.7161807029674],[-9.14259423437372,38.7161745131964],[-9.14263244421432,38.7161611993342],[-9.14263915822276,38.7161572791214],[-9.1430039865175,38.7159444118789],[-9.14309002266384,38.7158755019671],[-9.14310123363858,38.715860861914],[-9.1431402780141,38.7158093774352],[-9.14319276927109,38.7156666003858],[-9.14329813356908,38.7154007700682],[-9.14333746810046,38.7153108025231],[-9.14341441868599,38.7151349352572],[-9.14343434870889,38.7150630792786],[-9.14345952040146,38.7150606926294],[-9.14347864912712,38.715058875832],[-9.14349221278959,38.7150575875321],[-9.14370507847764,38.7150372172488],[-9.14411188953719,38.7157079195465],[-9.1441411117334,38.7157414402676],[-9.14420912138692,38.7158194075647],[-9.14421419417333,38.7158252251794],[-9.14450107744752,38.7157149259281],[-9.14484116524106,38.7155842234359],[-9.14487160106118,38.7155725187758],[-9.14504472438274,38.7155059769159],[-9.14508460958136,38.7154906372684],[-9.14509525012592,38.7154865438915],[-9.14552445708381,38.715562090489],[-9.14558328236187,38.715572464805],[-9.14565034968267,38.7155842458654],[-9.14568750759607,38.7155936451988],[-9.14580463443443,38.7156232597498],[-9.14623421059992,38.7157318636213],[-9.14700302924426,38.7159241869381],[-9.1471682420014,38.7159655255756],[-9.14722545570184,38.7159863687124],[-9.14728659324347,38.7160086283936],[-9.14731467098598,38.7160188414342],[-9.14743645379242,38.7160692183165],[-9.1474567826673,38.7160845255978],[-9.14760382609952,38.716195228706],[-9.14768235502502,38.7162545617333],[-9.14770891012315,38.716279229668],[-9.1477503035931,38.7163177188905],[-9.14777880084889,38.7163442715566],[-9.14779358172857,38.7163520860276],[-9.14802635857488,38.7164766036789],[-9.14837629639549,38.7166637613941],[-9.14854453827179,38.7167478592317],[-9.14911566287492,38.7170333155049],[-9.14929878264895,38.7171197286969],[-9.14940640171832,38.717160655212],[-9.14941695602458,38.7171646454601],[-9.14957854048632,38.7169167793476],[-9.14987783308784,38.7164570307361],[-9.15013923475069,38.7160402151484],[-9.15009096827048,38.715710754762],[-9.15004479306825,38.7153958236645],[-9.15047862545156,38.7154540386854],[-9.15075898336352,38.7154916507996],[-9.1515368570259,38.7156733137873],[-9.15162647834856,38.7156942362132],[-9.15166390126498,38.7156805886241],[-9.15175845164358,38.7156461608852],[-9.15193291704816,38.7155826428618],[-9.15205414379743,38.7157866655999],[-9.15217481269294,38.7159897639486],[-9.15221808543848,38.7160626332197],[-9.15257482709905,38.7166505969167],[-9.15264546971466,38.7167670045409],[-9.15274771596033,38.7166803582207],[-9.15281247101757,38.7166254756217],[-9.15304824554199,38.7164366860845],[-9.1531868951162,38.7163066640965],[-9.15354463031349,38.7160191645563],[-9.15368737800202,38.7159352032409],[-9.15376001397926,38.7158924347157],[-9.15393480457399,38.7157883001401],[-9.15406829063195,38.7157087746672],[-9.15445404607957,38.7155081322465],[-9.1544909991771,38.7155597837613],[-9.15471699553965,38.7158953288009],[-9.15483511771129,38.7161644382582],[-9.15506676537528,38.7170007647425],[-9.1551527584025,38.7172579953341],[-9.15557247106616,38.718430196114],[-9.15560315571965,38.7187828517856],[-9.15564235640202,38.7197329179185],[-9.15561174091881,38.7198033457184],[-9.15549362323872,38.7200750736513],[-9.15551752112024,38.7203154617061],[-9.15558068795608,38.7204392155105],[-9.15564454200309,38.7206030575055],[-9.15611272236962,38.7211162646171],[-9.15661608435591,38.7216689846488],[-9.15671072995593,38.7217584220503],[-9.15689996905368,38.7219416838851],[-9.15712299558593,38.7221718584072],[-9.1573522438498,38.722298209165],[-9.15763715981351,38.7224577597841],[-9.1578315327831,38.7225654989325],[-9.15863408136972,38.7229874045635],[-9.15944222107067,38.723421685992],[-9.15958715615694,38.7235351628807],[-9.1596364296486,38.7235737414075],[-9.16063405009412,38.724270276259],[-9.15986131659177,38.7244219668372],[-9.15884363856259,38.7246291194835],[-9.1574736673301,38.724806885762],[-9.15637327063293,38.7248751724356],[-9.15609315706274,38.7248924983193],[-9.15372420533539,38.7250389937476],[-9.15353352533993,38.7250507879649],[-9.15352305637363,38.725051435529],[-9.15108773711309,38.7252003772131],[-9.15107067271596,38.725201421443],[-9.150153635643,38.7252574986701],[-9.15002528705014,38.7252653465068],[-9.14955862932806,38.7260234204895],[-9.14947509319314,38.7261591210327],[-9.14821940473279,38.728198861896],[-9.14812768314902,38.728349810402],[-9.14812366139152,38.7283564301072],[-9.14800733495211,38.7282033413842],[-9.14791150357592,38.7280772253233],[-9.14790155563246,38.7280739091507],[-9.14776110134285,38.7280271035863],[-9.14759995525896,38.7280285037802],[-9.14746040916608,38.7280444686512],[-9.14739550229357,38.7280518992074],[-9.14737851694815,38.7280538439203],[-9.14736821866176,38.7280533968115],[-9.14701899410347,38.7280382252454],[-9.14677630794125,38.7281238773804],[-9.14663757572204,38.7281728111998],[-9.14590792811567,38.7282753243103],[-9.14531751937834,38.7283717305519],[-9.14520807044075,38.7284181077055],[-9.14510292712831,38.7284627013095],[-9.1449208772478,38.7282540677841],[-9.14405068552028,38.7273092104915],[-9.14394331258931,38.7271894884076],[-9.14328298617676,38.7264532073726],[-9.14325378194689,38.7264206419788],[-9.14299240004697,38.7261128545434],[-9.14286175176701,38.7259590104371],[-9.14309192709226,38.7258290590355],[-9.14310570904536,38.7258278592329],[-9.14313327295153,38.7258254589267],[-9.14325762224471,38.7258448302711],[-9.14328447378688,38.7258490120588],[-9.14329638724419,38.725853899571],[-9.14338845647597,38.7258915076137],[-9.14341229327202,38.7258695194243],[-9.14356859833485,38.7257253089714],[-9.14345898410722,38.7255521367638],[-9.14355890281798,38.7253150875312],[-9.14343867230035,38.7250796732416],[-9.14339969260353,38.7250472403789],[-9.14323694392519,38.7249914145839],[-9.14321264449677,38.7249792096718],[-9.14298096269679,38.7250216587886],[-9.14265279375044,38.7248348824861],[-9.1425405851883,38.7247059487481],[-9.14243605632354,38.7245575078289],[-9.1423626972025,38.7243998814806],[-9.14231150221445,38.7243267123431],[-9.14230589582877,38.7243062416791],[-9.14228958511814,38.7242593355296],[-9.14224177947367,38.7241218666732],[-9.1421578759278,38.7241363501493],[-9.14199340697572,38.7241519157128],[-9.14199131120616,38.7240958116871],[-9.14199121688306,38.7240898924236],[-9.14195740339745,38.7238477313283],[-9.14192393755985,38.7236080531932],[-9.14191373629147,38.7235349939778],[-9.14244360576518,38.7232720313458],[-9.14248797086213,38.7232500136156],[-9.14232003081976,38.7231384418735],[-9.14164685131214,38.7227293514712],[-9.1415328784588,38.7226600836589],[-9.14148482667592,38.722625828187],[-9.14125156024777,38.7224595679831],[-9.14115555819169,38.7224603970914],[-9.14077129754068,38.7223476032298],[-9.14121891367372,38.721856202357],[-9.14127124233564,38.7217664300673],[-9.1415789934739,38.7212962690823],[-9.14165972776344,38.7211642563671],[-9.14167835253422,38.7211338107831],[-9.14172025534896,38.7210278419674],[-9.1418774039298,38.7206297235223],[-9.14186447357961,38.7206247950022],[-9.14181383914032,38.7206055056463],[-9.14134888911555,38.7203200650423],[-9.14130771752945,38.7202947887423],[-9.14085505376282,38.7202834507096],[-9.14049341089406,38.7202744634058],[-9.14032695397023,38.720270325447],[-9.14033542777832,38.7202396341762],[-9.14035053744139,38.7202028782257],[-9.14070776958211,38.7198491950653],[-9.14089633674003,38.7196625019643],[-9.14090076992597,38.7196581144567],[-9.14069008085586,38.7192373056777],[-9.14063955331606,38.7191363860285],[-9.14061524849775,38.7190917613718],[-9.14038002553892,38.7186597967034],[-9.14038692280366,38.7186580746177],[-9.14057020966434,38.7186122805777],[-9.14094077010893,38.7180632116998],[-9.14096587891943,38.7180519658313],[-9.14102075161026,38.7180273910267],[-9.14120452805276,38.7179876263929],[-9.14122020814603,38.7179842333543],[-9.14124449589639,38.7179791077],[-9.14136026538029,38.717954677956],[-9.14144719265539,38.7179363340899],[-9.14145441241533,38.7179350332255],[-9.14148177240396,38.7179301017161],[-9.14158367100158,38.717911735415],[-9.14172609888988,38.7178652189725],[-9.14186906576734,38.7178171128634],[-9.14186163131006,38.7178052880145],[-9.141829813881,38.7177546754521],[-9.14175020607882,38.71765357498],[-9.14168463355466,38.7175694683955],[-9.14154877863932,38.7173931882485],[-9.14131633416964,38.7171100989664],[-9.14127509520989,38.7170591277491],[-9.14115924487761,38.7169159319514],[-9.14114888640405,38.7169031249828]]]}},{"type":"Feature","properties":{"COD_SIG":"116","NOME":"Misericórdia"},"geometry":{"type":"Polygon","coordinates":[[[-9.14343434870889,38.7150630792786],[-9.14340405931412,38.7150362100194],[-9.14325513750464,38.7149035521033],[-9.14237727236798,38.7140926050494],[-9.14206225924898,38.713864817831],[-9.14177949564869,38.7139349983754],[-9.14164161503236,38.7134918351609],[-9.14166995867618,38.7134879876996],[-9.1416972710541,38.713484328791],[-9.14175813550784,38.7134792988428],[-9.14181279619626,38.7134827902269],[-9.14189005400563,38.7134907704326],[-9.14192966252315,38.713494931915],[-9.1419757092663,38.7134990380229],[-9.14202733903895,38.7134913858581],[-9.14206399838736,38.7134820612489],[-9.14209019775261,38.7134647206827],[-9.14209326999088,38.7134542451254],[-9.1420956792725,38.7134457567336],[-9.14209293671593,38.7134142529453],[-9.14235173326443,38.7132751889104],[-9.14276378419705,38.7130543594671],[-9.14282917256661,38.7130440653944],[-9.14317607497987,38.7129894512692],[-9.14328344791083,38.712972488393],[-9.14327551848182,38.7129482356789],[-9.14323599620259,38.7128278734022],[-9.14322736518934,38.7128028166527],[-9.14307379369991,38.7123561872239],[-9.14295684742298,38.7119711248327],[-9.14291850642833,38.7115428658604],[-9.14292217245302,38.7112563859854],[-9.14292818218227,38.7108832312869],[-9.14294363410347,38.7105764725458],[-9.14294398354811,38.7105686329095],[-9.14269950165366,38.7105478667014],[-9.14235798553883,38.7105188409649],[-9.14233427360858,38.7105167941341],[-9.14264213523961,38.7079688004606],[-9.14264460740326,38.7079484218484],[-9.14202654762317,38.7079633109729],[-9.14158657255994,38.7079869274735],[-9.14126255652517,38.7079915266967],[-9.14126090542167,38.7079721743468],[-9.14125689354563,38.7079240167159],[-9.14125305234948,38.7078961262272],[-9.14124994328026,38.7078385030006],[-9.14124565292645,38.70779503214],[-9.14124351763105,38.7077739728108],[-9.14123252943849,38.7076630014976],[-9.14123410418517,38.7076196602149],[-9.14123504022971,38.7075963218893],[-9.14123476175198,38.7075765067735],[-9.14122944103054,38.7075415129305],[-9.14100979306211,38.7076018688869],[-9.14083801631517,38.7076492906874],[-9.14081742962379,38.7076192746661],[-9.14080726338973,38.7075993649219],[-9.14078856855034,38.7075493795367],[-9.14077996897812,38.7075198766046],[-9.14075442987461,38.7074491114377],[-9.14073492655146,38.707387091879],[-9.14102408166501,38.7073180902987],[-9.14105960105134,38.7073096761853],[-9.14119097247513,38.7072748532561],[-9.14130940276894,38.7072435647598],[-9.14177040918958,38.7071217628328],[-9.14196729564535,38.7070697084531],[-9.14179785811139,38.7065725005382],[-9.14177231361799,38.7064973257889],[-9.14168405953122,38.7062383929743],[-9.14144874853746,38.7055170906615],[-9.141463603079,38.7055141561981],[-9.14147588843884,38.7055117292719],[-9.14147602408443,38.7055116991282],[-9.14147613996713,38.7055116731905],[-9.14155713386976,38.7054956696367],[-9.14158745290893,38.7054896780297],[-9.14161570851787,38.7054840937142],[-9.14205953106546,38.705396379384],[-9.1428328996767,38.7051790580521],[-9.14290545570389,38.705155722435],[-9.1429717783213,38.7051453571226],[-9.14302463070106,38.7051458099829],[-9.14307796098455,38.7051523988895],[-9.14308003070296,38.7051526540615],[-9.14311242754535,38.7051566351656],[-9.14314023130171,38.7051549499087],[-9.14314031125179,38.7051549443005],[-9.14316789402256,38.705153273064],[-9.14320990822841,38.7051400370655],[-9.14328591737955,38.7051100851859],[-9.14332907064915,38.7050930804819],[-9.14351835196773,38.7050184937379],[-9.14377842592057,38.7049323596462],[-9.14377891819735,38.7049321963076],[-9.14378076333696,38.7049324024087],[-9.14380223576718,38.7049348097258],[-9.14387522478234,38.7050720897581],[-9.14393245914404,38.7051797359402],[-9.14396403941784,38.7051740198084],[-9.1439911433866,38.7051691070471],[-9.1440380812585,38.7051605980429],[-9.14421152348199,38.7051291445822],[-9.14426567662225,38.7051193295686],[-9.14431781753631,38.7051098769822],[-9.14456957398793,38.7050642228794],[-9.14457066813596,38.7050640251909],[-9.14465200070347,38.7050492770692],[-9.14470039564276,38.705040500961],[-9.14470030760788,38.7050402030261],[-9.14469131008199,38.7050095339577],[-9.14466431480938,38.7049175322817],[-9.14465983401276,38.7049022625676],[-9.1446402902654,38.7048356511881],[-9.14464024355302,38.7048354906534],[-9.14464019504401,38.7048353315207],[-9.14460579765345,38.7047181052962],[-9.14459393270519,38.7046776651801],[-9.14459390395908,38.7046775712425],[-9.14432613863079,38.7047258116781],[-9.14431604426194,38.7046914024981],[-9.14430689941232,38.7046602299427],[-9.14430682754712,38.7046599782741],[-9.14430714824569,38.7046599207899],[-9.14442075907797,38.7046394508021],[-9.14442127830422,38.7046393575654],[-9.14457678476473,38.7046113410126],[-9.14470198835575,38.7045887819487],[-9.14472122308264,38.7046543251931],[-9.14472131111752,38.7046546224285],[-9.14467824228954,38.7046623820952],[-9.14467792159098,38.7046624402804],[-9.14469176283289,38.7047096109599],[-9.14472454864582,38.7048213467684],[-9.14472456840876,38.7048214077575],[-9.14472458368011,38.7048214589324],[-9.14472460883293,38.7048215367462],[-9.14472463488408,38.7048216355908],[-9.14472465644364,38.7048217070953],[-9.14473917232031,38.7048711742271],[-9.14474429451406,38.7048886297427],[-9.14476866580774,38.7049716751761],[-9.14477360384685,38.7049885039521],[-9.1448288134059,38.7049786917232],[-9.14483231324223,38.7049780699152],[-9.14497905843378,38.7049519890224],[-9.14524784514657,38.7049042170238],[-9.14524775801002,38.7049039183874],[-9.14524247142456,38.7048859055609],[-9.14522893021995,38.7048397627006],[-9.14522263033487,38.7048182994113],[-9.14522032346123,38.7048104381129],[-9.14519841534808,38.7047357844766],[-9.14519838031379,38.7047356596939],[-9.14519834258455,38.7047355307051],[-9.14516490369639,38.7046215879288],[-9.14515183500565,38.7045770579626],[-9.14499039696931,38.7046061463998],[-9.14497107420754,38.7045403044733],[-9.1449713958044,38.704540246989],[-9.14510570741413,38.7045160517027],[-9.14536350593436,38.7044696071613],[-9.14536365056312,38.7044701006855],[-9.14538274066124,38.7045351407005],[-9.14538282869612,38.7045354400395],[-9.14523618231925,38.7045618589796],[-9.14523586162069,38.7045619171649],[-9.1452358975533,38.7045620419479],[-9.14528258569355,38.7047211624719],[-9.14528262342279,38.7047212914607],[-9.14528266025374,38.7047214162434],[-9.14530430965209,38.7047951894067],[-9.14530483786148,38.7047969868362],[-9.14532546946859,38.7048672884465],[-9.14533192116897,38.7048892739843],[-9.14580969374608,38.7048043686347],[-9.14580960481286,38.7048040657917],[-9.14579711194223,38.7047614925024],[-9.14578564494762,38.7047224159069],[-9.14577933428274,38.704700915428],[-9.14577926690909,38.7047006812852],[-9.14577920312873,38.7047004667711],[-9.14576106793976,38.7046386607445],[-9.14576105087178,38.7046386116726],[-9.145761023024,38.7046385338586],[-9.14576098529476,38.7046383978594],[-9.14573217901854,38.7045402175458],[-9.14573207840723,38.7045398761452],[-9.14571335033017,38.7044760531203],[-9.14571330541442,38.704475898193],[-9.14566189123744,38.7044851622864],[-9.14566143668991,38.7044836151163],[-9.14566129206114,38.7044831243963],[-9.14564256757738,38.704419330063],[-9.14564273556234,38.7044192992177],[-9.14564288737761,38.7044192725786],[-9.14603138448347,38.7043492747748],[-9.14603878480479,38.7043745006312],[-9.1460389375184,38.7043750221973],[-9.14605060843056,38.7044148084242],[-9.14605069646547,38.7044151070628],[-9.14605059675246,38.7044151245885],[-9.14579764194825,38.7044606991884],[-9.14579732035136,38.7044607573739],[-9.14579735089409,38.7044608618272],[-9.14580397237603,38.7044834300448],[-9.14580407029241,38.7044837623323],[-9.14581036568591,38.7045052159076],[-9.14581493811073,38.704520797664],[-9.14584514665709,38.7046237534019],[-9.14584517091162,38.7046238221026],[-9.14584519336947,38.7046238950094],[-9.14584520864086,38.7046239482875],[-9.14584523109872,38.7046240310087],[-9.14587110168059,38.7047121844278],[-9.14588010818963,38.7047428760566],[-9.14589378503984,38.7047894234712],[-9.14607768185658,38.7047567416498],[-9.14613127624475,38.7047472161088],[-9.14613142177184,38.7047471901709],[-9.14613426044814,38.7047571019772],[-9.14613428380433,38.7047571769869],[-9.14614161585367,38.7047827812533],[-9.14614199584104,38.7047827104497],[-9.14623853598801,38.7047648258804],[-9.14625098843448,38.704765006044],[-9.14625801236168,38.7047651069917],[-9.14625805278585,38.7047647487675],[-9.14626142685808,38.7047345569797],[-9.14626147806205,38.7047341006117],[-9.14626925477746,38.7046645153199],[-9.14627027885688,38.7046553535996],[-9.14627206560597,38.7046393624727],[-9.14627225784545,38.7046393884106],[-9.14631603724083,38.7046450884616],[-9.14631597076548,38.7046455294076],[-9.14631073179074,38.70468065576],[-9.14629773496523,38.7047677982299],[-9.14629828653082,38.7047678487038],[-9.14631928914216,38.7047697744217],[-9.14634442220718,38.7047720772914],[-9.14657236432061,38.7048708720854],[-9.14657266525624,38.704871002476],[-9.14657289881822,38.7048706456544],[-9.14661559754029,38.7048053437611],[-9.14664466432794,38.7047608903212],[-9.14668146830515,38.7047046007241],[-9.14668157879793,38.7047044310757],[-9.14671960807715,38.7047208827624],[-9.14671935924382,38.7047212606156],[-9.14668402940201,38.704774760818],[-9.14665357471725,38.7048208770814],[-9.14665011530509,38.7048261165443],[-9.14660929855354,38.7048879231099],[-9.14660922668831,38.7048880331707],[-9.14660906499156,38.7048882792304],[-9.14700386018587,38.7050496149624],[-9.14700409374785,38.7050492581417],[-9.14704800429727,38.7049823685927],[-9.14709031135387,38.7049179248553],[-9.14711513899169,38.7048801066846],[-9.14711527823057,38.7048798949752],[-9.14713192940267,38.7048856910473],[-9.14715151716744,38.7048925064088],[-9.14712673444539,38.704930759208],[-9.14708377431356,38.7049970655535],[-9.14704032190496,38.7050641331485],[-9.14704057163659,38.7050642361988],[-9.14785567777256,38.7053995998683],[-9.14785589426656,38.7053996888978],[-9.14785612603192,38.7053993320788],[-9.14790194909456,38.7053288122733],[-9.14790535909937,38.7053235623318],[-9.14790540042187,38.705323498539],[-9.14796798245446,38.705227187388],[-9.14798024805133,38.7052083109844],[-9.14799082301886,38.7052125654838],[-9.14806441210862,38.7052421766242],[-9.14805382007311,38.7052574343484],[-9.147983765854,38.7053582873676],[-9.1479341536975,38.705429710057],[-9.14793390935572,38.7054300612677],[-9.14793440881901,38.7054302687695],[-9.14816252340901,38.705525324123],[-9.14823827294703,38.7055568874693],[-9.14828442928466,38.7055761212999],[-9.14828450384482,38.705576005632],[-9.14828466015168,38.7055757630798],[-9.1483380290627,38.7054929195403],[-9.14836042945263,38.7054581497047],[-9.14840799614523,38.7053843169378],[-9.14840815514705,38.7053843751224],[-9.1484265140165,38.7053911448701],[-9.14844689319705,38.705398660502],[-9.1484170224172,38.7054446270459],[-9.14840533174211,38.705462618],[-9.1483744278997,38.7055101744128],[-9.14836205899656,38.7055292056617],[-9.14836182723121,38.7055295624801],[-9.14856145983681,38.7056112058351],[-9.14871079487133,38.7056722770562],[-9.14871233548202,38.7056729079715],[-9.14879475141776,38.7057066121574],[-9.14879891600743,38.7057083156278],[-9.14879910465362,38.7057079398828],[-9.14881045935883,38.7056854512666],[-9.14881107650144,38.7056842307963],[-9.14882126878664,38.7056640471167],[-9.14885942023677,38.7055884893576],[-9.14884223636369,38.7055819572737],[-9.14883999237211,38.705581106238],[-9.14883958723192,38.7055809506121],[-9.14884570925057,38.7055709540968],[-9.14885168753879,38.7055611903182],[-9.14884433123492,38.7055576726095],[-9.14884232170365,38.7055567115138],[-9.14884071641424,38.7055559446],[-9.14884096794249,38.705555596895],[-9.1488484670785,38.7055452435579],[-9.1488529748246,38.7055390213201],[-9.14886503740222,38.7055223679283],[-9.14886545511884,38.7055225375748],[-9.14924734691241,38.7056776384337],[-9.14928292738421,38.7056920877926],[-9.1493592114198,38.7056779587984],[-9.14984097880499,38.7055887227966],[-9.15096175288609,38.7053811153803],[-9.15164951294907,38.705258821669],[-9.15190907216727,38.705212672039],[-9.15198393057653,38.7051993624444],[-9.15201406995261,38.7051940031341],[-9.15201419392011,38.7051939807014],[-9.15201434034551,38.7051939561656],[-9.15201478456242,38.7051938758987],[-9.15201480118125,38.7051939056921],[-9.15205691599841,38.7053180263737],[-9.15210226385225,38.7054593232106],[-9.15229929583512,38.7060732863716],[-9.15234236196813,38.7062076676379],[-9.15236114753737,38.7062756923794],[-9.1524203231584,38.7064919034852],[-9.15243924077994,38.7065610986401],[-9.15243668507297,38.7069238568662],[-9.15271114554509,38.7079543711896],[-9.15284464867106,38.7082216585215],[-9.15284901807658,38.7082378346102],[-9.15285387167406,38.7082558073367],[-9.15285872796651,38.7082738711876],[-9.15287001260311,38.7083155682498],[-9.15287535218916,38.7083353389983],[-9.15288237521803,38.7083603195036],[-9.15308164849753,38.7090741578009],[-9.15309521754988,38.7091228614239],[-9.15310667645966,38.7091687014996],[-9.15310826468106,38.7091752626972],[-9.15310996878515,38.7091819136199],[-9.15312435889769,38.709239798632],[-9.15325180019212,38.7097529401321],[-9.15335655453401,38.710174309451],[-9.15344492270682,38.7105348398895],[-9.15363024065837,38.7112851008964],[-9.15369673485402,38.711457649475],[-9.15371010897197,38.7114925727071],[-9.15371810846956,38.7115134010262],[-9.15372365107488,38.7115231710016],[-9.15385411699683,38.7117556025147],[-9.15367211652366,38.7116664841487],[-9.15355553047113,38.7116094029982],[-9.15300112171882,38.7120595888285],[-9.15280417238098,38.7122449769889],[-9.15292741494974,38.7126000688356],[-9.15299023054431,38.7127807571451],[-9.15301256445891,38.7128474893956],[-9.153082088672,38.7130551424222],[-9.15316900786226,38.7132975931291],[-9.15325436757719,38.7135353740534],[-9.15338588632467,38.7139384939429],[-9.15338817343538,38.7139456806384],[-9.15340476082712,38.7139963393559],[-9.15340752494325,38.7140047828225],[-9.15352983416243,38.7142454828828],[-9.15358071474013,38.7143144882911],[-9.15398085221544,38.7148574037924],[-9.15406318820114,38.7149714431052],[-9.15409204208804,38.7150114554419],[-9.15422410880785,38.7151943294442],[-9.15422867763939,38.7152006034109],[-9.15445404607957,38.7155081322465],[-9.15406829063195,38.7157087746672],[-9.15393480457399,38.7157883001401],[-9.15376001397926,38.7158924347157],[-9.15368737800202,38.7159352032409],[-9.15354463031349,38.7160191645563],[-9.1531868951162,38.7163066640965],[-9.15304824554199,38.7164366860845],[-9.15281247101757,38.7166254756217],[-9.15274771596033,38.7166803582207],[-9.15264546971466,38.7167670045409],[-9.15257482709905,38.7166505969167],[-9.15221808543848,38.7160626332197],[-9.15217481269294,38.7159897639486],[-9.15205414379743,38.7157866655999],[-9.15193291704816,38.7155826428618],[-9.15175845164358,38.7156461608852],[-9.15166390126498,38.7156805886241],[-9.15162647834856,38.7156942362132],[-9.1515368570259,38.7156733137873],[-9.15075898336352,38.7154916507996],[-9.15047862545156,38.7154540386854],[-9.15004479306825,38.7153958236645],[-9.15009096827048,38.715710754762],[-9.15013923475069,38.7160402151484],[-9.14987783308784,38.7164570307361],[-9.14957854048632,38.7169167793476],[-9.14941695602458,38.7171646454601],[-9.14940640171832,38.717160655212],[-9.14929878264895,38.7171197286969],[-9.14911566287492,38.7170333155049],[-9.14854453827179,38.7167478592317],[-9.14837629639549,38.7166637613941],[-9.14802635857488,38.7164766036789],[-9.14779358172857,38.7163520860276],[-9.14777880084889,38.7163442715566],[-9.1477503035931,38.7163177188905],[-9.14770891012315,38.716279229668],[-9.14768235502502,38.7162545617333],[-9.14760382609952,38.716195228706],[-9.1474567826673,38.7160845255978],[-9.14743645379242,38.7160692183165],[-9.14731467098598,38.7160188414342],[-9.14728659324347,38.7160086283936],[-9.14722545570184,38.7159863687124],[-9.1471682420014,38.7159655255756],[-9.14700302924426,38.7159241869381],[-9.14623421059992,38.7157318636213],[-9.14580463443443,38.7156232597498],[-9.14568750759607,38.7155936451988],[-9.14565034968267,38.7155842458654],[-9.14558328236187,38.715572464805],[-9.14552445708381,38.715562090489],[-9.14509525012592,38.7154865438915],[-9.14508460958136,38.7154906372684],[-9.14504472438274,38.7155059769159],[-9.14487160106118,38.7155725187758],[-9.14484116524106,38.7155842234359],[-9.14450107744752,38.7157149259281],[-9.14421419417333,38.7158252251794],[-9.14420912138692,38.7158194075647],[-9.1441411117334,38.7157414402676],[-9.14411188953719,38.7157079195465],[-9.14370507847764,38.7150372172488],[-9.14349221278959,38.7150575875321],[-9.14347864912712,38.715058875832],[-9.14345952040146,38.7150606926294],[-9.14343434870889,38.7150630792786]]]}},{"type":"Feature","properties":{"COD_SIG":"105","NOME":"Arroios"},"geometry":{"type":"Polygon","coordinates":[[[-9.13170273647554,38.7233205059311],[-9.13238354357822,38.722892863022],[-9.13210610788588,38.7227051721526],[-9.13166148044781,38.7224018100176],[-9.131578984562,38.7223403620117],[-9.13153352980863,38.7222966119189],[-9.13150548440545,38.7222644237928],[-9.13147600079952,38.7222115303026],[-9.13145701580429,38.7221693556534],[-9.13144833987529,38.722124390873],[-9.1314404131412,38.7220505949425],[-9.13144629441137,38.721977581793],[-9.13157533919858,38.7215837389847],[-9.13179520006775,38.7208585334749],[-9.13184499009068,38.7207184865863],[-9.13187857720082,38.7206533435479],[-9.13192924667443,38.7205763438196],[-9.13198494132374,38.7205299279342],[-9.13207612571495,38.720472398295],[-9.13237843306257,38.7203004658179],[-9.13272986118823,38.7201055918765],[-9.13284511234425,38.7200424513832],[-9.13294660490338,38.7199821311617],[-9.13301256999131,38.7199302221164],[-9.1330511364631,38.719872987064],[-9.13308360517072,38.7198296272514],[-9.13331728123062,38.719519019115],[-9.13338252586971,38.7193990169422],[-9.13339814487757,38.7191922444331],[-9.13339231211642,38.7190379908278],[-9.13338146406104,38.7189682890932],[-9.13337942398703,38.7189550619604],[-9.13337768125539,38.7189439991637],[-9.13337603284686,38.7189333001256],[-9.13361871272087,38.7187162666558],[-9.13362958503073,38.7187279799126],[-9.13373275115123,38.7188391422134],[-9.1338380390924,38.718952577317],[-9.13384891409726,38.7189643438025],[-9.13385862937704,38.7189748178513],[-9.13386964901063,38.718974079117],[-9.13427546024528,38.7189461116365],[-9.13428440566888,38.7189454990614],[-9.13435951201317,38.7190280803005],[-9.13445804192848,38.7191998251982],[-9.13457197256102,38.7194212503289],[-9.1345948292951,38.7195099609261],[-9.13466143757678,38.7198250224819],[-9.13467374449618,38.7199140760078],[-9.13468269351304,38.7199881523926],[-9.13473802793791,38.720000013326],[-9.13495003483653,38.7200454693553],[-9.1349902164792,38.7197788794513],[-9.13504383242693,38.7197800562265],[-9.13506899872961,38.7197806330496],[-9.13512087464063,38.719781797209],[-9.1351365125131,38.7197821336307],[-9.13515181711062,38.7197824595392],[-9.13526314352714,38.7197849742916],[-9.13557449331641,38.7197920293349],[-9.13557316291147,38.7198039737054],[-9.13555497562024,38.719966165891],[-9.13555118832297,38.7200001626126],[-9.13556155667801,38.7200011501476],[-9.13585400860863,38.7200289041488],[-9.13601243549214,38.7200439365395],[-9.13671734349558,38.7201703632497],[-9.13692584696461,38.7194423917346],[-9.13693021187858,38.7194272225454],[-9.13693241095441,38.7194195289624],[-9.13703269707607,38.719069084923],[-9.1368825526595,38.7188817386596],[-9.13660625513261,38.7185369670963],[-9.13647208904998,38.7184074977276],[-9.13643212210469,38.7183689367377],[-9.13638231950531,38.7182610006194],[-9.13641626773822,38.718156308779],[-9.13670866127836,38.7177788024765],[-9.13672054329464,38.7177077187429],[-9.13670713773565,38.7176856074805],[-9.13664109808753,38.7175767079943],[-9.13621476573852,38.7171318627582],[-9.13620789093167,38.7171246595613],[-9.1363843335282,38.7170170124398],[-9.13649970955001,38.7169469267401],[-9.13688450110534,38.7167226594692],[-9.1369687765537,38.7166978837476],[-9.13713609047033,38.7166943602787],[-9.13716436763886,38.7166661164489],[-9.13719895637054,38.7165892617185],[-9.1372501172226,38.7164757653892],[-9.13734712988341,38.7162671697587],[-9.13748521711223,38.716029653756],[-9.13750789597992,38.7159906449997],[-9.1375696147315,38.7159065855225],[-9.13759293589458,38.7158743587715],[-9.13774521380999,38.7156505878905],[-9.13789629786436,38.7154107112381],[-9.13798672048422,38.7152990354361],[-9.1380435595872,38.715228837306],[-9.13806425317808,38.7152169832909],[-9.13810114339355,38.7152193341879],[-9.13813228349286,38.7152330127057],[-9.13814187121188,38.7152371860023],[-9.1381823906211,38.7152407838409],[-9.1383228152663,38.7152119338388],[-9.13839198194992,38.7151977303253],[-9.13840259554502,38.7151611603303],[-9.13841158947763,38.7151200910835],[-9.13841606937596,38.7150997881068],[-9.13842111251796,38.7150799288098],[-9.13880845978027,38.7150844743064],[-9.13883718700475,38.7150866184349],[-9.13889894168895,38.7150826098468],[-9.13897962657115,38.7150785458853],[-9.13902168389612,38.7150764045602],[-9.13900361428417,38.7151660794142],[-9.13900069386118,38.7151964742703],[-9.138997334162,38.7152314279182],[-9.13898689214514,38.7153411503558],[-9.13901872754051,38.7154221264441],[-9.13908877816636,38.7154816949217],[-9.13912554261768,38.7155197345828],[-9.13916133958345,38.7155384428467],[-9.1392173504397,38.7155730886237],[-9.13924029341207,38.7155947883988],[-9.13925140377551,38.7156081142822],[-9.1393960415194,38.7157799977687],[-9.13945036264462,38.7158738414949],[-9.13950465592209,38.715941097246],[-9.13968735887782,38.716087338369],[-9.13980409674563,38.7161884039082],[-9.1398703268366,38.7161636167869],[-9.13992482672658,38.7161417587778],[-9.13998998602571,38.7161156251833],[-9.14004760756129,38.7160727733574],[-9.14010096928577,38.7160330903441],[-9.1402315663618,38.716122671477],[-9.14027822485764,38.7161546836363],[-9.14043200924779,38.7161659767646],[-9.14114888640405,38.7169031249828],[-9.14115924487761,38.7169159319514],[-9.14127509520989,38.7170591277491],[-9.14131633416964,38.7171100989664],[-9.14154877863932,38.7173931882485],[-9.14168463355466,38.7175694683955],[-9.14175020607882,38.71765357498],[-9.141829813881,38.7177546754521],[-9.14186163131006,38.7178052880145],[-9.14186906576734,38.7178171128634],[-9.14172609888988,38.7178652189725],[-9.14158367100158,38.717911735415],[-9.14148177240396,38.7179301017161],[-9.14145441241533,38.7179350332255],[-9.14144719265539,38.7179363340899],[-9.14136026538029,38.717954677956],[-9.14124449589639,38.7179791077],[-9.14122020814603,38.7179842333543],[-9.14120452805276,38.7179876263929],[-9.14102075161026,38.7180273910267],[-9.14096587891943,38.7180519658313],[-9.14094077010893,38.7180632116998],[-9.14057020966434,38.7186122805777],[-9.14038692280366,38.7186580746177],[-9.14038002553892,38.7186597967034],[-9.14061524849775,38.7190917613718],[-9.14063955331606,38.7191363860285],[-9.14069008085586,38.7192373056777],[-9.14090076992597,38.7196581144567],[-9.14089633674003,38.7196625019643],[-9.14070776958211,38.7198491950653],[-9.14035053744139,38.7202028782257],[-9.14033542777832,38.7202396341762],[-9.14032695397023,38.720270325447],[-9.14049341089406,38.7202744634058],[-9.14085505376282,38.7202834507096],[-9.14130771752945,38.7202947887423],[-9.14134888911555,38.7203200650423],[-9.14181383914032,38.7206055056463],[-9.14186447357961,38.7206247950022],[-9.1418774039298,38.7206297235223],[-9.14172025534896,38.7210278419674],[-9.14167835253422,38.7211338107831],[-9.14165972776344,38.7211642563671],[-9.1415789934739,38.7212962690823],[-9.14127124233564,38.7217664300673],[-9.14121891367372,38.721856202357],[-9.14077129754068,38.7223476032298],[-9.14115555819169,38.7224603970914],[-9.14125156024777,38.7224595679831],[-9.14148482667592,38.722625828187],[-9.1415328784588,38.7226600836589],[-9.14164685131214,38.7227293514712],[-9.14232003081976,38.7231384418735],[-9.14248797086213,38.7232500136156],[-9.14244360576518,38.7232720313458],[-9.14191373629147,38.7235349939778],[-9.14192393755985,38.7236080531932],[-9.14195740339745,38.7238477313283],[-9.14199121688306,38.7240898924236],[-9.14199131120616,38.7240958116871],[-9.14199340697572,38.7241519157128],[-9.1421578759278,38.7241363501493],[-9.14224177947367,38.7241218666732],[-9.14228958511814,38.7242593355296],[-9.14230589582877,38.7243062416791],[-9.14231150221445,38.7243267123431],[-9.1423626972025,38.7243998814806],[-9.14243605632354,38.7245575078289],[-9.1425405851883,38.7247059487481],[-9.14265279375044,38.7248348824861],[-9.14298096269679,38.7250216587886],[-9.14321264449677,38.7249792096718],[-9.14323694392519,38.7249914145839],[-9.14339969260353,38.7250472403789],[-9.14343867230035,38.7250796732416],[-9.14355890281798,38.7253150875312],[-9.14345898410722,38.7255521367638],[-9.14356859833485,38.7257253089714],[-9.14341229327202,38.7258695194243],[-9.14338845647597,38.7258915076137],[-9.14329638724419,38.725853899571],[-9.14328447378688,38.7258490120588],[-9.14325762224471,38.7258448302711],[-9.14313327295153,38.7258254589267],[-9.14310570904536,38.7258278592329],[-9.14309192709226,38.7258290590355],[-9.14286175176701,38.7259590104371],[-9.14299240004697,38.7261128545434],[-9.14325378194689,38.7264206419788],[-9.14328298617676,38.7264532073726],[-9.14394331258931,38.7271894884076],[-9.14405068552028,38.7273092104915],[-9.1449208772478,38.7282540677841],[-9.14510292712831,38.7284627013095],[-9.14520807044075,38.7284181077055],[-9.14531751937834,38.7283717305519],[-9.14590792811567,38.7282753243103],[-9.14663757572204,38.7281728111998],[-9.14677630794125,38.7281238773804],[-9.14701899410347,38.7280382252454],[-9.14736821866176,38.7280533968115],[-9.14737851694815,38.7280538439203],[-9.14739550229357,38.7280518992074],[-9.14746040916608,38.7280444686512],[-9.14759995525896,38.7280285037802],[-9.14776110134285,38.7280271035863],[-9.14790155563246,38.7280739091507],[-9.14791150357592,38.7280772253233],[-9.14800733495211,38.7282033413842],[-9.14812366139152,38.7283564301072],[-9.14732831459853,38.7296662997329],[-9.14631494039787,38.7313351609129],[-9.14546406963546,38.7327082398254],[-9.14482108340288,38.733745808871],[-9.14514078842261,38.7351442883855],[-9.14349258648875,38.7351611415906],[-9.14341260229249,38.7351619600407],[-9.14280788339266,38.7351821718287],[-9.14162021716226,38.7352218638287],[-9.13912394002322,38.7352967322815],[-9.13836411441319,38.7353476862857],[-9.13809244410832,38.735403351931],[-9.13744872125719,38.7356310242493],[-9.13713311974169,38.7357936275696],[-9.13697148766924,38.7358805919654],[-9.13669831807618,38.73602555201],[-9.13667695793537,38.7360368875447],[-9.13657391847733,38.7361359579535],[-9.13651758602418,38.7362934483965],[-9.13648563384782,38.7364016361611],[-9.1364863614832,38.7364221629204],[-9.13649247811197,38.7365946143726],[-9.13652606432382,38.7368986092493],[-9.13650253295495,38.7369000372977],[-9.13442342624732,38.7370262085545],[-9.13388768179163,38.7370587179622],[-9.13297632207129,38.7371140172049],[-9.13118378602412,38.7372227593876],[-9.13117614405598,38.7370044669384],[-9.13116815623649,38.736786185734],[-9.1312057785789,38.735747354006],[-9.13123134193693,38.7350898404043],[-9.13123803438581,38.7347361321284],[-9.13126088123842,38.7342786059754],[-9.13128335439188,38.7338289286931],[-9.13144320420682,38.7336716360313],[-9.13172427538112,38.7329948341285],[-9.13173342921384,38.7329754626205],[-9.13217327671632,38.7320490956138],[-9.13286897339485,38.7305778629832],[-9.13294006337148,38.7304318456271],[-9.13305808223688,38.730194212019],[-9.13311289114729,38.7300838571584],[-9.13306643836565,38.7301089330773],[-9.13306017800641,38.7301123108239],[-9.13305353855817,38.7301158931972],[-9.13296450473371,38.7301634962787],[-9.13286520945378,38.7302174925104],[-9.13296884988474,38.7296509147709],[-9.13299051096121,38.7294570439224],[-9.13299624760261,38.729405557325],[-9.13308923131934,38.7291312866772],[-9.13305703300461,38.7290303403551],[-9.13305505401603,38.7290240872245],[-9.13305242913878,38.7290157976033],[-9.13297992790884,38.7287885015484],[-9.1329504982018,38.7287468752954],[-9.13280289422086,38.7285380085351],[-9.13279285734419,38.7285392335207],[-9.13274775293376,38.7285609629969],[-9.13270210863587,38.72858296087],[-9.13269422142766,38.7285867409434],[-9.13268396536206,38.72858520761],[-9.13261216930961,38.7285742016668],[-9.13248040891531,38.7284688570791],[-9.13229728015811,38.728332965401],[-9.13227838679106,38.7283225025349],[-9.13215705224397,38.7282553467359],[-9.13207510792374,38.7282240863445],[-9.1320406332781,38.7282109436188],[-9.13189872820928,38.7281944125418],[-9.13176281939501,38.7281955751625],[-9.13162131766975,38.7282079547241],[-9.13143007802386,38.7282408472757],[-9.13136614851836,38.7282413938963],[-9.13128376851524,38.728230027691],[-9.13122712165174,38.7282141392482],[-9.13116201445487,38.7281741392088],[-9.13111559850415,38.7280946366286],[-9.13100464668511,38.7278561570902],[-9.13097597695281,38.7278063176204],[-9.13097270618685,38.7278006782834],[-9.13096398444376,38.7277855276876],[-9.1306109752832,38.7278053021614],[-9.13059042721939,38.7278064605836],[-9.13055874633426,38.7275627997529],[-9.13051078797618,38.7273724237549],[-9.13045714507901,38.7271866900894],[-9.13033313175571,38.7268195999682],[-9.1302237474968,38.7264458985917],[-9.13024256181211,38.7263774620434],[-9.13026085959616,38.7263108054986],[-9.13030134576768,38.7261634709978],[-9.130372087198,38.7259588394374],[-9.13046766345266,38.7256788712009],[-9.13085821500558,38.7250376902093],[-9.13176523676143,38.7235841853455],[-9.13170273647554,38.7233205059311]]]}},{"type":"Feature","properties":{"COD_SIG":"117","NOME":"Olivais"},"geometry":{"type":"Polygon","coordinates":[[[-9.13429152930909,38.784919313858],[-9.13392576496982,38.7848523716461],[-9.13385234027172,38.7848640250392],[-9.13377395687332,38.7848764619986],[-9.13192893316241,38.7844717943946],[-9.1316843856909,38.7844181550043],[-9.13145108422849,38.784366982536],[-9.1313850355972,38.7843524944703],[-9.12977714376513,38.7839994637275],[-9.12969721526438,38.7840167857693],[-9.1296213740982,38.7840332514036],[-9.12950076449154,38.7840305022297],[-9.12942992514486,38.7840288881579],[-9.12911183080445,38.7840125982849],[-9.12893592989204,38.7839912624181],[-9.12876771766012,38.7839708578755],[-9.12851882144436,38.7839142455505],[-9.12829021098432,38.783862247126],[-9.12761403020537,38.7836299087926],[-9.12738083115086,38.7835497796113],[-9.12655207152086,38.7832990410554],[-9.12645782567115,38.7832644449363],[-9.12623119060646,38.7831812510225],[-9.12618663865991,38.783156709132],[-9.12601572609228,38.7830625623645],[-9.12589729939176,38.7830169979903],[-9.12585673955835,38.7830013934389],[-9.12537308571108,38.7829193357384],[-9.12485193259058,38.7828309132821],[-9.12440676885825,38.7828068159361],[-9.1242667592347,38.7827992405221],[-9.12424508827679,38.7827980675864],[-9.12423263942358,38.7827987419369],[-9.12394587562534,38.782814266703],[-9.12367069739931,38.7828868290089],[-9.12316264890216,38.7830207968899],[-9.12314235595989,38.783026147561],[-9.12311255524865,38.7830340051548],[-9.12304441084783,38.7830519765701],[-9.12297633292233,38.7830699304744],[-9.12241764010443,38.7832454343951],[-9.12203492275909,38.7833656577067],[-9.12199799122112,38.7833040394771],[-9.12189135221375,38.7831261156127],[-9.12186507649168,38.7830822739122],[-9.12179529625875,38.7829658469246],[-9.12169093448058,38.7827917092237],[-9.12163893460207,38.7827049469282],[-9.12162041134092,38.7826739708724],[-9.12160321848467,38.7826452195345],[-9.12116513437513,38.7826633710149],[-9.12086099626097,38.7826759666173],[-9.12071311290396,38.7826820841004],[-9.12050282897404,38.7825496666647],[-9.120452662557,38.7825180757106],[-9.12039429811465,38.7825549081301],[-9.12033765574273,38.7825908624018],[-9.1202881657571,38.782555806567],[-9.1199083293089,38.7822867448804],[-9.11986813239487,38.7822582706915],[-9.11957232705328,38.7820487320476],[-9.11890070881762,38.7818513340609],[-9.11832794928069,38.7816829890823],[-9.11801256246254,38.7815925174975],[-9.1179386993866,38.781571328664],[-9.11735519150727,38.7814336620159],[-9.11722397189879,38.7813932008979],[-9.11707230573611,38.7813464358868],[-9.1168183475137,38.7812681255554],[-9.11647427209864,38.7811401669554],[-9.1163105532398,38.7810792813934],[-9.11618479448991,38.7810442115101],[-9.11613503680632,38.7810303355122],[-9.11600107104801,38.780992977797],[-9.11598728370502,38.7809891332713],[-9.11575026321729,38.780923035407],[-9.11540184444783,38.7808130551701],[-9.11515432175614,38.7807349200233],[-9.11488868812999,38.7806405935875],[-9.11475486789875,38.7806239549005],[-9.11468270174039,38.7806149828931],[-9.11453197072392,38.7805962405537],[-9.11428682407614,38.7805657593816],[-9.11407239082793,38.7804791071231],[-9.11361827718045,38.7802887181442],[-9.11359216225683,38.7802777684901],[-9.11309798105275,38.7800825813086],[-9.11299743891118,38.7800179083893],[-9.11282525522742,38.7799071501365],[-9.11270380030605,38.7798264033185],[-9.11258428305076,38.7797469449428],[-9.11223043576204,38.7795644462996],[-9.11202497219195,38.7794524688326],[-9.11197770463831,38.7794267071485],[-9.1118366915966,38.7793498541216],[-9.11163288811314,38.7791852239085],[-9.11157534832426,38.7791387438706],[-9.11136606601587,38.7789906107819],[-9.11126890513308,38.7789355274555],[-9.11119697163837,38.7788947455839],[-9.11098448503937,38.7786902084071],[-9.11098127985046,38.7786852369736],[-9.11097799021988,38.77868012618],[-9.1109405466422,38.7786219213714],[-9.1108785449213,38.7785255395552],[-9.11077533657998,38.7783651043593],[-9.11060054418865,38.7780849508146],[-9.11054320562235,38.7779930488393],[-9.11030333837352,38.7776180941915],[-9.11024478887823,38.7775288107812],[-9.11024158279099,38.7775239212032],[-9.11023826351602,38.7775188600485],[-9.11014800528785,38.7773812226938],[-9.11004899387553,38.7772302356732],[-9.10951048171049,38.7768928595988],[-9.1086247635016,38.7763380857051],[-9.1085512480737,38.7762907263055],[-9.10844946176548,38.776225153532],[-9.10815534884989,38.7759785498647],[-9.10785464140177,38.7757264134414],[-9.10777161191672,38.7756665044199],[-9.10748786645779,38.7754617681946],[-9.1072839713462,38.7753253454505],[-9.10695413243174,38.7751046553003],[-9.10664361987231,38.7748803332153],[-9.10659772943602,38.7748657570807],[-9.10654342807374,38.7748485098531],[-9.10647315286907,38.7748261872688],[-9.10634684165526,38.7748175093745],[-9.10623219865872,38.7748096326666],[-9.10518472351155,38.774883045624],[-9.10512122250243,38.7748873253888],[-9.10504562837298,38.7747228984778],[-9.1050097837965,38.7746448378979],[-9.10497146076815,38.7745067047578],[-9.10482654005494,38.773055154308],[-9.1045937847682,38.7705229413052],[-9.10458010432473,38.7703902001283],[-9.10423092019065,38.7670086903717],[-9.10422627769725,38.7669636935836],[-9.103836406169,38.763187219338],[-9.10379956985249,38.7628936912208],[-9.10379318283079,38.76284256775],[-9.10378846757389,38.762672171093],[-9.1034868330644,38.7597895939419],[-9.10348113505055,38.7597317190588],[-9.10345368972199,38.7594510902507],[-9.1034283293832,38.7591917770123],[-9.10314241269626,38.7562703225967],[-9.10311310426179,38.755845309171],[-9.10309844465469,38.7557683004399],[-9.10309463310294,38.7557481855467],[-9.10501842738617,38.756347135341],[-9.10726420032512,38.7570187415852],[-9.11015895125958,38.7578895772384],[-9.11078079294702,38.7580766628901],[-9.11270452614481,38.7586553207578],[-9.11290715912345,38.7587158857203],[-9.11481479451135,38.7592862270797],[-9.11637860780908,38.7597537213407],[-9.1185566828099,38.7604048085915],[-9.11883375378626,38.7604913563493],[-9.119405361683,38.7606698522311],[-9.11950874250083,38.7607013029603],[-9.1198130863292,38.760793862546],[-9.12039969429458,38.7609722645081],[-9.1205975356595,38.7610324254322],[-9.12108947466863,38.7611820303833],[-9.1214893561241,38.7613036589065],[-9.1222017668568,38.7615119941501],[-9.122812373315,38.7616905098939],[-9.12367737278017,38.7619434629374],[-9.12400982219883,38.7620406446748],[-9.12423535772563,38.7621172536781],[-9.12442596226263,38.7621819477314],[-9.12459657838622,38.7622398654569],[-9.12475370900078,38.7622807801321],[-9.12495833803597,38.7623340789371],[-9.1253195380353,38.7624297436463],[-9.12566931954905,38.7625224116627],[-9.12641725865126,38.762710460206],[-9.12686606056046,38.76279426288],[-9.12709248631769,38.7628276578399],[-9.12730184947445,38.7628585584606],[-9.12786255092534,38.7629464011857],[-9.12794950604821,38.7629600509525],[-9.12857219484697,38.763017767016],[-9.12866458926887,38.763026013465],[-9.12872539084058,38.7630314398843],[-9.12881217258861,38.7630307828582],[-9.12896880733311,38.7630295969891],[-9.12911428051024,38.763028388005],[-9.12913071518834,38.7630282514165],[-9.12953559397173,38.7630248843327],[-9.13032691451563,38.7630296838455],[-9.13163547601697,38.7630376087846],[-9.13421345942268,38.7630531777781],[-9.13672602661112,38.7630683012796],[-9.13743123824514,38.763070845328],[-9.13918032368034,38.7630771529148],[-9.14092412432671,38.7630170665616],[-9.14159311229521,38.7629603717609],[-9.14160342764961,38.7629594975931],[-9.14222071577689,38.7629071812939],[-9.14230298259228,38.7629002096603],[-9.14348943160548,38.762739873807],[-9.1438813342246,38.7626732820189],[-9.14428758204047,38.7626042399652],[-9.14458259596629,38.7625542531319],[-9.14501241827019,38.7624811602049],[-9.14546683824318,38.7624038826527],[-9.14562826999131,38.7623764288022],[-9.1458487974104,38.7623274735886],[-9.14686236744378,38.7621024612942],[-9.146871647939,38.7621315816518],[-9.14693229500047,38.7623218979176],[-9.14716457507842,38.7630507871284],[-9.14672459013372,38.7639239145806],[-9.14664006225874,38.764140175396],[-9.14653939165812,38.7643977384627],[-9.14649788140714,38.7645753672357],[-9.14644891873261,38.7647848808684],[-9.14645395199315,38.7651401780707],[-9.14645469489988,38.7651926517311],[-9.14645962036256,38.7652149808322],[-9.14652793993488,38.7655247122502],[-9.14664133966308,38.7658547476917],[-9.14678530097556,38.7662737269043],[-9.14692476801669,38.7666085539506],[-9.14694182432898,38.7666495004414],[-9.14704229101207,38.7668906983289],[-9.14707533104821,38.7669700162353],[-9.14737297613949,38.7676845731334],[-9.14739553283627,38.7677387259017],[-9.1475517866951,38.7681237251528],[-9.14759899585823,38.7685526003013],[-9.14756487514881,38.769046574635],[-9.14736502065933,38.7696275374785],[-9.14732788340719,38.769735491231],[-9.14729470503049,38.7698242373942],[-9.14701046819312,38.7705845180496],[-9.14690521798116,38.770866038076],[-9.14673371252545,38.7713397416157],[-9.14664155975034,38.7716088453042],[-9.14641430574638,38.7720186404433],[-9.14635755647494,38.7721475237826],[-9.14628148444174,38.7723202923519],[-9.14616509961182,38.7725031401027],[-9.14599985002376,38.7727627551452],[-9.14571714930553,38.7731301007479],[-9.14523155779216,38.7736923842305],[-9.14505919085209,38.7738952437008],[-9.14490470577605,38.7740770558051],[-9.14434370788109,38.7747296175343],[-9.14365239228624,38.7755389412608],[-9.14312590137631,38.7761721977587],[-9.14285516531936,38.7764930664504],[-9.14269243370899,38.7766859306898],[-9.14262121437494,38.7767703353302],[-9.14239910142938,38.7770330596548],[-9.14180479220708,38.7777360222708],[-9.14128261410883,38.7783536508914],[-9.14053644378945,38.7792332865833],[-9.14035206457736,38.7794492916031],[-9.13996577193721,38.779901837047],[-9.13958311657564,38.7804552484793],[-9.13936723614151,38.7807916819313],[-9.13920571995175,38.7810433914853],[-9.13905913106703,38.7812718335125],[-9.13866270183719,38.7821249400212],[-9.13864766403935,38.7821573021428],[-9.13852583991041,38.7830140786145],[-9.13852505478285,38.7831470721993],[-9.13852356627442,38.7833995556231],[-9.13852254309333,38.7835729488716],[-9.13864465019159,38.7843228397927],[-9.13883965198188,38.7848776131928],[-9.13891260775936,38.7850001529425],[-9.13912918528614,38.7853639245374],[-9.13944723560912,38.7861299032561],[-9.13957642053351,38.7864144464139],[-9.13967993340368,38.7866424356954],[-9.13967999538745,38.7866425743395],[-9.13968005916784,38.7866427136837],[-9.13968027656014,38.7866431926358],[-9.13975084551393,38.7867986474425],[-9.1397509973292,38.7867989814479],[-9.13954505585535,38.7867282654062],[-9.13910061796181,38.7865877469035],[-9.13901107838586,38.7865594368839],[-9.13899800071194,38.7865553013654],[-9.13894657126362,38.7865390407787],[-9.13834880262917,38.7863380777716],[-9.13803015223159,38.7862309481059],[-9.1377925631103,38.7861458901472],[-9.13773597553561,38.7861213534785],[-9.13765893601683,38.7860879498164],[-9.13752468908583,38.7860189430277],[-9.13745677195877,38.7859840303245],[-9.13716885652033,38.7858555368086],[-9.13705987380836,38.7858158498537],[-9.13691966835208,38.7857266327255],[-9.13668514607918,38.7855773971508],[-9.13654474479016,38.7854958241757],[-9.13651289142848,38.7854800388062],[-9.13646921084782,38.7854583931747],[-9.13646093736405,38.785454292604],[-9.13641216153905,38.7854301184187],[-9.13620157667354,38.7853499590498],[-9.13608352187552,38.7853033212756],[-9.13593782771284,38.7852457660903],[-9.13564269880266,38.7851358758488],[-9.13546750486436,38.7851028967692],[-9.13540245246475,38.7850906496137],[-9.13496617127399,38.7850014378802],[-9.1348935209237,38.7849929390846],[-9.1348086274344,38.7849830097004],[-9.13465699989929,38.7849652684502],[-9.13438917977374,38.7849315918535],[-9.13429152930909,38.784919313858]]]}},{"type":"Feature","properties":{"COD_SIG":"104","NOME":"Areeiro"},"geometry":{"type":"Polygon","coordinates":[[[-9.12373510211357,38.7386583692492],[-9.12477359231127,38.7382864423053],[-9.12493048127902,38.7382302547851],[-9.12561463999603,38.7380423862896],[-9.12586140989952,38.737974625114],[-9.12626239538447,38.7379055556657],[-9.12647422351836,38.7378690673616],[-9.12655680923569,38.7378431252969],[-9.1270493096919,38.7376883373788],[-9.1270970533526,38.7376733360277],[-9.12746671458359,38.7376085784189],[-9.12774998752867,38.7375589587671],[-9.12822942558233,38.737440815032],[-9.12857229366165,38.7373570519605],[-9.12858183197333,38.7373573995108],[-9.1288652450556,38.7373680320259],[-9.12888673994371,38.7373667686528],[-9.12904462963465,38.7373574934054],[-9.12912034324008,38.7373501948492],[-9.12913353500002,38.7373489405849],[-9.12914247054215,38.7373480920297],[-9.12916075035986,38.7373463234469],[-9.1297675794023,38.7373092609784],[-9.13118378602412,38.7372227593876],[-9.13297632207129,38.7371140172049],[-9.13388768179163,38.7370587179622],[-9.13442342624732,38.7370262085545],[-9.13650253295495,38.7369000372977],[-9.13652606432382,38.7368986092493],[-9.13649247811197,38.7365946143726],[-9.1364863614832,38.7364221629204],[-9.13648563384782,38.7364016361611],[-9.13651758602418,38.7362934483965],[-9.13657391847733,38.7361359579535],[-9.13667695793537,38.7360368875447],[-9.13669831807618,38.73602555201],[-9.13697148766924,38.7358805919654],[-9.13713311974169,38.7357936275696],[-9.13744872125719,38.7356310242493],[-9.13809244410832,38.735403351931],[-9.13836411441319,38.7353476862857],[-9.13912394002322,38.7352967322815],[-9.14162021716226,38.7352218638287],[-9.14162517406601,38.7352451489882],[-9.14180379328048,38.7360839043833],[-9.14195543339201,38.7367959515538],[-9.14208700693675,38.7374137628941],[-9.14226424633891,38.7382459798397],[-9.14236135422114,38.7386893139668],[-9.14243425699802,38.7390349342238],[-9.14242283132594,38.7390383963318],[-9.14190296279629,38.7391907758613],[-9.14225374143998,38.7399162927821],[-9.14336904118774,38.7416027828408],[-9.14349271854109,38.7417897955697],[-9.14351609809468,38.7418251446956],[-9.1438883698299,38.7423880244955],[-9.14450231981757,38.7435021919112],[-9.14507286051576,38.7445121777633],[-9.14510407607357,38.7445672077956],[-9.14519595665916,38.7446678554103],[-9.14529432667431,38.7447755512555],[-9.14538470797168,38.7448744855301],[-9.14541216138508,38.7449045440571],[-9.14547046204704,38.7449683737196],[-9.14551120783168,38.7450129646985],[-9.14550051338824,38.7450133654595],[-9.14536831910764,38.7450161854996],[-9.14452325775022,38.7450738656287],[-9.14436850587453,38.7450732413669],[-9.14329886569605,38.7450689212792],[-9.14285848010275,38.7450671395756],[-9.14251588061969,38.7450657523271],[-9.14193215714469,38.7451077312961],[-9.14144824907418,38.7451317299769],[-9.1404942831582,38.7451832052388],[-9.14024093399357,38.7451751346881],[-9.14022731014399,38.7451747002978],[-9.13978155711683,38.7452127752973],[-9.13966099961246,38.7452282276711],[-9.13960852362682,38.7452326178121],[-9.1394208844286,38.7452483140004],[-9.13791888959543,38.7453450273304],[-9.13724779148435,38.7453904371075],[-9.13663869599246,38.7454281042271],[-9.13599290971113,38.745474190056],[-9.13485510806385,38.745540711014],[-9.13468716712315,38.7455617122726],[-9.13468019709487,38.7455625845516],[-9.13222476635178,38.7458696134852],[-9.13125467477814,38.7459400953917],[-9.13123262383286,38.7459416970135],[-9.13085761493098,38.7459391971943],[-9.13046901631548,38.7459366048928],[-9.13046851595387,38.7459489659662],[-9.13044588918848,38.7465103545756],[-9.13047127018853,38.7465127023411],[-9.13057391618448,38.7465222033991],[-9.13056737824583,38.746596168122],[-9.13056458987518,38.7466277371512],[-9.13055399963629,38.7467620337573],[-9.13048497668311,38.7474286935206],[-9.13047134295207,38.7475638363534],[-9.13044404135395,38.7478343020073],[-9.13043994593458,38.7478656301823],[-9.13043499801397,38.7479034690449],[-9.13041225626425,38.7481075697402],[-9.1304098559658,38.7481291475385],[-9.13027403338979,38.7482080519268],[-9.13025956961539,38.7482164605244],[-9.13025141021769,38.7484135872761],[-9.13024210277303,38.7486384836939],[-9.13018869523443,38.7486388059679],[-9.13016390981742,38.7486389530929],[-9.13009866428003,38.7486394091806],[-9.13006099432691,38.7486417715886],[-9.13004442400318,38.7486429198646],[-9.12995116360532,38.748628403525],[-9.12991256030262,38.7486160183947],[-9.12987929478933,38.7486053266024],[-9.12981614322485,38.748580463853],[-9.12972252978909,38.7485405487813],[-9.12961128871252,38.7484821372271],[-9.12951953389109,38.7484269827033],[-9.12944283663044,38.7483632317973],[-9.12937249854371,38.7482926710134],[-9.12929350249425,38.748212005411],[-9.12922252031544,38.7480955957722],[-9.12905863526827,38.7478972203689],[-9.12894722441008,38.7477623205761],[-9.12891895083484,38.7477226397495],[-9.12891224041968,38.7477131689773],[-9.1288212240134,38.7475853982022],[-9.12851290963146,38.7472100672505],[-9.12838488892371,38.7470365884135],[-9.12815955102627,38.7467716104484],[-9.1281514832567,38.7467622208212],[-9.12808745403819,38.7466823276689],[-9.12792451940858,38.7464794202532],[-9.12777391595289,38.7462450607802],[-9.12768393171087,38.7461092743835],[-9.12767005633301,38.7460883146226],[-9.12739524821287,38.7457973589319],[-9.12735773905817,38.7457468747949],[-9.12732456427472,38.7457111170447],[-9.12730939532284,38.7456947714793],[-9.12728302078609,38.7456761698991],[-9.12722622390394,38.7456361186837],[-9.12715433173176,38.745568825725],[-9.12712751612221,38.7455437293104],[-9.12705500950235,38.7454839897191],[-9.12701139449868,38.7454480643873],[-9.12696309927239,38.7454153479098],[-9.12691745766943,38.7453844593544],[-9.12672956514629,38.745272470976],[-9.12669152868053,38.7452498252566],[-9.12661172774057,38.7452023128018],[-9.12642185982212,38.7450970964301],[-9.12616548602992,38.7448823711479],[-9.12594114975404,38.744753617923],[-9.12591226801933,38.744737068254],[-9.12585332236702,38.7447075918835],[-9.12574871714545,38.7446553182558],[-9.12551697426003,38.7444996524923],[-9.12540356015878,38.7444413455302],[-9.12525681227227,38.7443508932751],[-9.12523534163868,38.7443376540261],[-9.12480976477283,38.7440971597253],[-9.12464199451204,38.7440257126185],[-9.12438259429566,38.7438991039154],[-9.12427911735807,38.7438535747812],[-9.12408402124468,38.7437676934794],[-9.12388196228949,38.7437202269814],[-9.12372570663403,38.7436911068189],[-9.12371669114183,38.7436891968632],[-9.12364103323199,38.7436731794371],[-9.12352122851579,38.7436267246072],[-9.12345867972089,38.7436016870648],[-9.12343413595069,38.7435918787357],[-9.12324918720671,38.7435019466852],[-9.12288907147395,38.7433269034009],[-9.12266229627205,38.7432035276538],[-9.12230352621557,38.7429539007481],[-9.1220848403428,38.7428015404586],[-9.12155412555439,38.7424771367802],[-9.12113102534381,38.7420959312698],[-9.12101461356444,38.7419782834007],[-9.12095868625149,38.7419166812707],[-9.1209368410204,38.7418925764101],[-9.12091626690545,38.7418698742665],[-9.12079025393234,38.7417310267597],[-9.12046989763405,38.7414618054908],[-9.12036087000632,38.7413702045719],[-9.12032145103332,38.7413404472454],[-9.12029240939849,38.7413185359797],[-9.12010226929052,38.7411750307564],[-9.12033753716512,38.7410138641507],[-9.12034326841663,38.7410099298867],[-9.12071331861816,38.740756133316],[-9.12100749621244,38.7406962481831],[-9.12118728413509,38.7406596197687],[-9.12145917273056,38.7406042532039],[-9.12154907612418,38.7406047892198],[-9.12164726557802,38.7406122899382],[-9.12177024314376,38.7406233003328],[-9.12195109018013,38.7406409040683],[-9.12207651206181,38.740653099298],[-9.12230872746107,38.7406756820131],[-9.12254173517439,38.7406974007909],[-9.12274729666087,38.7407077553421],[-9.12291566160637,38.7407155517339],[-9.12313783384074,38.740718830184],[-9.12318919232216,38.7407196716925],[-9.12325110151659,38.7407169523797],[-9.12334325519004,38.7407021597647],[-9.12346751824496,38.7406563637375],[-9.12357911685101,38.7405980907727],[-9.12369940755577,38.7405229630218],[-9.12389338706327,38.7403470695209],[-9.12388000126722,38.7399754400517],[-9.12388869695919,38.7396747668987],[-9.12389574963247,38.7395967534596],[-9.12390038763429,38.7395448222288],[-9.12379646603063,38.739480981412],[-9.12365440914657,38.7393743279104],[-9.12363139341067,38.7393514582029],[-9.12359299492384,38.7393021922076],[-9.12341895352408,38.7391339619361],[-9.12322696737817,38.7389357066774],[-9.12373510211357,38.7386583692492]]]}},{"type":"Feature","properties":{"COD_SIG":"121","NOME":"Santa Maria Maior"},"geometry":{"type":"Polygon","coordinates":[[[-9.13428440566888,38.7189454990614],[-9.13428295758466,38.7189391994906],[-9.13426500116044,38.718871975297],[-9.13425191180843,38.7188238957984],[-9.13421447092571,38.7185389401039],[-9.13410954320894,38.7182872609919],[-9.13410680694058,38.7182807090414],[-9.1340674751042,38.718214208252],[-9.13406052753378,38.7182024675761],[-9.13405722981837,38.7181969108875],[-9.13405193065649,38.7181879485535],[-9.134038269976,38.7181648253481],[-9.13389527075918,38.7180438151163],[-9.13366943339842,38.7178448768244],[-9.13363118133701,38.7178144880009],[-9.13349642146797,38.7177070984473],[-9.13344549507618,38.717666549329],[-9.13340805509179,38.7176366945151],[-9.13338363798405,38.7176172662753],[-9.13292093105257,38.7173017225782],[-9.13290316956276,38.7172895338753],[-9.132632040942,38.7170414382989],[-9.13255186989617,38.716890793227],[-9.13250222090873,38.716686200998],[-9.13247995885936,38.7164749782662],[-9.13235483611671,38.7158298302066],[-9.13232712129356,38.7157716967982],[-9.13230414238857,38.7157233411549],[-9.13227192700586,38.7156557880092],[-9.13225534680067,38.7156210700776],[-9.13199769111255,38.7154398751725],[-9.13198120343382,38.7154283064675],[-9.13189996518944,38.7153493721722],[-9.1318831828633,38.7153331212922],[-9.13182515888245,38.7152781297166],[-9.13175513610437,38.7152118903816],[-9.13167598374805,38.7151258225415],[-9.13158527276898,38.7150270615438],[-9.13140786538183,38.714837072704],[-9.13139992427473,38.714828222798],[-9.13125079495441,38.7146047528451],[-9.1312256672793,38.7145672250768],[-9.13120628253377,38.7145044259501],[-9.1312017343635,38.7144915842039],[-9.1311536700042,38.7144746994876],[-9.13110192884048,38.7144744212181],[-9.13107502250108,38.714474290845],[-9.13106754941623,38.7144742649106],[-9.13105007179407,38.7144741436496],[-9.13095724168925,38.7145038518881],[-9.130807377547,38.7143100233527],[-9.13072586172319,38.7141283120404],[-9.13071731874483,38.7141092886879],[-9.13067146334286,38.7140197821345],[-9.13059934479521,38.7134806509568],[-9.13058237741614,38.7133354096511],[-9.13057155092032,38.7132431726577],[-9.13058890726994,38.7131685299291],[-9.13059292812915,38.7130195961125],[-9.13047813241896,38.7131478570009],[-9.13043281690448,38.7131962557422],[-9.13034771320939,38.7132522905201],[-9.13022532044689,38.7132725218245],[-9.12947809640365,38.7129234530414],[-9.12932986719526,38.7128549979352],[-9.12926048311934,38.7128427089396],[-9.12920170365537,38.7128323110962],[-9.12907117395299,38.7128213545968],[-9.12901988015029,38.7128283675697],[-9.12898959704374,38.7128747464],[-9.1288177160922,38.7130899681436],[-9.1287760378563,38.7131767982577],[-9.12869989395786,38.7134393045738],[-9.12859030488309,38.7137440729838],[-9.12837203133705,38.7139056424714],[-9.1282937359735,38.7139636897805],[-9.12823753377606,38.7139982185636],[-9.12821781216232,38.7139689313771],[-9.12788676501383,38.7134773151814],[-9.1278691427629,38.7134833201378],[-9.12751703012098,38.7136027013978],[-9.12749997919858,38.7136085219967],[-9.12748203984234,38.7136165113006],[-9.1272089466061,38.7137383715554],[-9.12708924609446,38.713596437104],[-9.12700472899928,38.7134960891674],[-9.12675997222034,38.7132403702887],[-9.12672213518057,38.7132229469526],[-9.12662957187538,38.7131806772782],[-9.12654513562857,38.7131441041484],[-9.12647447055507,38.7131139887972],[-9.1264235270953,38.7130882998963],[-9.12639924832811,38.7130785974255],[-9.12635186668844,38.7130609854959],[-9.12632300202174,38.7130522229881],[-9.12628494130145,38.7130435389849],[-9.12625508938627,38.7130464955695],[-9.12620936873157,38.7130658009845],[-9.12615917356842,38.7130941520796],[-9.12614209210331,38.7131060078485],[-9.12603199637871,38.7130429887434],[-9.12596759346103,38.7131246073969],[-9.12584117894099,38.7130455128451],[-9.1257021529727,38.7131349722534],[-9.1254434175096,38.7132975111189],[-9.12520483844487,38.7134211445973],[-9.12509884891944,38.7134887033596],[-9.12499984469366,38.7135625081311],[-9.12495672106846,38.7136034093464],[-9.12490884445706,38.7136497561316],[-9.12489659053829,38.713661570453],[-9.12467604515289,38.7134268096021],[-9.12435875480466,38.7136536190049],[-9.12364129104845,38.7132017532393],[-9.12362296541666,38.7131901988919],[-9.12362001804422,38.7134677543533],[-9.12362066842449,38.713481530637],[-9.1236322189624,38.7137183380474],[-9.12361016262723,38.7137030316613],[-9.12354492607298,38.7136580054791],[-9.12304554811496,38.7133129199294],[-9.12299644709984,38.7132790167568],[-9.12298704443379,38.7132725204226],[-9.12280202112965,38.7131868042236],[-9.12255666247946,38.7130445791868],[-9.12246300233132,38.7129892543036],[-9.12226987352837,38.7128743307388],[-9.12221701396214,38.7128429809069],[-9.12217021802402,38.7128095075424],[-9.12217054770574,38.7128091721393],[-9.12217104357577,38.7128086751679],[-9.12217131127374,38.7128084067052],[-9.12217168137961,38.7128080366052],[-9.12217502670573,38.712804666452],[-9.12217539501501,38.7128042935482],[-9.12217576422258,38.7128039213453],[-9.12217594208901,38.7128037419029],[-9.12217791299274,38.712801754718],[-9.12218887962574,38.7127906979784],[-9.12219335143923,38.7127861894861],[-9.1221932858622,38.7127861348122],[-9.12219053611912,38.7127838307987],[-9.12218610472984,38.7127801164792],[-9.12218641375027,38.7127798234833],[-9.12218657095547,38.7127796741815],[-9.12224394904761,38.7127253451401],[-9.1222521120386,38.7127309099644],[-9.1222522360061,38.7127309947791],[-9.12226737441528,38.7127164907669],[-9.12229585460303,38.7126892070661],[-9.12229577285636,38.7126891523922],[-9.12228856477451,38.7126841882771],[-9.12228861867341,38.712684136407],[-9.12228887828653,38.7126838875703],[-9.12232863502608,38.7126458246707],[-9.12234727506821,38.7126279778166],[-9.12235434031792,38.7126325928631],[-9.12236428736305,38.7126228405631],[-9.12239827422353,38.7125895230567],[-9.1223981718156,38.7125894669807],[-9.12239723127947,38.7125889419698],[-9.12239634104904,38.7125884463988],[-9.12239618833544,38.712588360883],[-9.12239278641546,38.7125864557032],[-9.12239269119404,38.7125864010292],[-9.12239092869943,38.7125854147937],[-9.12239124580474,38.7125851049741],[-9.12244898501961,38.7125287016746],[-9.1224518272892,38.7125307820934],[-9.12245547714417,38.7125334534126],[-9.12245561907801,38.7125335585551],[-9.12246284243121,38.71252689743],[-9.12250027882234,38.7124923742447],[-9.12250018180429,38.7124923041497],[-9.12249270871944,38.7124869706203],[-9.12249278597455,38.7124868970205],[-9.12249302312979,38.7124866720155],[-9.12255141721651,38.7124311945942],[-9.12255175408476,38.7124308742597],[-9.12256071298308,38.7124369865494],[-9.12259757535077,38.7124008805735],[-9.12259769392839,38.7124007642156],[-9.12259775321719,38.7124007053357],[-9.1226041366456,38.7123944528527],[-9.12260406118711,38.7123944002813],[-9.12260355184236,38.7123940491049],[-9.12260296524249,38.7123936432542],[-9.12259746665462,38.7123898637261],[-9.12259576883874,38.7123886952405],[-9.12259584609386,38.7123886216407],[-9.12259608235076,38.7123883931306],[-9.12265355656266,38.7123330263833],[-9.12265700788997,38.7123348635776],[-9.12266150126302,38.7123372979826],[-9.12268853516317,38.7123112772523],[-9.12268864565594,38.7123111707077],[-9.12270418561207,38.7122962116924],[-9.12270410745862,38.7122961563172],[-9.12270012971854,38.7122933798462],[-9.12269767282624,38.7122916639156],[-9.12269797196524,38.7122913737215],[-9.12275494491719,38.7122360496572],[-9.12275501049421,38.7122359872724],[-9.1227568089214,38.7122371214137],[-9.12276328936786,38.7122412044624],[-9.12276352472647,38.7122409794566],[-9.12280211275782,38.7122039649467],[-9.1228066788944,38.7121995608594],[-9.12280662409718,38.712199506185],[-9.12280059819825,38.7121937324353],[-9.12280090093051,38.7121934415398],[-9.12285168269349,38.7121446909419],[-9.12285876141795,38.7121378951974],[-9.12286674294923,38.7121439346131],[-9.12286692081565,38.7121437586737],[-9.12292757057209,38.7120831240671],[-9.12292787959252,38.7120828142454],[-9.12292026008231,38.7120780400469],[-9.12292017564065,38.7120779867743],[-9.12297555498128,38.7120250661185],[-9.12306440285447,38.7119401376996],[-9.12432983354407,38.7107315414122],[-9.12458198435611,38.7104907005413],[-9.12476902707299,38.7103114616603],[-9.12523566233721,38.7098655183429],[-9.12561945406764,38.7096570218874],[-9.12590436284484,38.7095022429986],[-9.12603315790039,38.7094322263376],[-9.12625574785138,38.7093117515918],[-9.12700040361119,38.7089069730165],[-9.12758791707837,38.7085878123222],[-9.12822559336931,38.70824151692],[-9.12841038311147,38.7081410500086],[-9.12864500958897,38.7080134867392],[-9.12878309771612,38.7081699175853],[-9.12885155652729,38.7082477795802],[-9.12885404036903,38.7082506045767],[-9.12888898932518,38.7082904419225],[-9.12889556948462,38.7082985173417],[-9.12889796888476,38.7083014629066],[-9.12893887636615,38.7083516720831],[-9.12894119761285,38.7083505708267],[-9.12903463318219,38.7083061966999],[-9.12906067624057,38.708294574266],[-9.1291277669176,38.7082646342227],[-9.12919573704525,38.7082343002094],[-9.12954903636163,38.7080766469717],[-9.13030050224964,38.7077413147854],[-9.13033497779361,38.7077259300098],[-9.13033510086281,38.7077258760331],[-9.13034911907282,38.7077235753615],[-9.13035190115526,38.7077237891655],[-9.13037208989296,38.7077253432755],[-9.13039056284844,38.7077343370642],[-9.13040066530213,38.7077433140279],[-9.13040075423535,38.7077433918385],[-9.1304010156451,38.7077436252704],[-9.13040817162465,38.7077530852195],[-9.13041062851694,38.7077622353269],[-9.13041286352539,38.7077705561545],[-9.13041215026306,38.7077812456475],[-9.13040730115713,38.7077892636425],[-9.13040117644355,38.7077993909339],[-9.13040096893269,38.7077997351229],[-9.13027252961002,38.7078576100382],[-9.12973568202316,38.7080995182791],[-9.1293927825028,38.7082540296219],[-9.12937735124286,38.7082609827577],[-9.12925270191235,38.7083171461805],[-9.12925234348454,38.7083173081095],[-9.12925557921622,38.7083220650344],[-9.12930413854722,38.7083932723632],[-9.12952733755594,38.7087205843031],[-9.13072066856254,38.7082206497941],[-9.13224368307502,38.7075825690064],[-9.13224382141558,38.7075822521552],[-9.13227302205219,38.7075078635864],[-9.13234020525565,38.707336709579],[-9.13234030946025,38.7073364438997],[-9.13230834380917,38.7072890415198],[-9.13227640690419,38.7072416832716],[-9.13221685309241,38.7071533710395],[-9.13216037780716,38.7071442229571],[-9.13209241217106,38.7071332137116],[-9.13137465376748,38.7074074566312],[-9.13088025606939,38.7075963527332],[-9.13086818001701,38.7075976054168],[-9.13085763020233,38.7075986989738],[-9.13084699864095,38.7075980603645],[-9.13083592690506,38.7075947046866],[-9.13083291395559,38.7075933924182],[-9.13082661586714,38.7075906494125],[-9.13081781866557,38.7075845486254],[-9.13081735243994,38.7075842247642],[-9.13081397836774,38.7075809377835],[-9.13080904302356,38.7075761261314],[-9.13080784826422,38.7075740848244],[-9.13080372050549,38.7075670285751],[-9.13080270810416,38.7075627910397],[-9.13080199843509,38.7075598188064],[-9.13080192567155,38.7075512708308],[-9.13080249700007,38.7075473830928],[-9.13080261647602,38.7075465657285],[-9.13080340609514,38.7075411876672],[-9.13081380499287,38.7075244660438],[-9.13083134729376,38.7075150102705],[-9.13083870539425,38.7075110433177],[-9.13110548886394,38.7074101519759],[-9.13110807511366,38.707409174081],[-9.13216242776264,38.7070104301913],[-9.13241430099524,38.7069151735207],[-9.13241461091401,38.7069155541663],[-9.13243659538397,38.7069426543044],[-9.1325990080924,38.7068902591059],[-9.13287768256151,38.7068003572594],[-9.13287796732745,38.7068002647266],[-9.13287784605488,38.7068000235806],[-9.13287780024083,38.7067999317488],[-9.13287763764575,38.7067996099871],[-9.13281837129488,38.7066846252985],[-9.13278094927676,38.7066120226646],[-9.13273047473758,38.7066279972272],[-9.13272813013469,38.7066287395943],[-9.13263802731506,38.7066572565768],[-9.13263787999137,38.7066573028433],[-9.13263781890593,38.7066573224715],[-9.13263773087102,38.7066573526148],[-9.13233457192052,38.7067533001202],[-9.13233371492772,38.7067535714096],[-9.13203675165774,38.7068475573727],[-9.13199454790737,38.706860915731],[-9.13197671455236,38.7068305544839],[-9.13195124731405,38.7067871888624],[-9.13195162101321,38.7067870696914],[-9.1321128686067,38.7067360462487],[-9.13211370942981,38.7067357798662],[-9.13232723448126,38.70666821332],[-9.1325958936333,38.7065840033797],[-9.1327758836769,38.7065266391697],[-9.13278869005959,38.7065225585986],[-9.13296857589859,38.7064652272868],[-9.1329866787482,38.7065005518317],[-9.13300700043657,38.7065402029834],[-9.13300704535232,38.7065402892075],[-9.13300712530237,38.7065404462333],[-9.13295076140818,38.706558284092],[-9.13286060379132,38.7065868179268],[-9.13286024446522,38.7065869328921],[-9.13286037472093,38.7065871824509],[-9.13289795304591,38.7066600879452],[-9.13295473555501,38.7067702455448],[-9.13295494486247,38.7067706528294],[-9.13295658249124,38.7067738192743],[-9.13295667411938,38.706773791935],[-9.13295676125596,38.7067737652968],[-9.13340431450694,38.7066275331602],[-9.13340802814231,38.7066263197161],[-9.13351403383743,38.7065916836231],[-9.13351391166655,38.7065914431774],[-9.13347738526877,38.7065203728538],[-9.13346010797093,38.7064867524715],[-9.13342048597869,38.7064096561644],[-9.13342045633429,38.7064095993827],[-9.13339013460019,38.7064184019612],[-9.13328230442673,38.7064497055398],[-9.13328219932384,38.7064495022471],[-9.13324015188033,38.7063683652777],[-9.13324039891703,38.7063682944756],[-9.13360712894526,38.7062630903028],[-9.13360757630628,38.7062629627188],[-9.13364651468057,38.7063377801991],[-9.13364664134303,38.7063380227487],[-9.13364601342065,38.7063382218357],[-9.13350011983198,38.7063843952745],[-9.13349976230251,38.7063845088381],[-9.13349978745532,38.7063845579088],[-9.13353979572315,38.7064621814019],[-9.13359315834597,38.7065657105732],[-9.13359338022985,38.7065661423942],[-9.13392130483443,38.7064647351784],[-9.13410981270354,38.7064064392307],[-9.13411064544178,38.7064061826611],[-9.13415493238532,38.7063924870322],[-9.13415516864222,38.7063924141272],[-9.13415504287809,38.7063921694747],[-9.1341245271079,38.7063327897057],[-9.13410194346163,38.7062888447473],[-9.13405997057832,38.7062071734246],[-9.13400023081527,38.7062260783059],[-9.13397339723941,38.706234569658],[-9.13393941397221,38.7061579070056],[-9.13393975712867,38.7061577983487],[-9.13424802928978,38.7060602419201],[-9.13424850809183,38.7060600905012],[-9.13428602173809,38.7061353617489],[-9.13428614301063,38.7061356050002],[-9.13413962149959,38.7061819692451],[-9.13413944273487,38.7061820260271],[-9.13413926397011,38.706182082809],[-9.13418151622949,38.7062643079592],[-9.13423507738,38.7063685349221],[-9.13423551396122,38.7063684129464],[-9.13423613739204,38.7063682411989],[-9.13423719650575,38.7063679481766],[-9.13487328098203,38.7061923098717],[-9.13494257163314,38.7061731771526],[-9.1349426147523,38.7061732388416],[-9.13495721057904,38.7061946526533],[-9.13495729232571,38.7061947711243],[-9.13499503414406,38.7062501419245],[-9.13499509163625,38.7062502190357],[-9.13499518416271,38.7062503529289],[-9.13499525153636,38.7062504552765],[-9.13499530274033,38.7062505309858],[-9.13504784789625,38.7063276092381],[-9.1350479682705,38.7063277886968],[-9.13507799984876,38.7063718401848],[-9.1350781319011,38.7063720343646],[-9.1350529709883,38.7063833304404],[-9.13502061816337,38.7063978574687],[-9.13502048251774,38.7063979205597],[-9.13502039897444,38.7063979542081],[-9.13502034597381,38.7063979766405],[-9.13498349258929,38.7064145225738],[-9.1349831808739,38.7064146627757],[-9.13497663574875,38.7064176014082],[-9.13496624044427,38.7064222687303],[-9.13496592872887,38.7064224362716],[-9.13498758980532,38.7064756519936],[-9.13501124603998,38.7065337677256],[-9.13502593259656,38.7065698507275],[-9.13510932410272,38.7067747207682],[-9.13517068801977,38.706925471981],[-9.13519982757096,38.7069970571399],[-9.13520031984773,38.7069969316602],[-9.13520044740852,38.706996898713],[-9.1352125540036,38.7069937785443],[-9.13521287470213,38.7069936958258],[-9.13527867090681,38.7069767448461],[-9.13527957461199,38.7069765100097],[-9.13527963749405,38.7069764931856],[-9.13528016031356,38.7069763571908],[-9.13528121403739,38.7069760837991],[-9.1352827789026,38.7069756835258],[-9.13528294688756,38.7069756407645],[-9.13528376884607,38.7069754311643],[-9.13531163099291,38.7069682500771],[-9.13541634131738,38.7069412621094],[-9.13543862223136,38.7069355194802],[-9.13543911899971,38.7069353911964],[-9.135461882309,38.7069645368575],[-9.13547410029519,38.7069801811684],[-9.13548259386621,38.7069910558447],[-9.13548304661711,38.7069909394781],[-9.13552651789035,38.7069797311238],[-9.13556164111963,38.7069706762528],[-9.13577333989611,38.706916096043],[-9.13586602088062,38.7068922008897],[-9.1358659139811,38.7068919324048],[-9.13585906522536,38.7068747865215],[-9.13583953764772,38.7068258977036],[-9.13583987990585,38.7068258121809],[-9.13589654563396,38.7068119133406],[-9.13589653395586,38.7068118032827],[-9.13589651419293,38.7068116231242],[-9.13589239811229,38.7067742510941],[-9.1358962842242,38.7067339803824],[-9.13590513622303,38.7067044371564],[-9.13590670737646,38.7066991922231],[-9.13593506000345,38.7066493071536],[-9.13594747651733,38.7066214294869],[-9.13594904138254,38.7066163759226],[-9.13595456152997,38.7065985584076],[-9.13595880606969,38.7065848593104],[-9.13596080122791,38.7065740497662],[-9.1359637854313,38.7065578831152],[-9.13596430016597,38.7065427546541],[-9.1359647556118,38.706529446709],[-9.13596099256909,38.7064888625084],[-9.13595294276583,38.7064514896086],[-9.13594743160154,38.706425906269],[-9.13594766067193,38.7064258459822],[-9.13594772445233,38.706425828457],[-9.13597068988256,38.7064197647239],[-9.1360764916601,38.7063918294849],[-9.13610456041947,38.7064366085813],[-9.13611227335449,38.7064489112963],[-9.1361304058485,38.7064705465443],[-9.13615497027996,38.7064998529259],[-9.13616777396769,38.706511512805],[-9.13616784223967,38.7065115737928],[-9.13618324205858,38.7065255974709],[-9.13620646350868,38.706542499487],[-9.13621708608689,38.7065502316095],[-9.13624561388538,38.7065670922603],[-9.13628020621034,38.7065810815782],[-9.13630066354431,38.7065925045034],[-9.13631319144926,38.7065994984592],[-9.13633526664904,38.7066180989994],[-9.13633587301188,38.706618609333],[-9.13636028383141,38.7066391782973],[-9.13639623171412,38.706687575837],[-9.13640648328816,38.7066849421537],[-9.13644898168591,38.7066740246694],[-9.13647464835022,38.7067353725814],[-9.13647491604818,38.7067353024807],[-9.13655527394361,38.7067143613095],[-9.13837307061655,38.7062406348087],[-9.13838905344211,38.7062369685191],[-9.1391999060552,38.7060509801337],[-9.13950510418141,38.705980973412],[-9.13957502634818,38.7059329686631],[-9.1396004289078,38.7059155302268],[-9.1397338835247,38.7058701360139],[-9.13983316802487,38.7058363632055],[-9.14120820036563,38.7055646295126],[-9.14143428116984,38.7055199494147],[-9.14143903146106,38.705519009349],[-9.14144874853746,38.7055170906615],[-9.14168405953122,38.7062383929743],[-9.14177231361799,38.7064973257889],[-9.14179785811139,38.7065725005382],[-9.14196729564535,38.7070697084531],[-9.14177040918958,38.7071217628328],[-9.14130940276894,38.7072435647598],[-9.14119097247513,38.7072748532561],[-9.14105960105134,38.7073096761853],[-9.14102408166501,38.7073180902987],[-9.14073492655146,38.707387091879],[-9.14075442987461,38.7074491114377],[-9.14077996897812,38.7075198766046],[-9.14078856855034,38.7075493795367],[-9.14080726338973,38.7075993649219],[-9.14081742962379,38.7076192746661],[-9.14083801631517,38.7076492906874],[-9.14100979306211,38.7076018688869],[-9.14122944103054,38.7075415129305],[-9.14123476175198,38.7075765067735],[-9.14123504022971,38.7075963218893],[-9.14123410418517,38.7076196602149],[-9.14123252943849,38.7076630014976],[-9.14124351763105,38.7077739728108],[-9.14124565292645,38.70779503214],[-9.14124994328026,38.7078385030006],[-9.14125305234948,38.7078961262272],[-9.14125689354563,38.7079240167159],[-9.14126090542167,38.7079721743468],[-9.14126255652517,38.7079915266967],[-9.14158657255994,38.7079869274735],[-9.14202654762317,38.7079633109729],[-9.14264460740326,38.7079484218484],[-9.14264213523961,38.7079688004606],[-9.14233427360858,38.7105167941341],[-9.14235798553883,38.7105188409649],[-9.14269950165366,38.7105478667014],[-9.14294398354811,38.7105686329095],[-9.14294363410347,38.7105764725458],[-9.14292818218227,38.7108832312869],[-9.14292217245302,38.7112563859854],[-9.14291850642833,38.7115428658604],[-9.14295684742298,38.7119711248327],[-9.14307379369991,38.7123561872239],[-9.14322736518934,38.7128028166527],[-9.14323599620259,38.7128278734022],[-9.14327551848182,38.7129482356789],[-9.14328344791083,38.712972488393],[-9.14317607497987,38.7129894512692],[-9.14282917256661,38.7130440653944],[-9.14276378419705,38.7130543594671],[-9.14235173326443,38.7132751889104],[-9.14209293671593,38.7134142529453],[-9.1420956792725,38.7134457567336],[-9.14209326999088,38.7134542451254],[-9.14209019775261,38.7134647206827],[-9.14206399838736,38.7134820612489],[-9.14202733903895,38.7134913858581],[-9.1419757092663,38.7134990380229],[-9.14192966252315,38.713494931915],[-9.14189005400563,38.7134907704326],[-9.14181279619626,38.7134827902269],[-9.14175813550784,38.7134792988428],[-9.1416972710541,38.713484328791],[-9.14166995867618,38.7134879876996],[-9.14164161503236,38.7134918351609],[-9.14177949564869,38.7139349983754],[-9.14206225924898,38.713864817831],[-9.14237727236798,38.7140926050494],[-9.14325513750464,38.7149035521033],[-9.14340405931412,38.7150362100194],[-9.14343434870889,38.7150630792786],[-9.14341441868599,38.7151349352572],[-9.14333746810046,38.7153108025231],[-9.14329813356908,38.7154007700682],[-9.14319276927109,38.7156666003858],[-9.1431402780141,38.7158093774352],[-9.14310123363858,38.715860861914],[-9.14309002266384,38.7158755019671],[-9.1430039865175,38.7159444118789],[-9.14263915822276,38.7161572791214],[-9.14263244421432,38.7161611993342],[-9.14259423437372,38.7161745131964],[-9.14257649174854,38.7161807029674],[-9.14238359291432,38.7162480095965],[-9.1420667921479,38.7163584895615],[-9.14177834760173,38.7164590802004],[-9.14114888640405,38.7169031249828],[-9.14043200924779,38.7161659767646],[-9.14027822485764,38.7161546836363],[-9.1402315663618,38.716122671477],[-9.14010096928577,38.7160330903441],[-9.14004760756129,38.7160727733574],[-9.13998998602571,38.7161156251833],[-9.13992482672658,38.7161417587778],[-9.1398703268366,38.7161636167869],[-9.13980409674563,38.7161884039082],[-9.13968735887782,38.716087338369],[-9.13950465592209,38.715941097246],[-9.13945036264462,38.7158738414949],[-9.1393960415194,38.7157799977687],[-9.13925140377551,38.7156081142822],[-9.13924029341207,38.7155947883988],[-9.1392173504397,38.7155730886237],[-9.13916133958345,38.7155384428467],[-9.13912554261768,38.7155197345828],[-9.13908877816636,38.7154816949217],[-9.13901872754051,38.7154221264441],[-9.13898689214514,38.7153411503558],[-9.138997334162,38.7152314279182],[-9.13900069386118,38.7151964742703],[-9.13900361428417,38.7151660794142],[-9.13902168389612,38.7150764045602],[-9.13897962657115,38.7150785458853],[-9.13889894168895,38.7150826098468],[-9.13883718700475,38.7150866184349],[-9.13880845978027,38.7150844743064],[-9.13842111251796,38.7150799288098],[-9.13841606937596,38.7150997881068],[-9.13841158947763,38.7151200910835],[-9.13840259554502,38.7151611603303],[-9.13839198194992,38.7151977303253],[-9.1383228152663,38.7152119338388],[-9.1381823906211,38.7152407838409],[-9.13814187121188,38.7152371860023],[-9.13813228349286,38.7152330127057],[-9.13810114339355,38.7152193341879],[-9.13806425317808,38.7152169832909],[-9.1380435595872,38.715228837306],[-9.13798672048422,38.7152990354361],[-9.13789629786436,38.7154107112381],[-9.13774521380999,38.7156505878905],[-9.13759293589458,38.7158743587715],[-9.1375696147315,38.7159065855225],[-9.13750789597992,38.7159906449997],[-9.13748521711223,38.716029653756],[-9.13734712988341,38.7162671697587],[-9.1372501172226,38.7164757653892],[-9.13719895637054,38.7165892617185],[-9.13716436763886,38.7166661164489],[-9.13713609047033,38.7166943602787],[-9.1369687765537,38.7166978837476],[-9.13688450110534,38.7167226594692],[-9.13649970955001,38.7169469267401],[-9.1363843335282,38.7170170124398],[-9.13620789093167,38.7171246595613],[-9.13621476573852,38.7171318627582],[-9.13664109808753,38.7175767079943],[-9.13670713773565,38.7176856074805],[-9.13672054329464,38.7177077187429],[-9.13670866127836,38.7177788024765],[-9.13641626773822,38.718156308779],[-9.13638231950531,38.7182610006194],[-9.13643212210469,38.7183689367377],[-9.13647208904998,38.7184074977276],[-9.13660625513261,38.7185369670963],[-9.1368825526595,38.7188817386596],[-9.13703269707607,38.719069084923],[-9.13693241095441,38.7194195289624],[-9.13693021187858,38.7194272225454],[-9.13692584696461,38.7194423917346],[-9.13671734349558,38.7201703632497],[-9.13601243549214,38.7200439365395],[-9.13585400860863,38.7200289041488],[-9.13556155667801,38.7200011501476],[-9.13555118832297,38.7200001626126],[-9.13555497562024,38.719966165891],[-9.13557316291147,38.7198039737054],[-9.13557449331641,38.7197920293349],[-9.13526314352714,38.7197849742916],[-9.13515181711062,38.7197824595392],[-9.1351365125131,38.7197821336307],[-9.13512087464063,38.719781797209],[-9.13506899872961,38.7197806330496],[-9.13504383242693,38.7197800562265],[-9.1349902164792,38.7197788794513],[-9.13495003483653,38.7200454693553],[-9.13473802793791,38.720000013326],[-9.13468269351304,38.7199881523926],[-9.13467374449618,38.7199140760078],[-9.13466143757678,38.7198250224819],[-9.1345948292951,38.7195099609261],[-9.13457197256102,38.7194212503289],[-9.13445804192848,38.7191998251982],[-9.13435951201317,38.7190280803005],[-9.13428440566888,38.7189454990614]]]}},{"type":"Feature","properties":{"COD_SIG":"124","NOME":"São Vicente"},"geometry":{"type":"Polygon","coordinates":[[[-9.11548657152423,38.7188637980418],[-9.11548661935952,38.7188637447744],[-9.11548748803041,38.7188628959995],[-9.1172963473646,38.7170864294073],[-9.11729715045848,38.7170856422909],[-9.11784824263074,38.7167060906888],[-9.1195426422247,38.7155390778804],[-9.11994066326922,38.7151591241463],[-9.11994109625719,38.7151593400309],[-9.11994571000448,38.7151616509771],[-9.11995276177946,38.7151651822316],[-9.12006113004378,38.7150578139308],[-9.12006109321283,38.7150577543521],[-9.12006084078625,38.7150573681425],[-9.12006054164725,38.715056906233],[-9.12005891479827,38.7150543990244],[-9.12005410611657,38.715046991649],[-9.12005439806903,38.7150467175874],[-9.1200546963097,38.7150464358155],[-9.12012934091992,38.7149765619659],[-9.12012925378333,38.714976505191],[-9.12012885942294,38.7149762507549],[-9.12012837792593,38.7149759395439],[-9.1200837074018,38.7149469177081],[-9.12008201228087,38.7149458165533],[-9.12006937388314,38.7149376059054],[-9.12006936310334,38.7149375540369],[-9.12006608964245,38.714921143252],[-9.1200660752694,38.7149210535334],[-9.12006606359131,38.7149209694223],[-9.12006603035365,38.7149208061064],[-9.1200655389752,38.7149183430515],[-9.12005921393727,38.7148866015971],[-9.12005662948419,38.7148736260426],[-9.12005660343307,38.7148734970721],[-9.12005607163042,38.7148708321486],[-9.12005506551727,38.7148657770645],[-9.12004908094088,38.7148357549611],[-9.1200482482026,38.714831504539],[-9.12004829042343,38.7148314645861],[-9.12004848984942,38.714831283046],[-9.12006198793487,38.7148184476669],[-9.12010814067922,38.7147745604939],[-9.12010966422193,38.7147759791716],[-9.12011015380378,38.7147764354755],[-9.12011097935551,38.7147771973839],[-9.12011163692232,38.7147778078919],[-9.12011216692834,38.7147782985412],[-9.12015672516304,38.7147377225278],[-9.12015663533153,38.714737662248],[-9.12015657873764,38.7147376265007],[-9.1201562400728,38.7147374064093],[-9.12015614664801,38.7147373468304],[-9.12015575228761,38.7147370909917],[-9.12015209794102,38.7147346931167],[-9.12015096786041,38.7147339515348],[-9.12014948294524,38.7147329765438],[-9.12014930687544,38.7147328531804],[-9.12014961769253,38.7147325559869],[-9.12014976142297,38.714732418605],[-9.12015022046209,38.7147319763193],[-9.12020794979549,38.7146769457302],[-9.12020805310176,38.7146770046083],[-9.12021187363665,38.714679207627],[-9.12021529352293,38.7146811793392],[-9.12021535550669,38.7146812157875],[-9.12022632034307,38.714670489476],[-9.12025781797186,38.7146396731379],[-9.12025774610663,38.7146396177645],[-9.12025738228894,38.7146393387948],[-9.12025694660604,38.7146390051525],[-9.12025447623899,38.7146371007283],[-9.12025272811747,38.7146357528417],[-9.12025248467403,38.7146355656937],[-9.12025279549112,38.7146352692007],[-9.12025291586537,38.7146351563511],[-9.12025334705671,38.7146347477095],[-9.12029631976492,38.7145937153095],[-9.12029642037627,38.7145936185812],[-9.12030816584858,38.7145824044096],[-9.12030864644726,38.7145819445997],[-9.12031213370719,38.7145854471449],[-9.12031296195389,38.7145862756436],[-9.12033653284863,38.7145650241573],[-9.12036008308213,38.7145437894871],[-9.12036027083002,38.7145436212639],[-9.12036018818503,38.7145435504699],[-9.1203598351471,38.7145432553784],[-9.12035939856588,38.714542889493],[-9.1203527878637,38.7145373675664],[-9.12035251567418,38.7145371348576],[-9.12035282469462,38.7145368467754],[-9.12035293249247,38.7145367472433],[-9.12035335110738,38.7145363561243],[-9.12036718875601,38.7145234604123],[-9.12040167507978,38.7144913171494],[-9.12041099150758,38.7144826620593],[-9.12041679372599,38.7144861505906],[-9.1204170704071,38.7144858996575],[-9.12042287442218,38.7144806167438],[-9.12042300737282,38.7144804961838],[-9.12046161157385,38.7144453620293],[-9.12046154869179,38.7144452765157],[-9.12046137711357,38.7144450424048],[-9.12046127650223,38.7144449050223],[-9.12046094412561,38.7144444501182],[-9.12045710203112,38.7144392008461],[-9.12045696009731,38.7144390059873],[-9.12045723767672,38.7144387389326],[-9.12045729067735,38.7144386891665],[-9.12045759520623,38.7144383975792],[-9.12049796190183,38.7143994215992],[-9.12051334016118,38.7143845723663],[-9.12051760895538,38.7143868854403],[-9.12052047637779,38.7143884394055],[-9.12052055812449,38.7143883587983],[-9.12052670080437,38.7143824092916],[-9.12052675021171,38.7143823616282],[-9.12056294423284,38.7143473017244],[-9.12056284721478,38.7143472428461],[-9.12056246273586,38.7143470087348],[-9.12056232888689,38.7143469274267],[-9.12056198123885,38.7143467157453],[-9.1205563227509,38.7143432230015],[-9.12055665153427,38.7143429258064],[-9.12055681053609,38.7143427821154],[-9.12055730101624,38.7143423398273],[-9.12059372949763,38.714308384573],[-9.12061466473532,38.7142888699148],[-9.1206150330446,38.7142885264579],[-9.12061657275699,38.7142895967818],[-9.12061728512102,38.714290093042],[-9.12061762468419,38.7142903264525],[-9.12061917158309,38.7142913911688],[-9.12061924973654,38.7142914444397],[-9.12061954707891,38.714291649813],[-9.12066590733408,38.7142508310006],[-9.12066581390929,38.7142507630101],[-9.1206655920254,38.7142505982908],[-9.12066549590568,38.7142505281976],[-9.12066543482024,38.7142504833378],[-9.12066496589966,38.7142501363761],[-9.12066125765417,38.7142474090464],[-9.12065978621373,38.7142463247032],[-9.1206599604869,38.71424614947],[-9.12066008894598,38.7142460204983],[-9.12066021111685,38.7142458978351],[-9.12066063601998,38.7142454709669],[-9.12066072674982,38.7142453784438],[-9.12069256843341,38.7142135504758],[-9.12069376229442,38.7142123567865],[-9.1207154611001,38.7141906664047],[-9.12071584468073,38.7141902808913],[-9.12071653368854,38.7141907042552],[-9.12072139447253,38.7141936944371],[-9.12072248143405,38.7141943547164],[-9.12072256946893,38.7141942720063],[-9.12074558700146,38.7141727589552],[-9.12076652583241,38.7141531860824],[-9.1207667351399,38.7141529905219],[-9.12076665608815,38.7141529267369],[-9.12076629406709,38.7141526428587],[-9.12076585209595,38.7141522951956],[-9.12076002023313,38.7141476767426],[-9.12075979565432,38.7141475001072],[-9.12076011096297,38.7141472085188],[-9.12076022774396,38.714147100575],[-9.1207606589353,38.7141467003417],[-9.1208197626911,38.7140921634608],[-9.12082482379941,38.7140956779458],[-9.1208303250822,38.7140905744425],[-9.12083047150759,38.7140904377602],[-9.1208700961948,38.7140536695351],[-9.12086998839694,38.714053595236],[-9.12086977280127,38.7140534557501],[-9.12086970902091,38.7140534150958],[-9.12086957786687,38.7140533316846],[-9.12086913140418,38.7140530471051],[-9.12086439548598,38.7140499952349],[-9.12086133762076,38.7140480235053],[-9.12086140319778,38.7140479660286],[-9.12086166730246,38.7140477284117],[-9.1208617804902,38.7140476267762],[-9.12086182450765,38.7140475882248],[-9.12086230330971,38.7140471599536],[-9.12092083933024,38.7139943501014],[-9.12092110523158,38.7139941103815],[-9.12092461315275,38.713996415057],[-9.12092880918345,38.7139991704337],[-9.12097334496029,38.7139579897715],[-9.12097325962033,38.7139579280892],[-9.12097320122985,38.7139578874349],[-9.12097288053129,38.7139576589298],[-9.12097241610229,38.71395732949],[-9.12096615843801,38.7139529149967],[-9.12096642074606,38.713952661258],[-9.1209664701534,38.7139526135943],[-9.12096660040915,38.7139524874259],[-9.12096704507521,38.7139520584532],[-9.12098836569015,38.7139314495367],[-9.12099827590437,38.7139218691432],[-9.12100367388089,38.7139166506739],[-9.12102379614327,38.713897200395],[-9.12102392370403,38.7138972753951],[-9.12102581465772,38.7138983912857],[-9.12102909710175,38.7139003223652],[-9.12103086408794,38.7138987571745],[-9.12107351519929,38.713860945857],[-9.12107342716441,38.7138608771652],[-9.12107259891772,38.7138602421166],[-9.12107096308558,38.7138589846362],[-9.12106884575645,38.7138573556593],[-9.12106916825164,38.7138570682753],[-9.12106973958016,38.7138565572924],[-9.12115278613323,38.7137823483837],[-9.1211528786597,38.7137822670749],[-9.12115618356165,38.7137793133245],[-9.12117509938657,38.7137624109165],[-9.12117502392808,38.7137623317105],[-9.12117463316094,38.7137620674571],[-9.12117447415915,38.7137619574098],[-9.12117415346059,38.7137617380163],[-9.12117352733481,38.7137613062387],[-9.12116849137935,38.713757829588],[-9.12116821020666,38.7137576354282],[-9.12116852192205,38.7137573326231],[-9.12116865936431,38.7137571973422],[-9.121169105827,38.7137567634618],[-9.12122570328316,38.7137014538494],[-9.12122605093117,38.7137017356265],[-9.12122647852926,38.7137020832919],[-9.1212291680852,38.7137042695182],[-9.12123221786561,38.7137067494375],[-9.12123228434093,38.7137068027088],[-9.1212323651893,38.7137067221009],[-9.12127553732354,38.7136642529451],[-9.12127546186505,38.7136642017766],[-9.12127507828442,38.7136639417283],[-9.12127499114784,38.7136638828495],[-9.12127462194027,38.7136636312125],[-9.12127253066229,38.7136622125128],[-9.12127069720078,38.7136609669449],[-9.12126853854915,38.7136595019831],[-9.12126884307804,38.7136591921682],[-9.12126898141859,38.7136590610927],[-9.12126943596612,38.7136586286136],[-9.12129279935003,38.7136363794155],[-9.12132717607932,38.7136036427592],[-9.12132735664071,38.7136034710291],[-9.12133492315036,38.7136077488608],[-9.1213350022021,38.7136076710566],[-9.12137799646992,38.7135663079245],[-9.12137791382488,38.713566256055],[-9.12137751856616,38.7135660058195],[-9.12137704425569,38.7135657037146],[-9.12137367467508,38.7135635637461],[-9.1213706069284,38.7135616144331],[-9.12137092133875,38.7135613102253],[-9.12137107225569,38.7135611651308],[-9.12137153398977,38.7135607165295],[-9.12143014816371,38.7135038836224],[-9.12143315392666,38.7135062443889],[-9.12143635192906,38.7135087551564],[-9.12143643726902,38.713508818942],[-9.12144602588637,38.7135000158345],[-9.12148002173,38.7134687994557],[-9.12147995076309,38.7134687237541],[-9.12147963725104,38.7134683929101],[-9.12147955999592,38.7134683116011],[-9.12147925187379,38.7134679863647],[-9.12147600985393,38.7134645426438],[-9.12147489145141,38.7134633552505],[-9.12147481778955,38.7134632767452],[-9.12147511872517,38.7134629914624],[-9.12147518699712,38.7134629269758],[-9.1214755553064,38.7134625772065],[-9.12149767632025,38.713441516042],[-9.12153157604415,38.7134092426185],[-9.12153171707963,38.7134091080378],[-9.12153844905438,38.7134133592455],[-9.12153850205497,38.7134133928906],[-9.12153858290335,38.7134133178899],[-9.12154356765488,38.7134086306969],[-9.12154363592682,38.7134085662103],[-9.12158209729571,38.7133724074536],[-9.12158201734567,38.7133723471726],[-9.12158164544314,38.7133720731045],[-9.12158119269224,38.7133717394563],[-9.12157421188416,38.7133666008543],[-9.1215744373613,38.7133663905719],[-9.12157452809114,38.7133663057579],[-9.12157467002494,38.7133661725791],[-9.12157509762303,38.7133657737433],[-9.12160793643656,38.7133349512352],[-9.12160837750937,38.7133345362776],[-9.12163349440471,38.7133109643011],[-9.12163371000038,38.7133107617288],[-9.12163674720433,38.7133131021743],[-9.12163814767788,38.7133141802231],[-9.12164142652865,38.7133167050163],[-9.12164154690289,38.7133165837533],[-9.12165466410268,38.7133034270707],[-9.12166693059788,38.7132911255352],[-9.12166700875132,38.7132910470297],[-9.12166713900704,38.7132909173553],[-9.12168453308587,38.7132734694986],[-9.12168458698479,38.713273416928],[-9.12168452050948,38.7132733601516],[-9.12168439654197,38.7132732564122],[-9.12168400307988,38.7132729255673],[-9.12168376143306,38.7132727215931],[-9.1216810781653,38.7132704463339],[-9.12168021488432,38.71326971455],[-9.12167717678204,38.7132671385864],[-9.12167749029406,38.7132668497981],[-9.12167759719358,38.713266752367],[-9.12167766546552,38.7132666892823],[-9.12167801580849,38.7132663654468],[-9.12170742126101,38.7132393118652],[-9.12173564453059,38.713213344034],[-9.12174227140244,38.7132178896493],[-9.12176953347469,38.7131926150432],[-9.12178693204511,38.7131764821322],[-9.12178684760348,38.7131764204492],[-9.12178675148376,38.7131763496539],[-9.1217864712094,38.7131761435766],[-9.12178601576353,38.7131758071238],[-9.12177959101263,38.7131710764567],[-9.12177989913476,38.7131707743501],[-9.12178002220397,38.7131706537878],[-9.1217804542936,38.713170230418],[-9.12178828311131,38.7131625803209],[-9.12182304970944,38.7131286125902],[-9.12183545544352,38.7131164890644],[-9.12183561983519,38.7131163299501],[-9.12183985090019,38.7131198599038],[-9.12184131784905,38.71312108235],[-9.12184140588396,38.7131210010405],[-9.12188809582084,38.7130773406323],[-9.12188801137921,38.7130772817529],[-9.12188762959521,38.713077016095],[-9.12188716516621,38.7130766908569],[-9.12188118238641,38.7130725118265],[-9.12188103775764,38.7130724101895],[-9.12188135216799,38.7130721101853],[-9.12188149949172,38.7130719692955],[-9.12188193427631,38.7130715550374],[-9.12191142506876,38.7130433672535],[-9.12193930697857,38.7130167166307],[-9.12193943813258,38.7130168224734],[-9.12194634168554,38.7130224132101],[-9.12194638570299,38.7130223697515],[-9.12198522077105,38.7129844437164],[-9.12198528904299,38.7129843750237],[-9.12198913203578,38.7129806235646],[-9.12198905837395,38.7129805681899],[-9.12198873677706,38.7129803298686],[-9.12198868736971,38.7129802927185],[-9.12198825078849,38.7129799646761],[-9.12198604003457,38.7129783125479],[-9.12198211529512,38.7129753776898],[-9.12198243329872,38.7129750839937],[-9.12198255816455,38.7129749683377],[-9.12198263631796,38.7129748968413],[-9.12198300193229,38.7129745582847],[-9.122001298818,38.7129576872289],[-9.12204164844563,38.7129204747224],[-9.12204539442036,38.7129233044409],[-9.12204798067006,38.7129252586779],[-9.12209187325314,38.712883556594],[-9.12209196667794,38.7128834675738],[-9.12209187864306,38.7128834171056],[-9.12209146541803,38.712883178083],[-9.1220911123801,38.7128829727057],[-9.12209097134459,38.7128828920969],[-9.12209018531873,38.7128824371828],[-9.1220843875919,38.7128790824539],[-9.12208471098539,38.7128787775423],[-9.12208487537709,38.7128786233341],[-9.12208536316228,38.7128781628123],[-9.12214307632603,38.7128238976319],[-9.12214345182182,38.7128235443547],[-9.12215001311666,38.7128290341701],[-9.12215046586756,38.7128294119804],[-9.12216026828395,38.7128195335368],[-9.1221696520854,38.7128100805666],[-9.12216998895364,38.7128097385045],[-9.12217021802402,38.7128095075424],[-9.12221701396214,38.7128429809069],[-9.12226987352837,38.7128743307388],[-9.12246300233132,38.7129892543036],[-9.12255666247946,38.7130445791868],[-9.12280202112965,38.7131868042236],[-9.12298704443379,38.7132725204226],[-9.12299644709984,38.7132790167568],[-9.12304554811496,38.7133129199294],[-9.12354492607298,38.7136580054791],[-9.12361016262723,38.7137030316613],[-9.1236322189624,38.7137183380474],[-9.12362066842449,38.713481530637],[-9.12362001804422,38.7134677543533],[-9.12362296541666,38.7131901988919],[-9.12364129104845,38.7132017532393],[-9.12435875480466,38.7136536190049],[-9.12467604515289,38.7134268096021],[-9.12489659053829,38.713661570453],[-9.12490884445706,38.7136497561316],[-9.12495672106846,38.7136034093464],[-9.12499984469366,38.7135625081311],[-9.12509884891944,38.7134887033596],[-9.12520483844487,38.7134211445973],[-9.1254434175096,38.7132975111189],[-9.1257021529727,38.7131349722534],[-9.12584117894099,38.7130455128451],[-9.12596759346103,38.7131246073969],[-9.12603199637871,38.7130429887434],[-9.12614209210331,38.7131060078485],[-9.12615917356842,38.7130941520796],[-9.12620936873157,38.7130658009845],[-9.12625508938627,38.7130464955695],[-9.12628494130145,38.7130435389849],[-9.12632300202174,38.7130522229881],[-9.12635186668844,38.7130609854959],[-9.12639924832811,38.7130785974255],[-9.1264235270953,38.7130882998963],[-9.12647447055507,38.7131139887972],[-9.12654513562857,38.7131441041484],[-9.12662957187538,38.7131806772782],[-9.12672213518057,38.7132229469526],[-9.12675997222034,38.7132403702887],[-9.12700472899928,38.7134960891674],[-9.12708924609446,38.713596437104],[-9.1272089466061,38.7137383715554],[-9.12748203984234,38.7136165113006],[-9.12749997919858,38.7136085219967],[-9.12751703012098,38.7136027013978],[-9.1278691427629,38.7134833201378],[-9.12788676501383,38.7134773151814],[-9.12821781216232,38.7139689313771],[-9.12823753377606,38.7139982185636],[-9.1282937359735,38.7139636897805],[-9.12837203133705,38.7139056424714],[-9.12859030488309,38.7137440729838],[-9.12869989395786,38.7134393045738],[-9.1287760378563,38.7131767982577],[-9.1288177160922,38.7130899681436],[-9.12898959704374,38.7128747464],[-9.12901988015029,38.7128283675697],[-9.12907117395299,38.7128213545968],[-9.12920170365537,38.7128323110962],[-9.12926048311934,38.7128427089396],[-9.12932986719526,38.7128549979352],[-9.12947809640365,38.7129234530414],[-9.13022532044689,38.7132725218245],[-9.13034771320939,38.7132522905201],[-9.13043281690448,38.7131962557422],[-9.13047813241896,38.7131478570009],[-9.13059292812915,38.7130195961125],[-9.13058890726994,38.7131685299291],[-9.13057155092032,38.7132431726577],[-9.13058237741614,38.7133354096511],[-9.13059934479521,38.7134806509568],[-9.13067146334286,38.7140197821345],[-9.13071731874483,38.7141092886879],[-9.13072586172319,38.7141283120404],[-9.130807377547,38.7143100233527],[-9.13095724168925,38.7145038518881],[-9.13105007179407,38.7144741436496],[-9.13106754941623,38.7144742649106],[-9.13107502250108,38.714474290845],[-9.13110192884048,38.7144744212181],[-9.1311536700042,38.7144746994876],[-9.1312017343635,38.7144915842039],[-9.13120628253377,38.7145044259501],[-9.1312256672793,38.7145672250768],[-9.13125079495441,38.7146047528451],[-9.13139992427473,38.714828222798],[-9.13140786538183,38.714837072704],[-9.13158527276898,38.7150270615438],[-9.13167598374805,38.7151258225415],[-9.13175513610437,38.7152118903816],[-9.13182515888245,38.7152781297166],[-9.1318831828633,38.7153331212922],[-9.13189996518944,38.7153493721722],[-9.13198120343382,38.7154283064675],[-9.13199769111255,38.7154398751725],[-9.13225534680067,38.7156210700776],[-9.13227192700586,38.7156557880092],[-9.13230414238857,38.7157233411549],[-9.13232712129356,38.7157716967982],[-9.13235483611671,38.7158298302066],[-9.13247995885936,38.7164749782662],[-9.13250222090873,38.716686200998],[-9.13255186989617,38.716890793227],[-9.132632040942,38.7170414382989],[-9.13290316956276,38.7172895338753],[-9.13292093105257,38.7173017225782],[-9.13338363798405,38.7176172662753],[-9.13340805509179,38.7176366945151],[-9.13344549507618,38.717666549329],[-9.13349642146797,38.7177070984473],[-9.13363118133701,38.7178144880009],[-9.13366943339842,38.7178448768244],[-9.13389527075918,38.7180438151163],[-9.134038269976,38.7181648253481],[-9.13405193065649,38.7181879485535],[-9.13405722981837,38.7181969108875],[-9.13406052753378,38.7182024675761],[-9.1340674751042,38.718214208252],[-9.13410680694058,38.7182807090414],[-9.13410954320894,38.7182872609919],[-9.13421447092571,38.7185389401039],[-9.13425191180843,38.7188238957984],[-9.13426500116044,38.718871975297],[-9.13428295758466,38.7189391994906],[-9.13428440566888,38.7189454990614],[-9.13427546024528,38.7189461116365],[-9.13386964901063,38.718974079117],[-9.13385862937704,38.7189748178513],[-9.13384891409726,38.7189643438025],[-9.1338380390924,38.718952577317],[-9.13373275115123,38.7188391422134],[-9.13362958503073,38.7187279799126],[-9.13361871272087,38.7187162666558],[-9.13337603284686,38.7189333001256],[-9.13337768125539,38.7189439991637],[-9.13337942398703,38.7189550619604],[-9.13338146406104,38.7189682890932],[-9.13339231211642,38.7190379908278],[-9.13339814487757,38.7191922444331],[-9.13338252586971,38.7193990169422],[-9.13331728123062,38.719519019115],[-9.13308360517072,38.7198296272514],[-9.1330511364631,38.719872987064],[-9.13301256999131,38.7199302221164],[-9.13294660490338,38.7199821311617],[-9.13284511234425,38.7200424513832],[-9.13272986118823,38.7201055918765],[-9.13237843306257,38.7203004658179],[-9.13207612571495,38.720472398295],[-9.13198494132374,38.7205299279342],[-9.13192924667443,38.7205763438196],[-9.13187857720082,38.7206533435479],[-9.13184499009068,38.7207184865863],[-9.13179520006775,38.7208585334749],[-9.13157533919858,38.7215837389847],[-9.13144629441137,38.721977581793],[-9.1314404131412,38.7220505949425],[-9.13144833987529,38.722124390873],[-9.13145701580429,38.7221693556534],[-9.13147600079952,38.7222115303026],[-9.13150548440545,38.7222644237928],[-9.13153352980863,38.7222966119189],[-9.131578984562,38.7223403620117],[-9.13166148044781,38.7224018100176],[-9.13210610788588,38.7227051721526],[-9.13238354357822,38.722892863022],[-9.13170273647554,38.7233205059311],[-9.1316119042239,38.723192577276],[-9.13107620827725,38.72241059661],[-9.13067843965935,38.7218302012118],[-9.13066200767618,38.721806200308],[-9.13064780351491,38.7217853336374],[-9.1306101290702,38.7217304374371],[-9.13059168126751,38.7217103276729],[-9.13057697674462,38.7216947797999],[-9.13052113028007,38.7216560727021],[-9.13050502618197,38.7216473827357],[-9.1304627397866,38.7216245942593],[-9.13012000106465,38.7214615977435],[-9.13006714419334,38.7214476365685],[-9.13002017308377,38.7214352460235],[-9.1296616096398,38.7213992132774],[-9.12935501014175,38.721751243149],[-9.12932601072775,38.7218240035197],[-9.12914955735142,38.7222659004927],[-9.12909932805232,38.7224575642463],[-9.12877682028891,38.7224349140961],[-9.12875023195312,38.7224329790421],[-9.12870847825873,38.7228705732458],[-9.12870196367628,38.7229396284973],[-9.1286731538068,38.7232412747839],[-9.12843894504592,38.7232345354612],[-9.12829408362151,38.7232445084812],[-9.12814615624704,38.7232820709407],[-9.12811636451897,38.7232896211357],[-9.1280797024756,38.723307589377],[-9.12791695379726,38.7233874343894],[-9.12786789769793,38.7234071294834],[-9.12782821731517,38.7234230505331],[-9.12775075019834,38.7234586610524],[-9.12757473250494,38.7236347321054],[-9.1274550840956,38.7238541005504],[-9.12715404516919,38.7236470535867],[-9.12646443816998,38.7231728106366],[-9.12566283640764,38.7230882017332],[-9.12534132218095,38.723054364171],[-9.12528351289747,38.723048189713],[-9.12393296863131,38.7229057207799],[-9.12333943375682,38.7228829242945],[-9.12293101201793,38.7228672021654],[-9.12234541555559,38.7228446937165],[-9.12166247764903,38.7228009376248],[-9.12152458265965,38.7228240852616],[-9.12136217084955,38.7226204428499],[-9.1212745294138,38.7225104792807],[-9.12109925372883,38.7223577501852],[-9.11976627242479,38.7214934694417],[-9.11929882688019,38.7211904343726],[-9.11920473284575,38.7211293462708],[-9.11904962883048,38.721038146805],[-9.11718724158344,38.7199423935479],[-9.11623889193465,38.7193409179766],[-9.11548657152423,38.7188637980418]]]}},{"type":"Feature","properties":{"COD_SIG":"119","NOME":"Penha de França"},"geometry":{"type":"Polygon","coordinates":[[[-9.11007146104024,38.7241520313507],[-9.11137674159471,38.722880766383],[-9.11224687942331,38.7220304200887],[-9.1134396534744,38.7208631388786],[-9.1135249395275,38.7207798757121],[-9.11449381837549,38.7198339740975],[-9.1153500448936,38.7189972167792],[-9.1154865739946,38.7188638004949],[-9.11623889193465,38.7193409179766],[-9.11718724158344,38.7199423935479],[-9.11904962883048,38.721038146805],[-9.11920473284575,38.7211293462708],[-9.11929882688019,38.7211904343726],[-9.11976627242479,38.7214934694417],[-9.12109925372883,38.7223577501852],[-9.1212745294138,38.7225104792807],[-9.12136217084955,38.7226204428499],[-9.12152458265965,38.7228240852616],[-9.12166247764903,38.7228009376248],[-9.12234541555559,38.7228446937165],[-9.12293101201793,38.7228672021654],[-9.12333943375682,38.7228829242945],[-9.12393296863131,38.7229057207799],[-9.12528351289747,38.723048189713],[-9.12534132218095,38.723054364171],[-9.12566283640764,38.7230882017332],[-9.12646443816998,38.7231728106366],[-9.12715404516919,38.7236470535867],[-9.1274550840956,38.7238541005504],[-9.12757473250494,38.7236347321054],[-9.12775075019834,38.7234586610524],[-9.12782821731517,38.7234230505331],[-9.12786789769793,38.7234071294834],[-9.12791695379726,38.7233874343894],[-9.1280797024756,38.723307589377],[-9.12811636451897,38.7232896211357],[-9.12814615624704,38.7232820709407],[-9.12829408362151,38.7232445084812],[-9.12843894504592,38.7232345354612],[-9.1286731538068,38.7232412747839],[-9.12870196367628,38.7229396284973],[-9.12870847825873,38.7228705732458],[-9.12875023195312,38.7224329790421],[-9.12877682028891,38.7224349140961],[-9.12909932805232,38.7224575642463],[-9.12914955735142,38.7222659004927],[-9.12932601072775,38.7218240035197],[-9.12935501014175,38.721751243149],[-9.1296616096398,38.7213992132774],[-9.13002017308377,38.7214352460235],[-9.13006714419334,38.7214476365685],[-9.13012000106465,38.7214615977435],[-9.1304627397866,38.7216245942593],[-9.13050502618197,38.7216473827357],[-9.13052113028007,38.7216560727021],[-9.13057697674462,38.7216947797999],[-9.13059168126751,38.7217103276729],[-9.1306101290702,38.7217304374371],[-9.13064780351491,38.7217853336374],[-9.13066200767618,38.721806200308],[-9.13067843965935,38.7218302012118],[-9.13107620827725,38.72241059661],[-9.1316119042239,38.723192577276],[-9.13170273647554,38.7233205059311],[-9.13176523676143,38.7235841853455],[-9.13085821500558,38.7250376902093],[-9.13046766345266,38.7256788712009],[-9.130372087198,38.7259588394374],[-9.13030134576768,38.7261634709978],[-9.13026085959616,38.7263108054986],[-9.13024256181211,38.7263774620434],[-9.1302237474968,38.7264458985917],[-9.13033313175571,38.7268195999682],[-9.13045714507901,38.7271866900894],[-9.13051078797618,38.7273724237549],[-9.13055874633426,38.7275627997529],[-9.13059042721939,38.7278064605836],[-9.1306109752832,38.7278053021614],[-9.13096398444376,38.7277855276876],[-9.13097270618685,38.7278006782834],[-9.13097597695281,38.7278063176204],[-9.13100464668511,38.7278561570902],[-9.13111559850415,38.7280946366286],[-9.13116201445487,38.7281741392088],[-9.13122712165174,38.7282141392482],[-9.13128376851524,38.728230027691],[-9.13136614851836,38.7282413938963],[-9.13143007802386,38.7282408472757],[-9.13162131766975,38.7282079547241],[-9.13176281939501,38.7281955751625],[-9.13189872820928,38.7281944125418],[-9.1320406332781,38.7282109436188],[-9.13207510792374,38.7282240863445],[-9.13215705224397,38.7282553467359],[-9.13227838679106,38.7283225025349],[-9.13229728015811,38.728332965401],[-9.13248040891531,38.7284688570791],[-9.13261216930961,38.7285742016668],[-9.13268396536206,38.72858520761],[-9.13269422142766,38.7285867409434],[-9.13270210863587,38.72858296087],[-9.13274775293376,38.7285609629969],[-9.13279285734419,38.7285392335207],[-9.13280289422086,38.7285380085351],[-9.1329504982018,38.7287468752954],[-9.13297992790884,38.7287885015484],[-9.13305242913878,38.7290157976033],[-9.13305505401603,38.7290240872245],[-9.13305703300461,38.7290303403551],[-9.13308923131934,38.7291312866772],[-9.13299624760261,38.729405557325],[-9.13299051096121,38.7294570439224],[-9.13296884988474,38.7296509147709],[-9.13286520945378,38.7302174925104],[-9.13296450473371,38.7301634962787],[-9.13305353855817,38.7301158931972],[-9.13306017800641,38.7301123108239],[-9.13306643836565,38.7301089330773],[-9.13311289114729,38.7300838571584],[-9.13305808223688,38.730194212019],[-9.13294006337148,38.7304318456271],[-9.13286897339485,38.7305778629832],[-9.13217327671632,38.7320490956138],[-9.13173342921384,38.7329754626205],[-9.13172427538112,38.7329948341285],[-9.13144320420682,38.7336716360313],[-9.13128335439188,38.7338289286931],[-9.13126088123842,38.7342786059754],[-9.13123803438581,38.7347361321284],[-9.13123134193693,38.7350898404043],[-9.1312057785789,38.735747354006],[-9.13116815623649,38.736786185734],[-9.13117614405598,38.7370044669384],[-9.13118378602412,38.7372227593876],[-9.1297675794023,38.7373092609784],[-9.12916075035986,38.7373463234469],[-9.12914247054215,38.7373480920297],[-9.12913353500002,38.7373489405849],[-9.12912034324008,38.7373501948492],[-9.12904462963465,38.7373574934054],[-9.12888673994371,38.7373667686528],[-9.1288652450556,38.7373680320259],[-9.12858183197333,38.7373573995108],[-9.12857229366165,38.7373570519605],[-9.12822942558233,38.737440815032],[-9.12774998752867,38.7375589587671],[-9.12746671458359,38.7376085784189],[-9.1270970533526,38.7376733360277],[-9.1270493096919,38.7376883373788],[-9.12655680923569,38.7378431252969],[-9.12647422351836,38.7378690673616],[-9.12640197022342,38.7377428492452],[-9.12601713554896,38.7370703581414],[-9.12572426590172,38.7364108652854],[-9.12529451815801,38.7359157576247],[-9.12452269375072,38.735292309997],[-9.12443348655146,38.7352202850904],[-9.12328528510811,38.7342824102733],[-9.12291571640359,38.7339455010377],[-9.1223651479491,38.7335013098859],[-9.12205004679522,38.733327156562],[-9.12168317842644,38.7331851488949],[-9.12158737849128,38.7331600179959],[-9.12097980115223,38.7330006797764],[-9.12032825666993,38.7327885641575],[-9.11949505307423,38.7328633482678],[-9.1188749235757,38.7328861534816],[-9.11885802626523,38.7328867463162],[-9.11858873739419,38.7328652395928],[-9.11717390878802,38.7327523304151],[-9.11721390717434,38.7326502049381],[-9.11724743858897,38.7325796608617],[-9.11726358580619,38.732499355215],[-9.11726171820869,38.7324471259083],[-9.11725269193673,38.7323760399476],[-9.11724597702999,38.7323058361677],[-9.11722280498723,38.7322096475643],[-9.11720717609792,38.7321602364912],[-9.11717499035959,38.7320776360913],[-9.11712701583186,38.7319339153864],[-9.1170946818715,38.7318405068992],[-9.11700236739965,38.7315665469276],[-9.11694717311199,38.7313994673109],[-9.11688501688082,38.7312279416419],[-9.11682232884704,38.7311014602142],[-9.11676625690531,38.7310379769506],[-9.11671714690706,38.7309789393078],[-9.11654292225096,38.7307696249736],[-9.11636496599319,38.7305396239084],[-9.11604090504263,38.7301379025047],[-9.11596130532533,38.730035884013],[-9.11557627122488,38.7295482004072],[-9.11555990212377,38.7295285210216],[-9.11535154867341,38.7292618417561],[-9.11526377967687,38.7291508834794],[-9.11519224413584,38.7290496975156],[-9.11514045356478,38.7289627570397],[-9.11509185380958,38.7288568741178],[-9.11505362690099,38.7287527051728],[-9.11499594158501,38.7285712324094],[-9.11494617581661,38.7284138342641],[-9.11478077890479,38.7278911507993],[-9.11473654316526,38.7277511814664],[-9.1146701828186,38.7275407763368],[-9.11461017535763,38.727357521153],[-9.11454657014391,38.7271634878014],[-9.11449253378464,38.7269963964853],[-9.11443603873642,38.7268176159763],[-9.11441564069126,38.7267556335455],[-9.11437613009012,38.7266415667825],[-9.11434765978381,38.7265778503902],[-9.11430818062371,38.7265206220637],[-9.11423670167656,38.7264526740538],[-9.11416820962773,38.7264055079098],[-9.1138060107018,38.7262059663657],[-9.11353882299021,38.7260587718122],[-9.11326342737187,38.7259083125429],[-9.11317641835008,38.72586076129],[-9.11311493405877,38.7258213731499],[-9.1130884741821,38.7258037601554],[-9.11289281841825,38.7256736185491],[-9.11283967049278,38.7256888375723],[-9.11282409190914,38.7256932919883],[-9.11280290154988,38.725699324652],[-9.11269671888667,38.7257296715777],[-9.11267794679219,38.7257191999204],[-9.11235836753661,38.7255412754235],[-9.11141127013928,38.7249666830777],[-9.11136894781129,38.7249410054451],[-9.11009558679439,38.724168533928],[-9.11007146104024,38.7241520313507]]]}},{"type":"Feature","properties":{"COD_SIG":"115","NOME":"Marvila"},"geometry":{"type":"Polygon","coordinates":[[[-9.10309463310294,38.7557481855467],[-9.10307176738569,38.7557410773117],[-9.10300079239342,38.7557244629392],[-9.10298636634826,38.7557210695913],[-9.10286922873014,38.7556936685114],[-9.10271031585807,38.7556565258983],[-9.10098861825925,38.7551457574903],[-9.10065537383156,38.7550454728116],[-9.10050706018155,38.7550008523715],[-9.10037087468614,38.7549598256403],[-9.09932679517077,38.7546457274557],[-9.09887666285663,38.7545102841881],[-9.09712096222767,38.7539819043334],[-9.09600198837042,38.7536482173744],[-9.09589052990156,38.7536149077889],[-9.09463094724446,38.7532393108029],[-9.09463082192947,38.7532392761256],[-9.09463085471799,38.75323916719],[-9.09465082965665,38.7531657760953],[-9.09467506440638,38.7530767444038],[-9.09469800019221,38.7529924742587],[-9.09524152854981,38.7509955143128],[-9.09531949602826,38.7507090510925],[-9.09534881524253,38.7506013305696],[-9.09544219960786,38.750258233736],[-9.09544228045623,38.750257938792],[-9.09543739541771,38.7502571779625],[-9.09498567398384,38.7501869013844],[-9.09335804077505,38.7499336635693],[-9.09335790512946,38.7499336418512],[-9.09333701031593,38.7500137681619],[-9.09333311432256,38.7500287066707],[-9.09333301550788,38.7500290856854],[-9.09325737466601,38.7500165725916],[-9.0931636345678,38.7500010645071],[-9.09316299047574,38.750000957318],[-9.09322221191086,38.7497798693651],[-9.09322234575983,38.7497798917839],[-9.0932835524717,38.7497896677367],[-9.09328383364439,38.7497897111729],[-9.09339277683048,38.7498071122815],[-9.09337770759157,38.7498612772157],[-9.09337133763789,38.7498842724646],[-9.09345467704174,38.7498980914686],[-9.09361057786268,38.749923941581],[-9.09361062277843,38.7499237545254],[-9.09361066859252,38.7499235604639],[-9.09361399774896,38.749909430406],[-9.09361696488434,38.7498968367242],[-9.09361711310636,38.7498968535382],[-9.09370197425633,38.7499104532573],[-9.09369448230684,38.7499393298827],[-9.09385751844609,38.7499667233634],[-9.09385952977399,38.7499670617447],[-9.09432448968022,38.7500451808514],[-9.09432455795217,38.7500449314443],[-9.09432459388479,38.7500448018367],[-9.09452508707644,38.7493113485666],[-9.09452521823045,38.7493113709855],[-9.09452533950302,38.7493113913026],[-9.09463451535277,38.7493301005269],[-9.09469680812782,38.7493407760971],[-9.0946967425508,38.7493410072914],[-9.09455916466673,38.7498249841782],[-9.0945183209657,38.7499686639769],[-9.09453977093806,38.7499727876051],[-9.09455343970343,38.7499754175915],[-9.09454941345434,38.749991431502],[-9.09454668437249,38.75000228352],[-9.0950266308726,38.7500828265996],[-9.09503811493519,38.7500847531982],[-9.09546750065784,38.7501568107528],[-9.09547648650564,38.7501583177017],[-9.09547658442199,38.7501579576033],[-9.09548855357485,38.7501146007585],[-9.09549094039857,38.7501059562887],[-9.09549097902611,38.7501058140707],[-9.09558547281086,38.7497635037138],[-9.09559539021158,38.7497275749307],[-9.09633759177405,38.7470387624101],[-9.09669009428482,38.7457616628618],[-9.09678981536617,38.7454066173945],[-9.09678954138002,38.7454065711531],[-9.09675251372233,38.7454003278636],[-9.09664230660662,38.7453817465249],[-9.09664219252059,38.7453817227035],[-9.09664207753623,38.7453817065891],[-9.09573044472804,38.745227988056],[-9.09573035669312,38.7452279726421],[-9.09571051470514,38.7452783618605],[-9.09571036917807,38.7452787345949],[-9.09565763807089,38.7452694218405],[-9.09564473017856,38.7452671419951],[-9.09569546612749,38.7450984955887],[-9.09569558740007,38.7450985166076],[-9.09576512508789,38.745111378076],[-9.09575917554577,38.7451275584262],[-9.09574687401626,38.7451610106967],[-9.09666072386658,38.7453167948257],[-9.09666098707297,38.7453168396659],[-9.09666106522641,38.7453168557803],[-9.09666112092193,38.7453168655891],[-9.09666120805852,38.7453168774998],[-9.09674398601532,38.7453309902504],[-9.09674411537274,38.7453310119699],[-9.09674419532278,38.7453310259824],[-9.09676312552078,38.7453342530748],[-9.09676899331622,38.7453352528708],[-9.09680662104851,38.7453416671192],[-9.0968067261514,38.7453412845764],[-9.09698165418836,38.7447088768463],[-9.09708264458925,38.7443437663892],[-9.09708241192556,38.7443437201472],[-9.09705724652121,38.7443387904605],[-9.09703256261383,38.7443339539582],[-9.09699254715949,38.744326114522],[-9.09689892563889,38.7443077732226],[-9.09689887084167,38.7443077606111],[-9.09689881155286,38.7443077508021],[-9.09681271611771,38.7442908815388],[-9.09678385055268,38.744285224586],[-9.09674155607247,38.7442769388378],[-9.09674145186791,38.7442769185192],[-9.09674134227346,38.7442772275007],[-9.09673241032459,38.7443029374189],[-9.09672900840458,38.7443127302363],[-9.09672681112541,38.7443190506911],[-9.09672667997137,38.7443194283349],[-9.09666925247189,38.7443069156416],[-9.09666789242255,38.7443066178705],[-9.0966778448576,38.7442767938057],[-9.09667801913077,38.7442762753333],[-9.09672079690458,38.7441480871322],[-9.09672090649906,38.7441481074508],[-9.0967823279083,38.7441596946271],[-9.09677414156108,38.7441829222228],[-9.09677410113692,38.7441830350257],[-9.09677077198047,38.7441924789413],[-9.09683921013037,38.7442051184703],[-9.0969222701582,38.744220456858],[-9.09692233932848,38.7442204715714],[-9.09700697859453,38.7442361056253],[-9.09708290510067,38.7442501282071],[-9.09710731322524,38.7442546368162],[-9.09710741293825,38.744254268981],[-9.09740457743085,38.7431736043368],[-9.09740467894049,38.7431732357953],[-9.09739493940619,38.7431719094665],[-9.09733162075508,38.7431632977872],[-9.09727257808469,38.7431552676458],[-9.09727250891441,38.7431552578367],[-9.09727243974413,38.743155249429],[-9.09727221157207,38.7431552178997],[-9.09717196677287,38.7431415769569],[-9.0971717098547,38.7431415419244],[-9.09717158948046,38.7431415265101],[-9.09716529498526,38.7431620352173],[-9.0971593732909,38.7431813289931],[-9.09715925920486,38.7431817038403],[-9.09715889808213,38.743181650591],[-9.09708433432029,38.7431706665149],[-9.09708897861031,38.7431512424154],[-9.09708899657662,38.7431511681466],[-9.09709032877818,38.7431455937801],[-9.09709037818553,38.7431453856872],[-9.09705709470593,38.7431400705605],[-9.09705942044419,38.7431300449666],[-9.09709113636361,38.7429943416286],[-9.09709117319456,38.7429941832816],[-9.09709132051825,38.7429942057024],[-9.09712309662481,38.7429990226771],[-9.09720697052624,38.7430117380876],[-9.09720578924165,38.7430160905298],[-9.09720572635956,38.7430163182413],[-9.09719637399914,38.7430507839406],[-9.09727409354259,38.7430635659037],[-9.09729725929714,38.7430673760394],[-9.09729733655226,38.743067392855],[-9.09729754496138,38.7430674264862],[-9.097318069669,38.7430708029194],[-9.09741937537854,38.7430874692825],[-9.09742455416617,38.7430883212728],[-9.09742489552597,38.7430883773248],[-9.09742502578168,38.7430880031778],[-9.09747206695985,38.7429530382464],[-9.09748747576193,38.7429088299381],[-9.09749031084494,38.7429007444167],[-9.09753129019159,38.7427841817837],[-9.09754865732098,38.7427347801278],[-9.09759710795583,38.7426135312458],[-9.09763402242579,38.7425211484714],[-9.0976995805769,38.7423685224102],[-9.0977278685252,38.7423026634211],[-9.09772779306671,38.7423026325921],[-9.09772655428994,38.7423021281185],[-9.09769445748485,38.7422890461376],[-9.09809606190903,38.7416374881489],[-9.0993303875336,38.7396349344339],[-9.09933043155105,38.739634885386],[-9.09934203868282,38.7396221546598],[-9.09934210425984,38.7396221091154],[-9.09935334218406,38.7396142691619],[-9.09937534102705,38.7396012245255],[-9.0994038912834,38.739592997792],[-9.09944804258131,38.7395931960856],[-9.09945113098923,38.7395932100994],[-9.09946712639118,38.7395955819155],[-9.09948583201034,38.7396024633352],[-9.09950379112951,38.7396090693853],[-9.09951306264155,38.7396135523621],[-9.09951509013917,38.7396145333197],[-9.09951851900859,38.7396176856973],[-9.09952472187565,38.739623389265],[-9.09953990340393,38.7396421633889],[-9.09954478574752,38.7396510662765],[-9.09955047747313,38.7396697563111],[-9.09954968695568,38.7397006676584],[-9.09954820743043,38.7397077431571],[-9.0995472776741,38.7397121819847],[-9.09953942819516,38.7397261795296],[-9.09953575318734,38.7397327337177],[-9.0985976128917,38.741238962547],[-9.09844035561471,38.741491438749],[-9.09844026578317,38.7414915837868],[-9.09845101322724,38.7414956091108],[-9.09845107700764,38.7414956336341],[-9.09848594421704,38.7415086919377],[-9.09848608076097,38.741508743787],[-9.09848618227061,38.7415087781196],[-9.09912731887203,38.7417489525271],[-9.09942017594288,38.7418586573688],[-9.09944416904579,38.7418676440596],[-9.09949906329619,38.7418882070836],[-9.09949919265357,38.7418879975857],[-9.09949928697667,38.7418878462428],[-9.09978749077435,38.7414211619504],[-9.10150435094534,38.738640945804],[-9.10045640597929,38.7382459462063],[-9.09993965550199,38.7390763281592],[-9.0999394668558,38.739076630857],[-9.09993442910368,38.739082512443],[-9.09993100831906,38.7390865098753],[-9.09991923589727,38.739094004447],[-9.09990836268907,38.7391009244528],[-9.09989684808377,38.7391049337957],[-9.0998809218521,38.7391104804501],[-9.09986695574436,38.7391136587754],[-9.09986403262644,38.739113929942],[-9.09985776597902,38.7391145094118],[-9.0998527461932,38.7391149746692],[-9.09982638692784,38.7391154055929],[-9.09982601322868,38.7391154125998],[-9.09980679556981,38.7391139138261],[-9.0997940062551,38.7391094567434],[-9.09978228593557,38.739105370325],[-9.09977516499031,38.739101316138],[-9.09976683581102,38.739096571772],[-9.09974527893914,38.7390789613497],[-9.09974498429172,38.7390787189112],[-9.09974349308834,38.7390766834087],[-9.09973528158834,38.7390654681744],[-9.09972778694392,38.7390489396091],[-9.09972521776223,38.7390432752341],[-9.09972477848605,38.7390374272779],[-9.09972329806246,38.7390177897451],[-9.09973185092226,38.7389897838645],[-9.09973375085909,38.7389835638374],[-9.09982702293505,38.7388108953335],[-9.10019543281285,38.7381288616625],[-9.10202706443949,38.7347735413929],[-9.10228373377744,38.7343033272509],[-9.10228427905481,38.7343023938703],[-9.10257231396917,38.7338101137997],[-9.10265373996148,38.7336709493037],[-9.10265395555715,38.7336705744066],[-9.10265405706679,38.7336706038377],[-9.10343738889286,38.7340381878145],[-9.1035106545891,38.7340726186055],[-9.10351351662162,38.7341225882453],[-9.10352388856987,38.7343024779586],[-9.10387696959567,38.7344222273637],[-9.10395645971852,38.7344492203715],[-9.10388971309629,38.7346921752016],[-9.10371137774944,38.7353656409836],[-9.10360066488227,38.7357674990599],[-9.10395570423536,38.7358275109519],[-9.10418517977301,38.7358724418826],[-9.10411425688303,38.7360703027314],[-9.10401805719756,38.7363040453335],[-9.10409763894859,38.7363240648022],[-9.10431092594647,38.7363768504454],[-9.10440344882749,38.7364004106096],[-9.10456504676395,38.7364401860184],[-9.10477088942309,38.7364909871517],[-9.10550406471359,38.7366672797463],[-9.10566232810373,38.7368619886971],[-9.106228800332,38.7374919552955],[-9.10677017003798,38.7363338110651],[-9.10696585724282,38.7359150267734],[-9.10775551590346,38.7342254158579],[-9.10818276004245,38.734453347699],[-9.10861174960808,38.7347079255609],[-9.10875157777195,38.7347908901026],[-9.10875726051442,38.7347859779754],[-9.10889784416145,38.7346626568452],[-9.10900924513813,38.7345837178683],[-9.10920516231174,38.7344448001367],[-9.10940300726991,38.7342616376413],[-9.11040742796213,38.7346886680361],[-9.11065063335058,38.7347789615512],[-9.11097348337211,38.7348988531065],[-9.11165097389477,38.7351503468788],[-9.11258855813321,38.7354228047655],[-9.11291209446763,38.7355167425203],[-9.11292121685933,38.7355194585275],[-9.11336653061031,38.7355533714702],[-9.1134782073698,38.7356461150213],[-9.11347130022355,38.7356792318829],[-9.11346418287158,38.7357137915165],[-9.11346803933909,38.735743484619],[-9.11348469410444,38.7357838798316],[-9.11352019103291,38.7358565446287],[-9.11354871433982,38.7359238635572],[-9.11357704001733,38.7359767721221],[-9.11360910088984,38.7360252345842],[-9.11364398067567,38.7360779973245],[-9.11372730480817,38.7361998038625],[-9.11376486786177,38.7362553364083],[-9.11380939285884,38.7363153142559],[-9.11384236821629,38.7363717863719],[-9.11387060855388,38.736418389568],[-9.11391766769836,38.736495461215],[-9.11393978871222,38.7365150924341],[-9.11397567191624,38.7365319060758],[-9.11404620134415,38.7365592374319],[-9.11413985430578,38.7365953823548],[-9.11419309835098,38.7366201567833],[-9.11423811921808,38.7366323891367],[-9.11427845447265,38.7366383550097],[-9.11432222668149,38.7366433917364],[-9.11437977455525,38.7366465113115],[-9.11446490879303,38.7366484978333],[-9.1145500304544,38.736649583238],[-9.11460415305196,38.7366545330755],[-9.11467793527949,38.7366674240932],[-9.11476107885061,38.7366919469409],[-9.1149331394652,38.7367427443916],[-9.11504631730951,38.736776923024],[-9.11508210259719,38.7367865304842],[-9.11512243695343,38.7367924963443],[-9.11515812342642,38.7367948983841],[-9.11519379732299,38.7367964000093],[-9.11521675915996,38.7367935046685],[-9.11524195959864,38.7367860862329],[-9.11526017383932,38.7367724209499],[-9.11528290121602,38.7367524128183],[-9.11534409804642,38.7366861408349],[-9.11535235715717,38.7367013841393],[-9.11536982938941,38.7367174514783],[-9.11538165660846,38.7367244677121],[-9.11541041168072,38.7367414305561],[-9.1154381588432,38.7367520064053],[-9.11545435995935,38.7367592566735],[-9.11566368628516,38.736927561909],[-9.11580088957178,38.7370363022735],[-9.11583695872707,38.7370666247636],[-9.11585921628485,38.7370961631478],[-9.11587698496117,38.7371338465545],[-9.11588564022894,38.7371779112892],[-9.11589219343893,38.7372364070668],[-9.11589441856591,38.7373147566206],[-9.11590212161945,38.7373732424763],[-9.11591147308157,38.7374512611471],[-9.11636824843722,38.7376069415749],[-9.11644739899691,38.7376337490942],[-9.1165465334784,38.7376752503485],[-9.1168991150409,38.7378228890366],[-9.11697708162105,38.7378555606443],[-9.11702977230404,38.7378817794813],[-9.11743485051342,38.7380832013221],[-9.11744712599179,38.7380893128193],[-9.11745905382212,38.7380952477397],[-9.1174880164052,38.7381104970497],[-9.11750250173916,38.7381686550276],[-9.1175135186778,38.7382421561335],[-9.1175202362795,38.7382874085665],[-9.11755981964417,38.738405977625],[-9.11760301333797,38.7385779323998],[-9.11762893422548,38.7386814837206],[-9.11765314831398,38.7387612688094],[-9.11768130510823,38.7388182308771],[-9.11778210147302,38.7390223077935],[-9.11786323641116,38.7391012523753],[-9.11807621438861,38.7393083456416],[-9.11833279209838,38.7395578584672],[-9.11931445037961,38.7404690831849],[-9.12010226929052,38.7411750307564],[-9.12029240939849,38.7413185359797],[-9.12032145103332,38.7413404472454],[-9.12036087000632,38.7413702045719],[-9.12046989763405,38.7414618054908],[-9.12079025393234,38.7417310267597],[-9.12091626690545,38.7418698742665],[-9.1209368410204,38.7418925764101],[-9.12095868625149,38.7419166812707],[-9.12101461356444,38.7419782834007],[-9.12113102534381,38.7420959312698],[-9.12155412555439,38.7424771367802],[-9.1220848403428,38.7428015404586],[-9.12230352621557,38.7429539007481],[-9.12266229627205,38.7432035276538],[-9.12288907147395,38.7433269034009],[-9.12324918720671,38.7435019466852],[-9.12343413595069,38.7435918787357],[-9.12345867972089,38.7436016870648],[-9.12352122851579,38.7436267246072],[-9.12364103323199,38.7436731794371],[-9.12371669114183,38.7436891968632],[-9.12372570663403,38.7436911068189],[-9.12388196228949,38.7437202269814],[-9.12408402124468,38.7437676934794],[-9.12427911735807,38.7438535747812],[-9.12438259429566,38.7438991039154],[-9.12464199451204,38.7440257126185],[-9.12480976477283,38.7440971597253],[-9.12523534163868,38.7443376540261],[-9.12525681227227,38.7443508932751],[-9.12540356015878,38.7444413455302],[-9.12551697426003,38.7444996524923],[-9.12574871714545,38.7446553182558],[-9.12585332236702,38.7447075918835],[-9.12591226801933,38.744737068254],[-9.12594114975404,38.744753617923],[-9.12616548602992,38.7448823711479],[-9.12642185982212,38.7450970964301],[-9.12661172774057,38.7452023128018],[-9.12669152868053,38.7452498252566],[-9.12672956514629,38.745272470976],[-9.12691745766943,38.7453844593544],[-9.12696309927239,38.7454153479098],[-9.12701139449868,38.7454480643873],[-9.12705500950235,38.7454839897191],[-9.12712751612221,38.7455437293104],[-9.12715433173176,38.745568825725],[-9.12722622390394,38.7456361186837],[-9.12728302078609,38.7456761698991],[-9.12730939532284,38.7456947714793],[-9.12732456427472,38.7457111170447],[-9.12735773905817,38.7457468747949],[-9.12739524821287,38.7457973589319],[-9.12767005633301,38.7460883146226],[-9.12768393171087,38.7461092743835],[-9.12777391595289,38.7462450607802],[-9.12792451940858,38.7464794202532],[-9.12808745403819,38.7466823276689],[-9.1281514832567,38.7467622208212],[-9.12815955102627,38.7467716104484],[-9.12838488892371,38.7470365884135],[-9.12851290963146,38.7472100672505],[-9.1288212240134,38.7475853982022],[-9.12891224041968,38.7477131689773],[-9.12891895083484,38.7477226397495],[-9.12894722441008,38.7477623205761],[-9.12905863526827,38.7478972203689],[-9.12922252031544,38.7480955957722],[-9.12929350249425,38.748212005411],[-9.12937249854371,38.7482926710134],[-9.12944283663044,38.7483632317973],[-9.12951953389109,38.7484269827033],[-9.12961128871252,38.7484821372271],[-9.12972252978909,38.7485405487813],[-9.12981614322485,38.748580463853],[-9.12987929478933,38.7486053266024],[-9.12991256030262,38.7486160183947],[-9.12995116360532,38.748628403525],[-9.13004442400318,38.7486429198646],[-9.13006099432691,38.7486417715886],[-9.13009866428003,38.7486394091806],[-9.13008131062537,38.7486831487457],[-9.13006710736243,38.7487188412534],[-9.12972964803942,38.7488197233193],[-9.12973190909898,38.7488416785224],[-9.1296751634208,38.7488973000213],[-9.12965307833953,38.7489303813132],[-9.12963774499594,38.7489692536857],[-9.12962795874926,38.7490169471888],[-9.12962449664215,38.7490595249421],[-9.12962656725889,38.7491167604326],[-9.12965113438528,38.7491811678192],[-9.1296559861861,38.7491888609997],[-9.12967174173789,38.7492136163469],[-9.12973447828068,38.7492757495335],[-9.12980036970678,38.749331304839],[-9.12982247994088,38.7493399508038],[-9.12986759243611,38.7493576798974],[-9.12991997589529,38.7493694616924],[-9.13005915367889,38.7493788846049],[-9.13017122749374,38.7493789000179],[-9.13023961893126,38.7493789105267],[-9.13038857936832,38.7493774392914],[-9.13033746522864,38.7493914867852],[-9.13030081665999,38.749411888609],[-9.13027349529893,38.7494402399954],[-9.13025686299144,38.7494673905638],[-9.13024520465571,38.749497859803],[-9.13024074901187,38.7495314788672],[-9.13024283130671,38.7495654888428],[-9.13010794657187,38.7496615819115],[-9.12979561941556,38.7496327521129],[-9.12979358473144,38.7496532141181],[-9.12977270878256,38.7496372372627],[-9.12973501098166,38.7496177897014],[-9.12972435336913,38.7496135378454],[-9.12971501268681,38.7496098240392],[-9.12965067354953,38.749591817576],[-9.12961287513733,38.7495716203749],[-9.12955103870643,38.7495496023435],[-9.12952180483212,38.7495415960397],[-9.12949432177432,38.7495340794452],[-9.12948708045482,38.7495321325146],[-9.12946457675863,38.7495285644263],[-9.12938251296249,38.7495003545935],[-9.12934081137036,38.7494869327455],[-9.12932112119765,38.7494788710883],[-9.12930327167296,38.7494679405249],[-9.12927348533477,38.7494420138834],[-9.1291923782444,38.7493807775944],[-9.12914276069798,38.7493801498673],[-9.12905747284829,38.7493883649645],[-9.12898049980486,38.7493944187465],[-9.12896906065803,38.7493738550818],[-9.1289419351297,38.7493251046285],[-9.12888797692385,38.7493462546999],[-9.12884985691475,38.749355019763],[-9.12881239177754,38.7493653247182],[-9.12884094203389,38.7494317986144],[-9.12874204740256,38.7494602319617],[-9.1287323689537,38.7494967893059],[-9.12870829140913,38.7496037667725],[-9.12875904532437,38.7496319548463],[-9.12880319752058,38.7496429638501],[-9.12877865554704,38.7496988656594],[-9.12873467403072,38.7496948786294],[-9.12871789619616,38.7497782664282],[-9.12870985268112,38.7498258437946],[-9.12878253447244,38.7498359651289],[-9.12882801348033,38.7498417736687],[-9.12883696339548,38.7498579249235],[-9.12885136788107,38.749869580531],[-9.12887300110974,38.7498764259314],[-9.12891109955927,38.7498876303602],[-9.12892439013389,38.7498900123433],[-9.12893669525664,38.7498922177792],[-9.12894972172658,38.7498957893523],[-9.12896178699916,38.749899097506],[-9.12898350646612,38.7499066638036],[-9.12899281391078,38.7499142448125],[-9.12900236569718,38.749940390565],[-9.12900175124953,38.7500709720617],[-9.12900476060574,38.7500961936902],[-9.12902408067255,38.7501050287193],[-9.12903925770928,38.7501163697256],[-9.12904180802637,38.7501417496693],[-9.12904645051974,38.7501571764559],[-9.12906221774963,38.7501757397379],[-9.1290472652917,38.750229488248],[-9.12904539499928,38.7502412061464],[-9.12902980743248,38.7503309090262],[-9.1290337815793,38.7504853129466],[-9.12903819320565,38.7506492471667],[-9.12904158704079,38.7507619487034],[-9.1290693449831,38.7508042451862],[-9.1290918747304,38.7508436475734],[-9.12916212568058,38.7509135613086],[-9.1291949878503,38.7509739303751],[-9.12924674248877,38.7510176979338],[-9.1293249318511,38.7511496022396],[-9.12937156788905,38.7512241576531],[-9.12953059215223,38.7513371125887],[-9.12957858374796,38.7513632557183],[-9.12960823983044,38.7513794311489],[-9.12967269574871,38.7514146403176],[-9.12978752200159,38.7514180184577],[-9.12985489295295,38.7514200003652],[-9.12988673912808,38.7514209244147],[-9.1299393480644,38.7514224516533],[-9.13001237840203,38.7514293025094],[-9.13008637622527,38.7513984754035],[-9.13007628095809,38.7515018960421],[-9.13006914204652,38.7515014995209],[-9.13005790861391,38.7516162348572],[-9.13004303251281,38.7517684775575],[-9.13003539593456,38.7518632127703],[-9.130029037659,38.7519424002624],[-9.1300268394815,38.7519693523204],[-9.13002485330639,38.7519937003772],[-9.13002306386234,38.752013788306],[-9.13001188971854,38.7521071655051],[-9.1300025140019,38.7522206907007],[-9.12999858926245,38.7522667224053],[-9.12999759123414,38.7522824604818],[-9.1299942090771,38.752323720637],[-9.12999225254642,38.752358057144],[-9.12999065085026,38.7524447750878],[-9.12998595176301,38.7524934302364],[-9.12998057085447,38.7525559886088],[-9.1299775165825,38.752578100288],[-9.12996873644891,38.7526672397865],[-9.1299560288809,38.7527961587829],[-9.12995293059148,38.7529024846942],[-9.12993430941398,38.7531278328375],[-9.12992426894402,38.7532590116774],[-9.12991624070033,38.7533639049769],[-9.12988855821654,38.7535952980837],[-9.12986286190783,38.7538341869678],[-9.12984472222731,38.754045397326],[-9.12990114900355,38.7540983450053],[-9.12988846569007,38.7542060826684],[-9.12985832092407,38.7542093485899],[-9.1298297050907,38.754212448483],[-9.12980787782592,38.7543826895044],[-9.12978079092518,38.754593979502],[-9.12976684907196,38.7547496680907],[-9.12975205831081,38.7549148156498],[-9.12976931404909,38.7549159918463],[-9.12974940648408,38.7551490163635],[-9.12974108898286,38.7551485336972],[-9.12973363206769,38.7551481119772],[-9.12971474049726,38.7553709661514],[-9.1297112918649,38.7554199072229],[-9.12970844600206,38.7554369307751],[-9.12965330381667,38.7555806223958],[-9.12964147569932,38.7556115317588],[-9.12963483714937,38.7556288655987],[-9.12961360007775,38.7558548790394],[-9.12959185366135,38.7560777317075],[-9.12956991051392,38.7562972639138],[-9.12956849746395,38.7563053514208],[-9.12955212117633,38.756524010782],[-9.12952462015222,38.7567496347033],[-9.1294991044049,38.7569757083417],[-9.12948024158055,38.7571979795882],[-9.12945923627428,38.757423985258],[-9.12943542373273,38.7576472925594],[-9.12941217982473,38.7578707882984],[-9.12939082687042,38.7580987854682],[-9.12938741417068,38.7581289715227],[-9.12937555371397,38.7582344825127],[-9.12936577824706,38.7583212381491],[-9.12934589044498,38.7585458805948],[-9.12933939203221,38.7586421668201],[-9.12933050050754,38.7587738959224],[-9.12924214491113,38.7587638262911],[-9.12919024923718,38.7587655074819],[-9.12916593723233,38.7589868548067],[-9.12915299340739,38.7591211547812],[-9.12914548259329,38.7591989143243],[-9.12912765193323,38.7594139369841],[-9.12908595932425,38.7598415882019],[-9.12901025290536,38.7598361384241],[-9.12900877427841,38.7598511792496],[-9.12897908855152,38.7601489620045],[-9.12895681212913,38.7603760699915],[-9.12894755409182,38.760465009221],[-9.12893443060382,38.7605910877036],[-9.1291447360933,38.760602083109],[-9.12912035222322,38.7608409828648],[-9.12909646152825,38.7610608037245],[-9.12907406922317,38.7612853689005],[-9.12906115594096,38.7614164739082],[-9.12904834327006,38.7615114078574],[-9.12904106781456,38.7615997397668],[-9.12905768035912,38.7616701627136],[-9.12906906021715,38.7617184935615],[-9.12918772946279,38.7620133146667],[-9.12924516414881,38.7621560327124],[-9.1291816056475,38.7621920771201],[-9.12914269961255,38.7622141311782],[-9.12908954450056,38.7622443196947],[-9.12904292103901,38.7622707971525],[-9.12903148099384,38.7622688407628],[-9.1290154505576,38.762266118068],[-9.12900401230909,38.7622665530548],[-9.1289922398873,38.7622670006498],[-9.12897284885359,38.7622715935774],[-9.12895058949914,38.7622812305289],[-9.12893357181439,38.7622919258765],[-9.1289259244564,38.7622960431891],[-9.12891124957792,38.7622856084139],[-9.12877177265532,38.7623807716583],[-9.12870411064981,38.7624283357214],[-9.12863855429532,38.7624745891926],[-9.12862057092163,38.7624680181798],[-9.12859172871282,38.7624633426106],[-9.12857254069835,38.7624661122287],[-9.12855251635236,38.7624723624312],[-9.12854131885233,38.7624809003344],[-9.12853213447688,38.762489518089],[-9.12852564145399,38.7625012010531],[-9.12852188649612,38.7625147416335],[-9.12852214341429,38.7625284258055],[-9.12852761145943,38.76254320129],[-9.12853976117364,38.7625559650535],[-9.12854904705873,38.7625614426421],[-9.12855468039386,38.7625647649183],[-9.12856532453167,38.7625689088327],[-9.12859654547936,38.762597360062],[-9.12861166322728,38.762623842292],[-9.12861500585845,38.7626401727737],[-9.12860971298482,38.7626639974507],[-9.12859172961112,38.7627130532992],[-9.12858486199078,38.7627391579399],[-9.12858214009547,38.7627738613788],[-9.12858690655637,38.7627877101084],[-9.12857219484697,38.763017767016],[-9.12794950604821,38.7629600509525],[-9.12786255092534,38.7629464011857],[-9.12730184947445,38.7628585584606],[-9.12709248631769,38.7628276578399],[-9.12686606056046,38.76279426288],[-9.12641725865126,38.762710460206],[-9.12566931954905,38.7625224116627],[-9.1253195380353,38.7624297436463],[-9.12495833803597,38.7623340789371],[-9.12475370900078,38.7622807801321],[-9.12459657838622,38.7622398654569],[-9.12442596226263,38.7621819477314],[-9.12423535772563,38.7621172536781],[-9.12400982219883,38.7620406446748],[-9.12367737278017,38.7619434629374],[-9.122812373315,38.7616905098939],[-9.1222017668568,38.7615119941501],[-9.1214893561241,38.7613036589065],[-9.12108947466863,38.7611820303833],[-9.1205975356595,38.7610324254322],[-9.12039969429458,38.7609722645081],[-9.1198130863292,38.760793862546],[-9.11950874250083,38.7607013029603],[-9.119405361683,38.7606698522311],[-9.11883375378626,38.7604913563493],[-9.1185566828099,38.7604048085915],[-9.11637860780908,38.7597537213407],[-9.11481479451135,38.7592862270797],[-9.11290715912345,38.7587158857203],[-9.11270452614481,38.7586553207578],[-9.11078079294702,38.7580766628901],[-9.11015895125958,38.7578895772384],[-9.10726420032512,38.7570187415852],[-9.10501842738617,38.756347135341],[-9.10309463310294,38.7557481855467]]]}},{"type":"Feature","properties":{"COD_SIG":"107","NOME":"Beato"},"geometry":{"type":"Polygon","coordinates":[[[-9.12373510211357,38.7386583692492],[-9.12322696737817,38.7389357066774],[-9.12341895352408,38.7391339619361],[-9.12359299492384,38.7393021922076],[-9.12363139341067,38.7393514582029],[-9.12365440914657,38.7393743279104],[-9.12379646603063,38.739480981412],[-9.12390038763429,38.7395448222288],[-9.12389574963247,38.7395967534596],[-9.12388869695919,38.7396747668987],[-9.12388000126722,38.7399754400517],[-9.12389338706327,38.7403470695209],[-9.12369940755577,38.7405229630218],[-9.12357911685101,38.7405980907727],[-9.12346751824496,38.7406563637375],[-9.12334325519004,38.7407021597647],[-9.12325110151659,38.7407169523797],[-9.12318919232216,38.7407196716925],[-9.12313783384074,38.740718830184],[-9.12291566160637,38.7407155517339],[-9.12274729666087,38.7407077553421],[-9.12254173517439,38.7406974007909],[-9.12230872746107,38.7406756820131],[-9.12207651206181,38.740653099298],[-9.12195109018013,38.7406409040683],[-9.12177024314376,38.7406233003328],[-9.12164726557802,38.7406122899382],[-9.12154907612418,38.7406047892198],[-9.12145917273056,38.7406042532039],[-9.12118728413509,38.7406596197687],[-9.12100749621244,38.7406962481831],[-9.12071331861816,38.740756133316],[-9.12034326841663,38.7410099298867],[-9.12033753716512,38.7410138641507],[-9.12010226929052,38.7411750307564],[-9.11931445037961,38.7404690831849],[-9.11833279209838,38.7395578584672],[-9.11807621438861,38.7393083456416],[-9.11786323641116,38.7391012523753],[-9.11778210147302,38.7390223077935],[-9.11768130510823,38.7388182308771],[-9.11765314831398,38.7387612688094],[-9.11762893422548,38.7386814837206],[-9.11760301333797,38.7385779323998],[-9.11755981964417,38.738405977625],[-9.1175202362795,38.7382874085665],[-9.1175135186778,38.7382421561335],[-9.11750250173916,38.7381686550276],[-9.1174880164052,38.7381104970497],[-9.11745905382212,38.7380952477397],[-9.11744712599179,38.7380893128193],[-9.11743485051342,38.7380832013221],[-9.11702977230404,38.7378817794813],[-9.11697708162105,38.7378555606443],[-9.1168991150409,38.7378228890366],[-9.1165465334784,38.7376752503485],[-9.11644739899691,38.7376337490942],[-9.11636824843722,38.7376069415749],[-9.11591147308157,38.7374512611471],[-9.11590212161945,38.7373732424763],[-9.11589441856591,38.7373147566206],[-9.11589219343893,38.7372364070668],[-9.11588564022894,38.7371779112892],[-9.11587698496117,38.7371338465545],[-9.11585921628485,38.7370961631478],[-9.11583695872707,38.7370666247636],[-9.11580088957178,38.7370363022735],[-9.11566368628516,38.736927561909],[-9.11545435995935,38.7367592566735],[-9.1154381588432,38.7367520064053],[-9.11541041168072,38.7367414305561],[-9.11538165660846,38.7367244677121],[-9.11536982938941,38.7367174514783],[-9.11535235715717,38.7367013841393],[-9.11534409804642,38.7366861408349],[-9.11528290121602,38.7367524128183],[-9.11526017383932,38.7367724209499],[-9.11524195959864,38.7367860862329],[-9.11521675915996,38.7367935046685],[-9.11519379732299,38.7367964000093],[-9.11515812342642,38.7367948983841],[-9.11512243695343,38.7367924963443],[-9.11508210259719,38.7367865304842],[-9.11504631730951,38.736776923024],[-9.1149331394652,38.7367427443916],[-9.11476107885061,38.7366919469409],[-9.11467793527949,38.7366674240932],[-9.11460415305196,38.7366545330755],[-9.1145500304544,38.736649583238],[-9.11446490879303,38.7366484978333],[-9.11437977455525,38.7366465113115],[-9.11432222668149,38.7366433917364],[-9.11427845447265,38.7366383550097],[-9.11423811921808,38.7366323891367],[-9.11419309835098,38.7366201567833],[-9.11413985430578,38.7365953823548],[-9.11404620134415,38.7365592374319],[-9.11397567191624,38.7365319060758],[-9.11393978871222,38.7365150924341],[-9.11391766769836,38.736495461215],[-9.11387060855388,38.736418389568],[-9.11384236821629,38.7363717863719],[-9.11380939285884,38.7363153142559],[-9.11376486786177,38.7362553364083],[-9.11372730480817,38.7361998038625],[-9.11364398067567,38.7360779973245],[-9.11360910088984,38.7360252345842],[-9.11357704001733,38.7359767721221],[-9.11354871433982,38.7359238635572],[-9.11352019103291,38.7358565446287],[-9.11348469410444,38.7357838798316],[-9.11346803933909,38.735743484619],[-9.11346418287158,38.7357137915165],[-9.11347130022355,38.7356792318829],[-9.1134782073698,38.7356461150213],[-9.11336653061031,38.7355533714702],[-9.11292121685933,38.7355194585275],[-9.11291209446763,38.7355167425203],[-9.11258855813321,38.7354228047655],[-9.11165097389477,38.7351503468788],[-9.11097348337211,38.7348988531065],[-9.11065063335058,38.7347789615512],[-9.11040742796213,38.7346886680361],[-9.10940300726991,38.7342616376413],[-9.10920516231174,38.7344448001367],[-9.10900924513813,38.7345837178683],[-9.10889784416145,38.7346626568452],[-9.10875726051442,38.7347859779754],[-9.10875157777195,38.7347908901026],[-9.10861174960808,38.7347079255609],[-9.10818276004245,38.734453347699],[-9.10775551590346,38.7342254158579],[-9.10696585724282,38.7359150267734],[-9.10677017003798,38.7363338110651],[-9.106228800332,38.7374919552955],[-9.10566232810373,38.7368619886971],[-9.10550406471359,38.7366672797463],[-9.10477088942309,38.7364909871517],[-9.10456504676395,38.7364401860184],[-9.10440344882749,38.7364004106096],[-9.10431092594647,38.7363768504454],[-9.10409763894859,38.7363240648022],[-9.10401805719756,38.7363040453335],[-9.10411425688303,38.7360703027314],[-9.10418517977301,38.7358724418826],[-9.10395570423536,38.7358275109519],[-9.10360066488227,38.7357674990599],[-9.10371137774944,38.7353656409836],[-9.10388971309629,38.7346921752016],[-9.10395645971852,38.7344492203715],[-9.10387696959567,38.7344222273637],[-9.10352388856987,38.7343024779586],[-9.10351351662162,38.7341225882453],[-9.1035106545891,38.7340726186055],[-9.10343738889286,38.7340381878145],[-9.10265405706679,38.7336706038377],[-9.10265396004873,38.7336705670488],[-9.10372334600397,38.731845670101],[-9.10372887872783,38.7318362280565],[-9.10393678930875,38.7315165825073],[-9.10424310404085,38.7310456468581],[-9.10498483668274,38.7299999018554],[-9.10510367211673,38.7298323441465],[-9.10502524020929,38.7297799839461],[-9.10502501383382,38.7297798325775],[-9.10502128402877,38.7297773427043],[-9.10500497870805,38.7297664574789],[-9.10500015565327,38.7297632380924],[-9.10497780017914,38.7297483170682],[-9.10492605811709,38.7296615435277],[-9.10492586497928,38.7295836810322],[-9.10507901156555,38.7278111454307],[-9.1051097591011,38.7274552608603],[-9.10510948152166,38.7274551718582],[-9.10508611544283,38.7274476970894],[-9.10502904996441,38.7274294411581],[-9.10517633414512,38.7271565217874],[-9.10526611985945,38.72699014598],[-9.10526619621627,38.7269900808048],[-9.10526646840579,38.7269898537431],[-9.10529510849368,38.7269657879955],[-9.10764270008018,38.7249931323121],[-9.10780808172061,38.7248541587863],[-9.10805676413733,38.7246451818288],[-9.10879863422147,38.7240217570811],[-9.10885851681662,38.7239986743093],[-9.10929355563736,38.7239726606278],[-9.10931094522464,38.7239765502758],[-9.1093454144804,38.7239842608891],[-9.10935565707127,38.7239902789795],[-9.10936440127225,38.7239954161169],[-9.10984484633735,38.7242777534628],[-9.10984531615624,38.7242780344974],[-9.10984543473385,38.7242781045809],[-9.10984594767186,38.7242784108456],[-9.10984652708522,38.7242787472461],[-9.10984679118994,38.7242789007289],[-9.1098469897176,38.7242790170674],[-9.10984704720978,38.7242790514083],[-9.10985183612857,38.7242818645579],[-9.10990566857026,38.7243135009196],[-9.10993411372376,38.7242857983417],[-9.11006902181482,38.7241544071838],[-9.11006912601938,38.7241543048618],[-9.11007030910059,38.7241531533887],[-9.11007146074081,38.7241520313507],[-9.11009558679439,38.724168533928],[-9.11136894781129,38.7249410054451],[-9.11141127013928,38.7249666830777],[-9.11235836753661,38.7255412754235],[-9.11267794679219,38.7257191999204],[-9.11269671888667,38.7257296715777],[-9.11280290154988,38.725699324652],[-9.11282409190914,38.7256932919883],[-9.11283967049278,38.7256888375723],[-9.11289281841825,38.7256736185491],[-9.1130884741821,38.7258037601554],[-9.11311493405877,38.7258213731499],[-9.11317641835008,38.72586076129],[-9.11326342737187,38.7259083125429],[-9.11353882299021,38.7260587718122],[-9.1138060107018,38.7262059663657],[-9.11416820962773,38.7264055079098],[-9.11423670167656,38.7264526740538],[-9.11430818062371,38.7265206220637],[-9.11434765978381,38.7265778503902],[-9.11437613009012,38.7266415667825],[-9.11441564069126,38.7267556335455],[-9.11443603873642,38.7268176159763],[-9.11449253378464,38.7269963964853],[-9.11454657014391,38.7271634878014],[-9.11461017535763,38.727357521153],[-9.1146701828186,38.7275407763368],[-9.11473654316526,38.7277511814664],[-9.11478077890479,38.7278911507993],[-9.11494617581661,38.7284138342641],[-9.11499594158501,38.7285712324094],[-9.11505362690099,38.7287527051728],[-9.11509185380958,38.7288568741178],[-9.11514045356478,38.7289627570397],[-9.11519224413584,38.7290496975156],[-9.11526377967687,38.7291508834794],[-9.11535154867341,38.7292618417561],[-9.11555990212377,38.7295285210216],[-9.11557627122488,38.7295482004072],[-9.11596130532533,38.730035884013],[-9.11604090504263,38.7301379025047],[-9.11636496599319,38.7305396239084],[-9.11654292225096,38.7307696249736],[-9.11671714690706,38.7309789393078],[-9.11676625690531,38.7310379769506],[-9.11682232884704,38.7311014602142],[-9.11688501688082,38.7312279416419],[-9.11694717311199,38.7313994673109],[-9.11700236739965,38.7315665469276],[-9.1170946818715,38.7318405068992],[-9.11712701583186,38.7319339153864],[-9.11717499035959,38.7320776360913],[-9.11720717609792,38.7321602364912],[-9.11722280498723,38.7322096475643],[-9.11724597702999,38.7323058361677],[-9.11725269193673,38.7323760399476],[-9.11726171820869,38.7324471259083],[-9.11726358580619,38.732499355215],[-9.11724743858897,38.7325796608617],[-9.11721390717434,38.7326502049381],[-9.11717390878802,38.7327523304151],[-9.11858873739419,38.7328652395928],[-9.11885802626523,38.7328867463162],[-9.1188749235757,38.7328861534816],[-9.11949505307423,38.7328633482678],[-9.12032825666993,38.7327885641575],[-9.12097980115223,38.7330006797764],[-9.12158737849128,38.7331600179959],[-9.12168317842644,38.7331851488949],[-9.12205004679522,38.733327156562],[-9.1223651479491,38.7335013098859],[-9.12291571640359,38.7339455010377],[-9.12328528510811,38.7342824102733],[-9.12443348655146,38.7352202850904],[-9.12452269375072,38.735292309997],[-9.12529451815801,38.7359157576247],[-9.12572426590172,38.7364108652854],[-9.12601713554896,38.7370703581414],[-9.12640197022342,38.7377428492452],[-9.12647422351836,38.7378690673616],[-9.12626239538447,38.7379055556657],[-9.12586140989952,38.737974625114],[-9.12561463999603,38.7380423862896],[-9.12493048127902,38.7382302547851],[-9.12477359231127,38.7382864423053],[-9.12373510211357,38.7386583692492]]]}},{"type":"Feature","properties":{"COD_SIG":"118","NOME":"Parque das Nações"},"geometry":{"type":"Polygon","coordinates":[[[-9.09463081968367,38.7532392841819],[-9.09463094724446,38.7532393108029],[-9.09589052990156,38.7536149077889],[-9.09600198837042,38.7536482173744],[-9.09712096222767,38.7539819043334],[-9.09887666285663,38.7545102841881],[-9.09932679517077,38.7546457274557],[-9.10037087468614,38.7549598256403],[-9.10050706018155,38.7550008523715],[-9.10065537383156,38.7550454728116],[-9.10098861825925,38.7551457574903],[-9.10271031585807,38.7556565258983],[-9.10286922873014,38.7556936685114],[-9.10298636634826,38.7557210695913],[-9.10300079239342,38.7557244629392],[-9.10307176738569,38.7557410773117],[-9.10309463310294,38.7557481855467],[-9.10309844465469,38.7557683004399],[-9.10311310426179,38.755845309171],[-9.10314241269626,38.7562703225967],[-9.1034283293832,38.7591917770123],[-9.10345368972199,38.7594510902507],[-9.10348113505055,38.7597317190588],[-9.1034868330644,38.7597895939419],[-9.10378846757389,38.762672171093],[-9.10379318283079,38.76284256775],[-9.10379956985249,38.7628936912208],[-9.103836406169,38.763187219338],[-9.10422627769725,38.7669636935836],[-9.10423092019065,38.7670086903717],[-9.10458010432473,38.7703902001283],[-9.1045937847682,38.7705229413052],[-9.10482654005494,38.773055154308],[-9.10497146076815,38.7745067047578],[-9.1050097837965,38.7746448378979],[-9.10504562837298,38.7747228984778],[-9.10512114973889,38.7748873821161],[-9.10489306748825,38.774903515097],[-9.10371221318268,38.7749804541544],[-9.10152467892192,38.7751230328075],[-9.10106468220765,38.7751529735461],[-9.10076029076857,38.7751765776412],[-9.09944200680091,38.7752022519181],[-9.09924543116223,38.7752151485815],[-9.0991233375387,38.7752217898545],[-9.09917508768559,38.7755797971854],[-9.09925271829582,38.7761167992098],[-9.09933499409438,38.776653375598],[-9.09944013650849,38.7772953341103],[-9.0995209821891,38.777832042394],[-9.09958545517538,38.7782795664126],[-9.09968859434639,38.7789956074048],[-9.09971442450407,38.779174613028],[-9.09977818871957,38.7796165157863],[-9.09988188215113,38.7802604252316],[-9.10007891233734,38.7815147340415],[-9.1001357685083,38.7819157602234],[-9.10033925488648,38.7833362491084],[-9.1004831416388,38.7843314297],[-9.10087815602203,38.7870568884354],[-9.10095366481156,38.7877183326212],[-9.10098514896563,38.7882048507565],[-9.10102027758482,38.7893591173608],[-9.10098349786216,38.7900661575007],[-9.10093534816291,38.7905240409868],[-9.10073302330641,38.7917417385895],[-9.10035431693884,38.7931501003116],[-9.09996875283237,38.794403864503],[-9.09969016639815,38.7953283868343],[-9.09949885219207,38.7959861233954],[-9.09939468085679,38.7963743566784],[-9.09865018948865,38.7961732659686],[-9.09861204253011,38.7961532919913],[-9.0985573459091,38.7961401064607],[-9.09848423112981,38.7961355962288],[-9.09842826159602,38.7961331016685],[-9.09834220568678,38.7961292649604],[-9.09829864907358,38.796127323502],[-9.09817556011673,38.7961256669962],[-9.09816314539951,38.7961277239759],[-9.09815130560406,38.7961297676532],[-9.09813974967623,38.7961315746867],[-9.0981223978182,38.796133727584],[-9.09810563615332,38.7961360912201],[-9.09809002163704,38.7961382112111],[-9.09792215345991,38.7961639297504],[-9.0979109209256,38.7961666441501],[-9.09789565405733,38.7961705718729],[-9.09788385199113,38.7961737497576],[-9.09786774519811,38.7961786030502],[-9.09785222500492,38.7961834430401],[-9.09783640926602,38.796188518973],[-9.09782031684605,38.7961935970059],[-9.09780968348801,38.796197207569],[-9.09779447231533,38.7962027287826],[-9.09778329906983,38.7962072621145],[-9.09776266476773,38.7962160620287],[-9.097747188592,38.7962224955081],[-9.0977319944873,38.7962284676023],[-9.09771707077548,38.7962339776115],[-9.09770186229773,38.7962397242636],[-9.09768636905402,38.7962456984568],[-9.09767231670802,38.7962509669205],[-9.09766141385542,38.7962550388649],[-9.09764620537766,38.7962607848152],[-9.09763098162855,38.7962662976224],[-9.09761607228979,38.7962720421714],[-9.09760286885175,38.7962770599874],[-9.09759224986676,38.796280904389],[-9.09757732345999,38.7962861889529],[-9.09756327380895,38.7962916828547],[-9.09755208888536,38.796296216181],[-9.09754177622588,38.7963004995615],[-9.09753175641722,38.7963052394248],[-9.09752144285945,38.7963095221046],[-9.09750656406339,38.7963166262976],[-9.09749171670836,38.7963244054126],[-9.09747713974626,38.7963317322445],[-9.09738099395972,38.7963762869281],[-9.0973681336781,38.7963828968249],[-9.09731919525806,38.7964054156978],[-9.09730316751675,38.7964127635252],[-9.09728913852698,38.7964189414407],[-9.09727797156966,38.7964239249402],[-9.09726221422127,38.7964308204841],[-9.09725161410092,38.7964351143584],[-9.09724128886505,38.7964393977305],[-9.0972255404998,38.7964460671322],[-9.09721033741192,38.7964522639482],[-9.09719373474884,38.7964596257733],[-9.09717856759358,38.7964667320517],[-9.09716855676806,38.7964712373619],[-9.09715396183965,38.7964781048962],[-9.09713878839617,38.796484760992],[-9.0971284640586,38.7964890443611],[-9.09711756390095,38.796493350134],[-9.0971066754214,38.796497646805],[-9.09709665561271,38.7965023775536],[-9.09707595483533,38.7965115302945],[-9.09706117036236,38.7965187401863],[-9.0970462843798,38.7965253850762],[-9.09703109656327,38.7965318073256],[-9.09701763710539,38.7965375210478],[-9.09700673964267,38.7965420431565],[-9.09699154553796,38.7965480145239],[-9.09696715358304,38.7965573499915],[-9.09695397889108,38.7965628277695],[-9.09694138271418,38.7965685162847],[-9.09692905603184,38.7965737532189],[-9.09691616610582,38.7965790027549],[-9.09690469641628,38.7965837636035],[-9.09684042465265,38.7966079403078],[-9.09682402680547,38.7966125709313],[-9.09681278618632,38.7966155191554],[-9.09680155724527,38.7966184582778],[-9.09679004263994,38.7966216340421],[-9.09677852264473,38.7966243505248],[-9.09676151484148,38.796628084988],[-9.09657004612517,38.7966699321071],[-9.09655708253732,38.7966731288729],[-9.09654585000302,38.796675842553],[-9.09642283291137,38.7967038510026],[-9.09629304611575,38.7967334011126],[-9.0962780208943,38.7967357318231],[-9.0962641562962,38.7967378195907],[-9.09625027642674,38.7967396721167],[-9.09623639296404,38.796741309705],[-9.09622365754825,38.796742684747],[-9.09620542174798,38.796744168308],[-9.09619093461738,38.7967453599177],[-9.09617792341882,38.7967467468617],[-9.09616402558306,38.7967481492083],[-9.09615014301865,38.7967497776948],[-9.09613625955595,38.7967514054811],[-9.09612266445244,38.7967530311669],[-9.09610935411488,38.7967544202111],[-9.09608996218284,38.796756381956],[-9.09607722047884,38.7967573068186],[-9.09605984436632,38.7967585488369],[-9.09604564200167,38.7967595045048],[-9.09603204060995,38.7967606793113],[-9.09601871230609,38.7967616090747],[-9.09600625896129,38.7967625318368],[-9.09599349929099,38.7967630065202],[-9.09596998948168,38.7967634524985],[-9.09593582116155,38.7967638613704],[-9.09573453206257,38.7967629736144],[-9.0957191403285,38.7967628125861],[-9.09570462265517,38.796762635455],[-9.09568719444035,38.7967625178344],[-9.09567355711602,38.7967627838811],[-9.09565325788557,38.7967631675485],[-9.09563990892044,38.7967634307947],[-9.09562598503353,38.7967636898402],[-9.09561262079704,38.7967637192454],[-9.09559897808282,38.796763534413],[-9.09558530662253,38.7967628818983],[-9.0955719343012,38.7967622356848],[-9.09555855838662,38.79676135493],[-9.0955379034233,38.7967601563194],[-9.09553117953339,38.796759739046],[-9.09552394090884,38.7967592895671],[-9.09550997839436,38.7967584228148],[-9.09549337932456,38.7967566956112],[-9.09547909431491,38.7967549214993],[-9.09546510754594,38.796753145287],[-9.09545110640391,38.7967511443351],[-9.09543712053327,38.7967493681228],[-9.0954234104454,38.79674758981],[-9.09540272583767,38.7967450308598],[-9.09538931488876,38.7967432413449],[-9.0953761914008,38.7967414490295],[-9.0953627804519,38.7967396588144],[-9.09534879368293,38.7967378826017],[-9.09533508090013,38.7967358788489],[-9.09532107706315,38.7967336433553],[-9.09530649740609,38.7967314309657],[-9.09527904758595,38.7967265048978],[-9.09525218706064,38.796721790267],[-9.09523877341685,38.7967197753118],[-9.09522509207505,38.7967184471776],[-9.09520882268695,38.7967169279097],[-9.0951972649625,38.7967159078298],[-9.0951843283241,38.7967146847141],[-9.09517522030543,38.7967136387297],[-9.0951656748072,38.7967125416361],[-9.0951513862043,38.7967105427835],[-9.09513709490645,38.796708318491],[-9.09512572043833,38.7967064939691],[-9.09511733736008,38.7967050587158],[-9.09509682073731,38.7967015980048],[-9.0950819563143,38.7966996124542],[-9.09507058543945,38.7966980133719],[-9.09505890913737,38.7966959655102],[-9.09504400698512,38.7966928366574],[-9.09503082780161,38.7966894592607],[-9.09500143223055,38.7966810094669],[-9.09499450981299,38.7966790218154],[-9.09498307964932,38.7966756031106],[-9.09497018523172,38.7966719890711],[-9.09495848467515,38.7966690324479],[-9.09494678771182,38.7966663089657],[-9.09493480598256,38.7966638137239],[-9.0949210725385,38.7966611168463],[-9.0949091051823,38.7966588463441],[-9.09489739384595,38.7966558981217],[-9.0948854085234,38.7966531690381],[-9.09487342769248,38.7966506730957],[-9.09486146033625,38.7966484032933],[-9.09484889470205,38.7966461467932],[-9.0948366434782,38.7966441129325],[-9.09481826843907,38.7966412830306],[-9.09480455565625,38.7966392701734],[-9.09479114111413,38.7966372552159],[-9.09477595778919,38.7966345968441],[-9.0947625405521,38.7966323564465],[-9.09475056511106,38.7966303113833],[-9.09473831298889,38.7966282775222],[-9.0947308902097,38.79662584389],[-9.09472341892148,38.796622730437],[-9.09470869463565,38.796621307084],[-9.09469522080472,38.7966208415014],[-9.09468331633058,38.7966206244628],[-9.09459629922395,38.7966059386518],[-9.09452026761494,38.7965958106493],[-9.09450841254812,38.7965941429524],[-9.09448496382425,38.7965905884194],[-9.09446786169787,38.7965873699461],[-9.09441056355581,38.7965746997877],[-9.09434222511888,38.7965593285448],[-9.09432989035171,38.7965561968856],[-9.09419384948507,38.7965286273566],[-9.09412265171062,38.7965141991728],[-9.09405792450112,38.7965020050868],[-9.09401766201008,38.7964944101242],[-9.09400450618275,38.7964918882716],[-9.09398292236143,38.7964883729405],[-9.09397080229162,38.7964866982398],[-9.09395867323865,38.7964852216747],[-9.09394154506112,38.7964826249083],[-9.09393021910202,38.7964809614095],[-9.09390045881497,38.796476261465],[-9.09387701278607,38.796472923265],[-9.09386384797557,38.7964706002473],[-9.09385095086304,38.7964684991696],[-9.09381388098452,38.796460346203],[-9.09380315779497,38.7964564170959],[-9.09379476753021,38.796453973656],[-9.09376873525159,38.796448314537],[-9.09374012480813,38.7964409387082],[-9.09367022150596,38.7964247153828],[-9.09351550735953,38.7963931277762],[-9.09338859068124,38.7963664039374],[-9.09328428819192,38.7963420682223],[-9.09322243918463,38.7963307597678],[-9.09319503877183,38.796326932172],[-9.0931229561568,38.796319832881],[-9.09312050375606,38.7963497584184],[-9.09305390715247,38.7963466407525],[-9.09305608197378,38.7963208879729],[-9.09304598131671,38.7963204034848],[-9.09303405528301,38.7963212135321],[-9.09302183819515,38.7963226382912],[-9.09300914769512,38.7963221930103],[-9.09299781904106,38.79632032227],[-9.09298521927091,38.796317183599],[-9.09296520390805,38.7963139070028],[-9.09295137164931,38.7963119900539],[-9.0929370237576,38.7963094464908],[-9.0929241589844,38.7963063001179],[-9.09291156460413,38.7963027560725],[-9.09290501139413,38.7963007649098],[-9.09288613509506,38.7962948222269],[-9.09287383176894,38.7962906536671],[-9.09286491868468,38.7962877908451],[-9.09281733492409,38.7962775801823],[-9.09277511680067,38.7962734690319],[-9.09272296510684,38.7962722844157],[-9.09268462501053,38.7962730069476],[-9.09261141321318,38.7962786716815],[-9.0925975728696,38.7962748671872],[-9.09254936837315,38.7962998729473],[-9.09252328039898,38.7962103342782],[-9.09230778624043,38.7961806887337],[-9.09181475667652,38.7962023031045],[-9.09176020917584,38.796014631309],[-9.09169121496877,38.7959338936308],[-9.09138835246228,38.7955794968635],[-9.09135746119629,38.795534180635],[-9.09134247729737,38.7954966239794],[-9.09130653031295,38.7954004736136],[-9.09127272760711,38.7952950455978],[-9.09117314127305,38.7948721151288],[-9.09115815378084,38.7948220808935],[-9.09114283930189,38.7947888255376],[-9.09112227417007,38.7947549596418],[-9.09109846971335,38.7947240490337],[-9.09106216519945,38.7946869484446],[-9.0910198958721,38.7946522241241],[-9.09098016967529,38.7946167436311],[-9.09094258326547,38.7945802493112],[-9.09091680610839,38.7945533329531],[-9.09089314717877,38.794521570181],[-9.09087154000122,38.7944797084977],[-9.09086110876416,38.7944471412254],[-9.09085502716967,38.7944046437657],[-9.09084671416003,38.794310067958],[-9.09084164766184,38.7942038989728],[-9.09058455970898,38.7940532255326],[-9.09062865620967,38.7922911126872],[-9.0906268083751,38.7922698521151],[-9.09061559380711,38.7922237593971],[-9.09060288354417,38.792194306141],[-9.09058627279625,38.7921663204252],[-9.0905484662992,38.7921043849233],[-9.09051216807352,38.7920338764932],[-9.09048346959511,38.7919658795037],[-9.09046242116969,38.7919040292484],[-9.09044883504935,38.7918542666966],[-9.09043731235918,38.7917999845014],[-9.09042775428457,38.7917333043131],[-9.09042447723042,38.7916943523109],[-9.09030798729765,38.7910423610258],[-9.09029714014056,38.7909541369918],[-9.09029631638546,38.7908671717739],[-9.09030568671218,38.7907776297809],[-9.09031684648295,38.7907218959881],[-9.09033217533496,38.7906663042888],[-9.09035077135967,38.79061347547],[-9.09037213329712,38.790563524368],[-9.09041336956191,38.7904811056732],[-9.09047532367213,38.7903479843309],[-9.09052050443935,38.7902423387857],[-9.09058212976616,38.7900831034677],[-9.09063242464229,38.7899356975063],[-9.09067873908338,38.7897797944155],[-9.09072146205997,38.7896093801798],[-9.09074778988433,38.7894836561654],[-9.09078082812385,38.7892830207482],[-9.09079539969607,38.7891964049907],[-9.09081645171475,38.7891207136191],[-9.09084653898856,38.789043098721],[-9.09089519084603,38.7889607398859],[-9.09092733077025,38.7889138622045],[-9.0909829328931,38.7888427036332],[-9.09101656581733,38.7888044306469],[-9.09115019201247,38.7886568420894],[-9.09131586470706,38.788494359884],[-9.09147047914052,38.788332413666],[-9.09161671768224,38.7881605948552],[-9.09105630638718,38.7879916800979],[-9.09107048629394,38.7879631535709],[-9.09129013965228,38.7880265820151],[-9.09135627272516,38.7878863013419],[-9.09137503673483,38.787842584405],[-9.09138838569994,38.7877885687363],[-9.09139178672162,38.7877400160781],[-9.09138766345447,38.7876939484396],[-9.09137442138886,38.7876426837937],[-9.09134951649593,38.7875883136657],[-9.09131869529851,38.7875428621171],[-9.0912802087768,38.7875009746288],[-9.0912291629091,38.7874595289511],[-9.0911588984842,38.7874187610573],[-9.09110958995826,38.7873981621356],[-9.0908765687702,38.7873360761459],[-9.09150625095343,38.7865987607094],[-9.0915645300558,38.7865199365804],[-9.09160039619184,38.7864581999379],[-9.09163003071476,38.7863931483777],[-9.09167999501085,38.7861073034117],[-9.09170883901632,38.7855389977701],[-9.09171285538394,38.7853730191886],[-9.09170114404758,38.7853064548297],[-9.0916874501294,38.7852700446733],[-9.09166056804452,38.7852365145699],[-9.09162131705648,38.7852096731099],[-9.09157349973392,38.7851929297534],[-9.09140893196712,38.7851574914679],[-9.0914467348709,38.7849640094207],[-9.09145161541787,38.7849173538881],[-9.09144830782099,38.7848605448469],[-9.09143742203636,38.7848124355475],[-9.09142007017833,38.7847674135776],[-9.0914016421386,38.784732963121],[-9.09138333986301,38.7846985490603],[-9.09135714768427,38.7846305093617],[-9.09134442664151,38.7845728100834],[-9.09134004825282,38.7844989701485],[-9.09117769662983,38.7843037742142],[-9.09106048445159,38.7841454772676],[-9.0909589352986,38.783993198605],[-9.09084148866005,38.783793976247],[-9.09073722569657,38.7835880939323],[-9.09055288241713,38.7835869343143],[-9.09043092084594,38.7835838314958],[-9.09021287277704,38.7835736330183],[-9.09005282533277,38.783562333042],[-9.0898604358433,38.7835444401836],[-9.08970263508553,38.7835262196024],[-9.08970898976787,38.7834974609054],[-9.08993457649864,38.7835210713421],[-9.09026135036134,38.7835436972154],[-9.09050519624858,38.7835517585257],[-9.09070881018751,38.7835527451819],[-9.09078156114912,38.7826190528518],[-9.09085804730568,38.781637373407],[-9.09086863395127,38.781498641071],[-9.0908322818267,38.781479781318],[-9.09088842922688,38.7814100417846],[-9.09089532649163,38.7814129220106],[-9.09089389996697,38.7814077448864],[-9.09089751658432,38.7813622788937],[-9.09090863862585,38.7812224717998],[-9.09094075519388,38.7808187491439],[-9.09094248355249,38.7807828310935],[-9.09124421508,38.7769934763387],[-9.09128333221904,38.7765057184681],[-9.09129536964385,38.776348147954],[-9.09133400259095,38.7758424551624],[-9.09139329050139,38.7750663938488],[-9.09139330936603,38.7750660695932],[-9.09139331206095,38.7750659939569],[-9.09140423916808,38.7748726007839],[-9.0913870256506,38.7748715894959],[-9.09137841889187,38.7748710838518],[-9.09137236873842,38.7748705368878],[-9.09137038885155,38.7748703569009],[-9.09136489295864,38.7748698603613],[-9.09133435922213,38.7748671052314],[-9.0913339271325,38.7748670667129],[-9.09130130571127,38.7748641210909],[-9.09125679059567,38.7748601025509],[-9.09112768562135,38.7748450753944],[-9.09103735642628,38.7748299095676],[-9.09098636086422,38.7748213472296],[-9.09095726173721,38.7748155421236],[-9.09090109098084,38.7748023029223],[-9.09085405698917,38.7747856824826],[-9.0908278046233,38.7747741422981],[-9.09082753692536,38.7747739882236],[-9.09082493720093,38.7747724880975],[-9.09080341715996,38.774760074588],[-9.09078908094635,38.7747464915099],[-9.09078781432181,38.7747448772279],[-9.0907801840318,38.7747351516161],[-9.09077670126342,38.7747272489865],[-9.09077597093311,38.7747255933841],[-9.09077552626705,38.7747138416873],[-9.09077991633383,38.7747039872087],[-9.09078004838617,38.7747038646493],[-9.0907938842382,38.7746909734962],[-9.09080091804687,38.7746863092331],[-9.09081426521534,38.7746774562368],[-9.09085213459445,38.7746635614916],[-9.09088690568417,38.7746549354027],[-9.09090256421788,38.7746510506159],[-9.09097735705011,38.7746387890591],[-9.09102176526619,38.7746337108915],[-9.09104083649967,38.7746315300316],[-9.09109561576571,38.7746284590391],[-9.09109673955811,38.7746284429312],[-9.09130263431958,38.7746255064039],[-9.09135603646826,38.7746276508463],[-9.09135610384191,38.7746276536476],[-9.09135707042915,38.774627691466],[-9.09139091715243,38.7746290508267],[-9.09142348916632,38.7746303597629],[-9.09142348736969,38.7746303030353],[-9.09142347928485,38.7746299927845],[-9.09142298251649,38.7746125725158],[-9.09142257737629,38.7745983535002],[-9.09149851196728,38.7736672192648],[-9.09149837811827,38.773667213662],[-9.09145573060017,38.7736655531325],[-9.09145280119404,38.7736654389755],[-9.09143934173613,38.7736649130128],[-9.09143924381978,38.773664909511],[-9.09126479907643,38.773658095807],[-9.0912648161444,38.7736578941062],[-9.09128149965586,38.773468111631],[-9.0912991695175,38.7732670928763],[-9.09129937343508,38.7732670935767],[-9.09135345291351,38.7732671383993],[-9.09140682002791,38.7732671818212],[-9.09140687123188,38.7732668246408],[-9.09140854748819,38.7732355265247],[-9.09140860228542,38.7732345411265],[-9.09140881608446,38.773234546029],[-9.09146500121392,38.7732358795031],[-9.09146518087697,38.7732677540103],[-9.09146521770788,38.7732742862094],[-9.09146554020308,38.77327430722],[-9.09146576927347,38.7732743212271],[-9.09147161640765,38.7732746910138],[-9.09148175569228,38.7732753304368],[-9.09150915969834,38.7732770589096],[-9.09152659240474,38.7732781598656],[-9.09152698137525,38.7732781836776],[-9.09152701101966,38.7732778131905],[-9.09156518582598,38.7728115148025],[-9.09161493362807,38.7722038309853],[-9.0916875103165,38.7713172729562],[-9.0916877160307,38.7713172778588],[-9.09168783101507,38.7713172806602],[-9.09175594127993,38.7713190694126],[-9.09175596733104,38.7713187066195],[-9.09176617848088,38.7711790423233],[-9.09179528299778,38.7707809358758],[-9.09179529377758,38.7707807761896],[-9.09178355189848,38.7707805072443],[-9.09175578137981,38.7707798713009],[-9.09175562866621,38.770779867799],[-9.09174309626967,38.7707795834455],[-9.09173132384787,38.7707793166014],[-9.09173085043573,38.7707793053954],[-9.09173126635569,38.7707741506117],[-9.0917317891752,38.7707676518018],[-9.09197012210152,38.7678142998889],[-9.09200757017079,38.7673502267164],[-9.09200748932242,38.767350222514],[-9.09196163751367,38.767347806093],[-9.09194548041498,38.7673469543922],[-9.09194538519355,38.7673469543922],[-9.09155154580668,38.7673262116912],[-9.09144675373554,38.7673206931442],[-9.09144656778428,38.7673206833384],[-9.09144635398524,38.7673206714314],[-9.09143981155501,38.7674342950001],[-9.09144843538174,38.7674346262946],[-9.09145215171207,38.7674347691784],[-9.09146184363569,38.7674351410967],[-9.0914618094997,38.7674354849985],[-9.0914530284678,38.7675245008791],[-9.09143730345875,38.7676839119477],[-9.09143726662783,38.7676842817634],[-9.09143670068919,38.767684246743],[-9.09142074660974,38.7676832598673],[-9.09133090789482,38.767677705627],[-9.09133829384309,38.7676048182655],[-9.09133836480999,38.7676041206578],[-9.0913558693816,38.7674313728853],[-9.09135606701096,38.7674313924968],[-9.09135616492735,38.7674314016022],[-9.09138181542197,38.7674339651065],[-9.09138493796588,38.7674342774899],[-9.0913849613221,38.7674338992679],[-9.09139228708323,38.7673163414834],[-9.09138126655134,38.7673160732256],[-9.09135813223782,38.7673155086933],[-9.09135804599953,38.7673155058917],[-9.09137648481906,38.7671256960364],[-9.09138428578899,38.7670453816127],[-9.09138439268851,38.7670453872161],[-9.0913844861133,38.7670453921189],[-9.09185170348584,38.7670697357331],[-9.09185181397862,38.7670697469397],[-9.0918518714708,38.7670697532435],[-9.09185202418437,38.7670697602476],[-9.09195151439875,38.7670749426151],[-9.09202884676828,38.7670789720999],[-9.09202886653121,38.7670787731822],[-9.0920288710228,38.7670786667192],[-9.09202887461605,38.7670786169897],[-9.09202887551438,38.7670785665599],[-9.09211405736288,38.7660348390332],[-9.09212868373233,38.7658667971284],[-9.09213050282078,38.7658443729732],[-9.09213252492848,38.7658194370802],[-9.09214120175581,38.7657929203145],[-9.0921436918858,38.765788275782],[-9.09214853200853,38.765779257081],[-9.09214862094174,38.7657791744306],[-9.09216656478956,38.7657623998958],[-9.09217312249111,38.7657584915106],[-9.09218744253507,38.765749959603],[-9.09220823763558,38.7657425553829],[-9.09222779934921,38.7657384459738],[-9.09222805177579,38.7657383927413],[-9.09223802307544,38.7657378751253],[-9.09224413431433,38.7657375578315],[-9.09224711761939,38.7657374037374],[-9.09224744819942,38.7657373869272],[-9.092265784611,38.7657395960761],[-9.09228286068623,38.7657435675008],[-9.09228591226324,38.7657442763335],[-9.09229931422897,38.765750254483],[-9.09230387677229,38.7657522899255],[-9.09231053508518,38.7657565590312],[-9.09231987846246,38.7657625490869],[-9.09232929190831,38.7657685846698],[-9.0923438724637,38.7657850559182],[-9.09235339819898,38.7658004709187],[-9.09235727892101,38.765817049325],[-9.09235717022486,38.7658243778913],[-9.09235694115444,38.7658399224622],[-9.09231751589326,38.7663160197982],[-9.09226818311279,38.7669117570441],[-9.09226858016817,38.7669117773562],[-9.09267359010558,38.7669329964604],[-9.09274582723084,38.7669367801073],[-9.09274585687524,38.7669364109881],[-9.09275638423206,38.7668065236416],[-9.09275639052028,38.7668064486969],[-9.09275999006961,38.7667619960058],[-9.09276217477239,38.7667350243187],[-9.09276238048659,38.7667350341246],[-9.09290285184418,38.7667413897162],[-9.09307362966454,38.7667491174257],[-9.09307361259653,38.7667493520657],[-9.09307187345815,38.7667724791556],[-9.0930679091928,38.7668251666435],[-9.09305796035104,38.7669575152169],[-9.09305849395032,38.7669575383306],[-9.09315110486621,38.7669616224544],[-9.09364953779656,38.7669836049968],[-9.09364956654263,38.7669832393799],[-9.09365448571714,38.7669203707615],[-9.09365449739524,38.7669202264757],[-9.09365679618404,38.7668908377117],[-9.09365700908479,38.766890848218],[-9.09376322947721,38.7668960312989],[-9.09376331481717,38.7668956656815],[-9.09376422031898,38.7668896617126],[-9.09376489315713,38.7668851958577],[-9.09376492819142,38.7668849661211],[-9.0937651096511,38.766884975927],[-9.09388393520363,38.766891056942],[-9.09388375823554,38.7668940736352],[-9.09388336657007,38.7669009082975],[-9.09388384986367,38.7669009265083],[-9.09394041228555,38.7669031342203],[-9.09399183724232,38.7669051437145],[-9.09399187317491,38.7669052662873],[-9.09399186958165,38.7669053909614],[-9.09399180310633,38.7669175676963],[-9.09399172405459,38.7669320200806],[-9.09399164769777,38.7669460473096],[-9.09399162973146,38.7669492426065],[-9.09399163062979,38.7669493231543],[-9.09399163062979,38.7669493980988],[-9.09399148869598,38.7669731358863],[-9.09399142491559,38.7669840651697],[-9.09399133418575,38.7669991934413],[-9.09427202177942,38.7670160328239],[-9.09427240715667,38.7670160552372],[-9.09453588033456,38.7668524836019],[-9.09454114805538,38.7668492154573],[-9.09455042136408,38.7668434594321],[-9.09455063426479,38.7668433270533],[-9.09455064953614,38.766843106422],[-9.0945967555681,38.7661969563633],[-9.09465087457241,38.7654384899936],[-9.09465092487804,38.7654377755544],[-9.09465110004954,38.7654353863854],[-9.094652072925,38.7654220852061],[-9.09465213041718,38.7654220845058],[-9.09465228043583,38.7654220880079],[-9.0946637932445,38.7654225187728],[-9.09467966467895,38.7654231127381],[-9.09469717374214,38.76542376624],[-9.09469720338655,38.7654234006152],[-9.09477301490833,38.7644842708711],[-9.09472531167179,38.7644826913789],[-9.09472524429814,38.7644826850749],[-9.09472514548346,38.7644826836741],[-9.09472157288357,38.7644825638988],[-9.09471821318443,38.7644824525289],[-9.0947182419305,38.764482158344],[-9.09472632317479,38.7644007300455],[-9.09472884294918,38.7643753341586],[-9.09472904237517,38.7643753397622],[-9.09473041949249,38.764375371282],[-9.0947319942392,38.764375407705],[-9.09473348364592,38.7643754413261],[-9.09473367498707,38.7643754476301],[-9.09475271208459,38.7643758819035],[-9.09477142399197,38.7643763077717],[-9.0947812776123,38.7643765326133],[-9.09478130815503,38.7643761711857],[-9.09486735238621,38.763355870642],[-9.09486753294756,38.7633537433721],[-9.09488787978875,38.7631124508743],[-9.09472100874156,38.762963991712],[-9.09461765936476,38.7628720443376],[-9.09432779458214,38.7628575287903],[-9.09432759066457,38.762857517583],[-9.09432414921872,38.7628976649053],[-9.09431995228972,38.7629466078199],[-9.09431991995039,38.7629469741579],[-9.09420260356752,38.7629415561377],[-9.09420240324323,38.7629415470318],[-9.09420162170892,38.7629497213427],[-9.09420153097908,38.7629506732611],[-9.0942014959448,38.7629510381981],[-9.09420133424802,38.762951031894],[-9.09412894710411,38.7629476704102],[-9.09412879079728,38.7629476627052],[-9.09409638766664,38.7629461581277],[-9.09409716201441,38.7629360498597],[-9.09409717099758,38.7629359468927],[-9.09403614215214,38.7629328795994],[-9.09397765284396,38.7629299404893],[-9.09398078526937,38.7628914826842],[-9.09398081850703,38.76289107642],[-9.09398484295949,38.7628416319407],[-9.09398466149981,38.7628416221343],[-9.09375093872752,38.7628284073281],[-9.09375077613245,38.7628283975217],[-9.09375053628226,38.7628283849134],[-9.09375053718059,38.7628284430513],[-9.09375073480995,38.7628452554],[-9.0937511201872,38.7628779211617],[-9.0937511210855,38.7628779722949],[-9.09375371542005,38.7630972538346],[-9.09375470805844,38.7631812024489],[-9.0937547116517,38.7631814623169],[-9.09415244164206,38.7631801069408],[-9.09415346751811,38.7634472528301],[-9.09415346841644,38.7634473088661],[-9.09415346931474,38.7634476639944],[-9.09408708381524,38.7634484562035],[-9.09407596985855,38.763448589289],[-9.09405397550715,38.7634488512574],[-9.09405373386033,38.7634488547597],[-9.09405632729655,38.7635871564065],[-9.09410577865463,38.7635873777483],[-9.09412839553852,38.7635874793133],[-9.09415546357466,38.7635876011915],[-9.09415546357466,38.7635877482857],[-9.09415583727382,38.7637522204758],[-9.09415606634425,38.7638532234856],[-9.09415606724255,38.763853577211],[-9.09381609712832,38.7638580978904],[-9.09381515749053,38.7637770177023],[-9.09381515389727,38.7637767382239],[-9.09374329765771,38.7637776095799],[-9.09363942276644,38.7637788675826],[-9.09363917393311,38.7637788710848],[-9.09363894486272,38.7637788738866],[-9.09363799714008,38.7638262030687],[-9.09363737460759,38.7638572664609],[-9.09363736742108,38.7638576236884],[-9.09363705121411,38.7638576243889],[-9.0932964891101,38.7638577917955],[-9.09329631663359,38.7638577917955],[-9.09329614146209,38.7638033517001],[-9.09329578932249,38.7636941610865],[-9.09329544257281,38.7636941596856],[-9.09313820505873,38.7636936567641],[-9.09313819607559,38.7636934179114],[-9.09313801192095,38.7636881624518],[-9.09313797598833,38.7636871503047],[-9.09313402250278,38.7635748151981],[-9.09313318347629,38.7635715679169],[-9.09313315203526,38.7635714488406],[-9.09313135360807,38.7635644814745],[-9.09313130420073,38.7635642895515],[-9.09312982287881,38.7635623773256],[-9.0931256376279,38.7635569691585],[-9.09312099603283,38.7635554344745],[-9.09311547858036,38.763553610505],[-9.09262469480466,38.7635576478936],[-9.09262452232812,38.7635576492945],[-9.09262436152971,38.7635576506954],[-9.09254221688516,38.7635583259283],[-9.09254201386592,38.7635583280297],[-9.09251500601691,38.7638531667495],[-9.09251292911196,38.7638649594605],[-9.09251118907525,38.7638748441546],[-9.09250715294469,38.763884883646],[-9.09250538685683,38.7638892775428],[-9.0925053437377,38.7638893854115],[-9.09249611534478,38.7639012978926],[-9.0924920549597,38.7639043105095],[-9.09247953963118,38.763913594216],[-9.09246770432728,38.763919910834],[-9.09246625534473,38.7639206848263],[-9.09246615114017,38.763920739461],[-9.09245958625208,38.7639233640304],[-9.09245949642054,38.7639233997531],[-9.0924508716955,38.7639268466453],[-9.09244419631464,38.7639282797567],[-9.09243646361666,38.763929937711],[-9.09242084191387,38.7639318317155],[-9.09239734557929,38.763932741594],[-9.09239547438857,38.7639328144404],[-9.0923756162309,38.7639310773357],[-9.09235835779766,38.7639276164348],[-9.09234046425551,38.7639214581182],[-9.09232304412553,38.7639110621051],[-9.09231366301901,38.7639021587404],[-9.09230633546125,38.7638928056883],[-9.09229949029877,38.7638808455755],[-9.09229604346304,38.7638715506576],[-9.09229556286436,38.7638702576343],[-9.0922952601321,38.7638684756996],[-9.09229257866096,38.7638527527858],[-9.09229186629697,38.7638356261741],[-9.0922934033144,38.7638127516938],[-9.09230095095941,38.7637003614496],[-9.09230097790889,38.7636999762034],[-9.09218883402544,38.7637144719668],[-9.09218876216021,38.7637144838744],[-9.0921886615489,38.7637145006851],[-9.09218848637743,38.7637145195972],[-9.09216187019386,38.7637179608959],[-9.09213427574499,38.7637215289754],[-9.09213406284425,38.7637215555924],[-9.09212635350249,38.7637225523292],[-9.0920996816234,38.763725939693],[-9.09209901866671,38.7637260237467],[-9.09187192007129,38.7637548646638],[-9.09185341926803,38.763671998216],[-9.09177602132145,38.7633253064534],[-9.09177632674866,38.7633252679286],[-9.09190184744499,38.7633093172483],[-9.0920395268387,38.7632918206677],[-9.09209441300426,38.7632844967444],[-9.09224499939197,38.7632644021813],[-9.09224526080169,38.7632643671588],[-9.0922454135153,38.7632643482466],[-9.09224556263564,38.7632643286339],[-9.09234141377478,38.7632515334768],[-9.09234142635117,38.7632513856814],[-9.09234144072422,38.7632512042643],[-9.09234590085961,38.763196034535],[-9.09240209856546,38.7625009306758],[-9.09240155688135,38.7625009089615],[-9.09220506298937,38.7624933629114],[-9.09220508095568,38.7624931611791],[-9.09221725133116,38.7623534179648],[-9.09223138632215,38.7621911069796],[-9.09223158934139,38.7621911174865],[-9.09242241396562,38.7622011922379],[-9.09242245169487,38.7622008251956],[-9.09249806199399,38.7614641128639],[-9.09257775693276,38.7609091804507],[-9.09257777130581,38.7609090753794],[-9.09250396033217,38.7609023746345],[-9.0924529171594,38.7608977423922],[-9.09245293063415,38.7608976688423],[-9.0924691856492,38.7608084674735],[-9.09246864127016,38.7608083350836],[-9.09246811216243,38.760808206196],[-9.09246497704209,38.7608074426771],[-9.0924579297587,38.7608057272111],[-9.09244262605951,38.7608020020792],[-9.0924544739398,38.7607383280698],[-9.0924546392298,38.7607383490841],[-9.09246262255774,38.7607393577706],[-9.09246273933873,38.7607393724807],[-9.09247928001805,38.7607414627033],[-9.09247957376713,38.7607414998285],[-9.09247965820879,38.7607411229721],[-9.09248854254695,38.7607009835427],[-9.09249955589233,38.7606512307367],[-9.09249970680928,38.7606512510506],[-9.09252263181534,38.7606542455922],[-9.09262506311394,38.7606676282152],[-9.09262511880949,38.7606673655362],[-9.09262514306398,38.7606672506579],[-9.09264762250565,38.7605602358349],[-9.09273657099015,38.7601367932207],[-9.09314372969775,38.7585975780495],[-9.091344801239,38.7582909744204],[-9.09127971560173,38.7583085191608],[-9.09114018927179,38.7583461304295],[-9.09114004194809,38.7583461710585],[-9.09096770105915,38.7589683288407],[-9.09093166064993,38.7590264228969],[-9.09091102994112,38.7590596767194],[-9.09091080715894,38.7590600346715],[-9.09091056820708,38.7590599982458],[-9.09076550735669,38.7590372700389],[-9.09066378932041,38.759021333811],[-9.09066360786073,38.7590213043902],[-9.09066376596422,38.7590118274116],[-9.09066547905145,38.7589084666887],[-9.09125685886761,38.756769201511],[-9.09129034267153,38.7567066209121],[-9.09129045765589,38.7567064065541],[-9.09129295407405,38.7567017432167],[-9.09129302234603,38.7567016983836],[-9.09130159946035,38.7566961537963],[-9.09130215821245,38.7566957923298],[-9.09131378061559,38.7566882764885],[-9.09140550848758,38.7567041088604],[-9.0915536568476,38.7567296784033],[-9.09155499533737,38.7567733688789],[-9.09155688539273,38.7568351059991],[-9.09122317473942,38.7580446197795],[-9.09122462731522,38.7580510111704],[-9.09122569810706,38.7580532275623],[-9.09122747317806,38.7580569080056],[-9.09138248287021,38.7581615518805],[-9.09150729838905,38.7581829143878],[-9.09150740888183,38.7581825368174],[-9.09151103987223,38.7581701085126],[-9.0915209833241,38.7581360718144],[-9.09152023323082,38.7581342294934],[-9.09151880580784,38.7581307248801],[-9.09151863961951,38.7581303150863],[-9.09150386323142,38.7580940780902],[-9.09150379495944,38.75809391067],[-9.09159596839582,38.7577571270842],[-9.09159615255046,38.7577569554602],[-9.09161240127729,38.7577418413407],[-9.09163339760045,38.757722311226],[-9.09170044425998,38.7576947820212],[-9.09218379537502,38.7577764274234],[-9.09254531697121,38.757837493993],[-9.09259221711387,38.7578853167686],[-9.09251291923049,38.7582657339719],[-9.09251288689113,38.7582658901836],[-9.09250903940679,38.7582697205231],[-9.0924985030668,38.7582802119256],[-9.09249845186284,38.7582802623616],[-9.09249840065887,38.7582803134982],[-9.0924980610957,38.7582806504392],[-9.09248294244945,38.7582956971965],[-9.09247940129062,38.7582992214156],[-9.09247922522082,38.7582993965407],[-9.09247276004571,38.758319582166],[-9.09247147096328,38.7583236100437],[-9.09247014145667,38.7583277598083],[-9.09246512436579,38.7583434250975],[-9.09246561574427,38.7583435077565],[-9.09286497797348,38.7584105575088],[-9.09318517706662,38.7584643138283],[-9.09318528127119,38.7584639348583],[-9.09342529404712,38.7575876107307],[-9.09342514402847,38.7575875869134],[-9.09328614860287,38.757565253324],[-9.09328616567085,38.7575651888773],[-9.09335935860359,38.7573017154599],[-9.09335948796097,38.7573017364752],[-9.09346382817954,38.7573192212149],[-9.09346426835405,38.757319295469],[-9.09350062676684,38.7573253871064],[-9.09350073097144,38.7573250074298],[-9.09387785271085,38.7559522911342],[-9.09416815497302,38.7548955558683],[-9.09416780283343,38.7548954942213],[-9.09410401795665,38.7548843557281],[-9.09403078100649,38.7548715653733],[-9.09403047557931,38.7548715128332],[-9.09405131110402,38.7547834058742],[-9.09409324356317,38.7546060861825],[-9.09409009496808,38.7545948894996],[-9.09408678377794,38.7545831176739],[-9.09407757424967,38.7545503738584],[-9.09407752753725,38.7545502050289],[-9.09407747453665,38.7545500172849],[-9.0939469277663,38.7540858508388],[-9.09394527756113,38.7540799788951],[-9.09394519850938,38.7540797028815],[-9.09382505692497,38.7540582207544],[-9.09382467064939,38.7540581521012],[-9.09375940804403,38.7540464824663],[-9.09375924275399,38.754046452343],[-9.09373336049402,38.7540592813755],[-9.09372364521425,38.7540640955021],[-9.09367754906375,38.7540072997158],[-9.09361985476464,38.7539362113969],[-9.09362023744693,38.7539360222502],[-9.09371388681531,38.7538894388928],[-9.09375049046817,38.7538712310519],[-9.09378436593755,38.7538543808613],[-9.09380948373119,38.7538315241979],[-9.093862034277,38.7537837064122],[-9.09386196870001,38.7537836237478],[-9.09386185191902,38.7537834794356],[-9.09382029765058,38.7537318989877],[-9.09377846849771,38.7536799752349],[-9.09374302456986,38.753635976727],[-9.09374339737069,38.7536357903816],[-9.09380099734671,38.7536069054438],[-9.0938095537998,38.7536026145948],[-9.09405049812868,38.7534817897857],[-9.09405153658113,38.7534812692785],[-9.09442906435907,38.753291949437],[-9.09442915149565,38.7532919081045],[-9.09442923324235,38.7532918681732],[-9.09442938685426,38.7532917911127],[-9.0944484374265,38.7532822356122],[-9.09444849402035,38.7532822068897],[-9.09446321920451,38.7532748230929],[-9.09447184842113,38.753276329976],[-9.09461398256031,38.7533011448537],[-9.09461408586658,38.7533007644551],[-9.09461732788643,38.7532888523061],[-9.09461995456031,38.7532792001293],[-9.0946248908028,38.7532610670916],[-9.09462491415902,38.7532609872289],[-9.09463077746288,38.7532394369019],[-9.09463081968367,38.7532392841819]]]}}]}